02.01.2022,13:30,43
02.01.2022,13:45,43
02.01.2022,14:00,43
02.01.2022,14:15,42
02.01.2022,14:30,42
02.01.2022,14:45,42
02.01.2022,15:00,42
02.01.2022,15:15,42
02.01.2022,15:30,42
02.01.2022,15:45,42
02.01.2022,16:00,42
02.01.2022,16:15,42
02.01.2022,16:30,42
02.01.2022,16:45,42
02.01.2022,17:00,42
02.01.2022,17:15,42
02.01.2022,17:30,42
02.01.2022,17:45,42
02.01.2022,18:00,42
02.01.2022,18:15,42
02.01.2022,18:30,42
02.01.2022,18:45,42
02.01.2022,19:00,42
02.01.2022,19:15,42
02.01.2022,19:30,42
02.01.2022,19:45,42
02.01.2022,20:00,42
02.01.2022,20:15,42
02.01.2022,20:30,42
02.01.2022,20:45,42
02.01.2022,21:00,42
02.01.2022,21:15,42
02.01.2022,21:30,42
02.01.2022,21:45,42
02.01.2022,22:00,42
02.01.2022,22:15,42
02.01.2022,22:30,42
02.01.2022,22:45,44
02.01.2022,23:00,43
02.01.2022,23:15,44
02.01.2022,23:30,46
02.01.2022,23:45,46
03.01.2022,00:00,47
03.01.2022,00:15,48
03.01.2022,00:30,50
03.01.2022,00:45,51
03.01.2022,01:00,52
03.01.2022,01:15,52
03.01.2022,01:30,53
03.01.2022,01:45,53
03.01.2022,02:00,53
03.01.2022,02:15,53
03.01.2022,02:30,53
03.01.2022,02:45,53
03.01.2022,03:00,53
03.01.2022,03:15,52
03.01.2022,03:30,52
03.01.2022,03:45,52
03.01.2022,04:00,52
03.01.2022,04:15,52
03.01.2022,04:30,52
03.01.2022,04:45,52
03.01.2022,05:00,52
03.01.2022,05:15,51
03.01.2022,05:30,51
03.01.2022,05:45,51
03.01.2022,06:00,51
03.01.2022,06:15,51
03.01.2022,06:30,51
03.01.2022,06:45,50
03.01.2022,07:00,50
03.01.2022,07:15,50
03.01.2022,07:30,50
03.01.2022,07:45,50
03.01.2022,08:00,50
03.01.2022,08:15,50
03.01.2022,08:30,50
03.01.2022,08:45,50
03.01.2022,09:00,50
03.01.2022,09:15,49
03.01.2022,09:30,49
03.01.2022,09:45,49
03.01.2022,10:00,49
03.01.2022,10:15,49
03.01.2022,10:30,49
03.01.2022,10:45,49
03.01.2022,11:00,49
03.01.2022,11:15,50
03.01.2022,11:30,49
03.01.2022,11:45,49
03.01.2022,12:00,50
03.01.2022,12:15,50
03.01.2022,12:30,50
03.01.2022,12:45,50
03.01.2022,13:00,50
03.01.2022,13:15,50
03.01.2022,13:30,51
03.01.2022,13:45,51
03.01.2022,14:00,51
03.01.2022,14:15,51
03.01.2022,14:30,52
03.01.2022,14:45,52
03.01.2022,15:00,52
03.01.2022,15:15,52
03.01.2022,15:30,52
03.01.2022,15:45,52
03.01.2022,16:00,52
03.01.2022,16:15,53
03.01.2022,16:30,53
03.01.2022,16:45,53
03.01.2022,17:00,53
03.01.2022,17:15,54
03.01.2022,17:30,54
03.01.2022,17:45,54
03.01.2022,18:00,55
03.01.2022,18:15,55
03.01.2022,18:30,56
03.01.2022,18:45,56
03.01.2022,19:00,57
03.01.2022,19:15,57
03.01.2022,19:30,58
03.01.2022,19:45,58
03.01.2022,20:00,59
03.01.2022,20:15,60
03.01.2022,20:30,60
03.01.2022,20:45,61
03.01.2022,21:00,61
03.01.2022,21:15,62
03.01.2022,21:30,62
03.01.2022,21:45,62
03.01.2022,22:00,63
03.01.2022,22:15,63
03.01.2022,22:30,64
03.01.2022,22:45,64
03.01.2022,23:00,65
03.01.2022,23:15,65
03.01.2022,23:30,65
03.01.2022,23:45,65
04.01.2022,00:00,65
04.01.2022,00:15,66
04.01.2022,00:30,66
04.01.2022,00:45,66
04.01.2022,01:00,66
04.01.2022,01:15,66
04.01.2022,01:30,66
04.01.2022,01:45,66
04.01.2022,02:00,66
04.01.2022,02:15,66
04.01.2022,02:30,66
04.01.2022,02:45,66
04.01.2022,03:00,66
04.01.2022,03:15,66
04.01.2022,03:30,66
04.01.2022,03:45,66
04.01.2022,04:00,66
04.01.2022,04:15,66
04.01.2022,04:30,67
04.01.2022,04:45,67
04.01.2022,05:00,67
04.01.2022,05:15,68
04.01.2022,05:30,68
04.01.2022,05:45,68
04.01.2022,06:00,69
04.01.2022,06:15,69
04.01.2022,06:30,70
04.01.2022,06:45,70
04.01.2022,07:00,71
04.01.2022,07:15,72
04.01.2022,07:30,72
04.01.2022,07:45,72
04.01.2022,08:00,73
04.01.2022,08:15,73
04.01.2022,08:30,74
04.01.2022,08:45,75
04.01.2022,09:00,75
04.01.2022,09:15,76
04.01.2022,09:30,76
04.01.2022,09:45,77
04.01.2022,10:00,77
04.01.2022,10:15,77
04.01.2022,10:30,77
04.01.2022,10:45,77
04.01.2022,11:00,77
04.01.2022,11:15,77
04.01.2022,11:30,76
04.01.2022,11:45,76
04.01.2022,12:00,77
04.01.2022,12:15,77
04.01.2022,12:30,77
04.01.2022,12:45,77
04.01.2022,13:00,77
04.01.2022,13:15,77
04.01.2022,13:30,77
04.01.2022,13:45,77
04.01.2022,14:00,77
04.01.2022,14:15,77
04.01.2022,14:30,77
04.01.2022,14:45,77
04.01.2022,15:00,77
04.01.2022,15:15,77
04.01.2022,15:30,77
04.01.2022,15:45,78
04.01.2022,16:00,77
04.01.2022,16:15,78
04.01.2022,16:30,78
04.01.2022,16:45,78
04.01.2022,17:00,77
04.01.2022,17:15,77
04.01.2022,17:30,77
04.01.2022,17:45,77
04.01.2022,18:00,77
04.01.2022,18:15,77
04.01.2022,18:30,77
04.01.2022,18:45,77
04.01.2022,19:00,77
04.01.2022,19:15,76
04.01.2022,19:30,76
04.01.2022,19:45,76
04.01.2022,20:00,76
04.01.2022,20:15,76
04.01.2022,20:30,76
04.01.2022,20:45,75
04.01.2022,21:00,75
04.01.2022,21:15,75
04.01.2022,21:30,75
04.01.2022,21:45,75
04.01.2022,22:00,75
04.01.2022,22:15,75
04.01.2022,22:30,75
04.01.2022,22:45,75
04.01.2022,23:00,74
04.01.2022,23:15,74
04.01.2022,23:30,75
04.01.2022,23:45,74
05.01.2022,00:00,74
05.01.2022,00:15,74
05.01.2022,00:30,74
05.01.2022,00:45,74
05.01.2022,01:00,74
05.01.2022,01:15,73
05.01.2022,01:30,73
05.01.2022,01:45,73
05.01.2022,02:00,73
05.01.2022,02:15,73
05.01.2022,02:30,73
05.01.2022,02:45,72
05.01.2022,03:00,72
05.01.2022,03:15,72
05.01.2022,03:30,72
05.01.2022,03:45,72
05.01.2022,04:00,71
05.01.2022,04:15,71
05.01.2022,04:30,71
05.01.2022,04:45,71
05.01.2022,05:00,70
05.01.2022,05:15,70
05.01.2022,05:30,70
05.01.2022,05:45,69
05.01.2022,06:00,69
05.01.2022,06:15,69
05.01.2022,06:30,69
05.01.2022,06:45,68
05.01.2022,07:00,68
05.01.2022,07:15,68
05.01.2022,07:30,68
05.01.2022,07:45,67
05.01.2022,08:00,67
05.01.2022,08:15,67
05.01.2022,08:30,67
05.01.2022,08:45,66
05.01.2022,09:00,66
05.01.2022,09:15,66
05.01.2022,09:30,66
05.01.2022,09:45,66
05.01.2022,10:00,65
05.01.2022,10:15,65
05.01.2022,10:30,65
05.01.2022,10:45,65
05.01.2022,12:15,65
05.01.2022,12:30,65
05.01.2022,12:45,65
05.01.2022,13:00,64
05.01.2022,13:15,64
05.01.2022,13:30,64
05.01.2022,13:45,64
05.01.2022,14:00,63
05.01.2022,14:15,63
05.01.2022,14:30,63
05.01.2022,14:45,63
05.01.2022,15:00,63
05.01.2022,15:15,63
05.01.2022,15:30,62
05.01.2022,15:45,62
05.01.2022,16:00,62
05.01.2022,16:15,62
05.01.2022,16:30,62
05.01.2022,16:45,61
05.01.2022,17:00,61
05.01.2022,17:15,61
05.01.2022,17:30,61
05.01.2022,17:45,61
05.01.2022,18:00,61
05.01.2022,18:15,60
05.01.2022,18:30,60
05.01.2022,18:45,60
05.01.2022,19:00,60
05.01.2022,19:15,60
05.01.2022,19:30,60
05.01.2022,19:45,59
05.01.2022,20:00,59
05.01.2022,20:15,59
05.01.2022,20:30,59
05.01.2022,20:45,59
05.01.2022,21:00,59
05.01.2022,21:15,59
05.01.2022,21:30,58
05.01.2022,21:45,58
05.01.2022,22:00,58
05.01.2022,22:15,58
05.01.2022,22:30,58
05.01.2022,22:45,58
05.01.2022,23:00,58
05.01.2022,23:15,58
05.01.2022,23:30,58
05.01.2022,23:45,57
06.01.2022,00:00,57
06.01.2022,00:15,57
06.01.2022,00:30,57
06.01.2022,00:45,57
06.01.2022,01:00,57
06.01.2022,01:15,57
06.01.2022,01:30,57
06.01.2022,01:45,57
06.01.2022,02:00,57
06.01.2022,02:15,57
06.01.2022,02:30,57
06.01.2022,02:45,56
06.01.2022,03:00,56
06.01.2022,03:15,56
06.01.2022,03:30,56
06.01.2022,03:45,56
06.01.2022,04:00,56
06.01.2022,04:15,56
06.01.2022,04:30,56
06.01.2022,04:45,56
06.01.2022,05:00,56
06.01.2022,05:15,55
06.01.2022,05:30,55
06.01.2022,05:45,55
06.01.2022,06:00,55
06.01.2022,06:15,55
06.01.2022,06:30,55
06.01.2022,06:45,55
06.01.2022,07:00,54
06.01.2022,07:15,54
06.01.2022,07:30,54
06.01.2022,07:45,54
06.01.2022,08:00,54
06.01.2022,08:15,54
06.01.2022,08:30,54
06.01.2022,08:45,54
06.01.2022,09:00,53
06.01.2022,09:15,53
06.01.2022,09:30,53
06.01.2022,09:45,53
06.01.2022,10:00,53
06.01.2022,10:15,53
06.01.2022,10:30,53
06.01.2022,10:45,53
06.01.2022,11:00,53
06.01.2022,11:15,52
06.01.2022,11:30,52
06.01.2022,11:45,52
06.01.2022,12:00,52
06.01.2022,12:15,52
06.01.2022,12:30,52
06.01.2022,12:45,52
06.01.2022,13:00,52
06.01.2022,13:15,52
06.01.2022,13:30,52
06.01.2022,13:45,52
06.01.2022,14:00,52
06.01.2022,14:15,52
06.01.2022,14:30,51
06.01.2022,14:45,51
06.01.2022,15:00,51
06.01.2022,15:15,51
06.01.2022,15:30,51
06.01.2022,15:45,51
06.01.2022,16:00,51
06.01.2022,16:15,51
06.01.2022,16:30,51
06.01.2022,16:45,51
06.01.2022,17:00,51
06.01.2022,17:15,51
06.01.2022,17:30,51
06.01.2022,17:45,50
06.01.2022,18:00,50
06.01.2022,18:15,50
06.01.2022,18:30,50
06.01.2022,18:45,50
06.01.2022,19:00,50
06.01.2022,19:15,50
06.01.2022,19:30,50
06.01.2022,19:45,50
06.01.2022,20:00,50
06.01.2022,20:15,50
06.01.2022,20:30,50
06.01.2022,20:45,50
06.01.2022,21:00,49
06.01.2022,21:15,49
06.01.2022,21:30,49
06.01.2022,21:45,49
06.01.2022,22:00,49
06.01.2022,22:15,49
06.01.2022,22:30,49
06.01.2022,22:45,49
06.01.2022,23:00,49
06.01.2022,23:15,49
06.01.2022,23:30,49
06.01.2022,23:45,49
07.01.2022,00:00,49
07.01.2022,00:15,49
07.01.2022,00:30,49
07.01.2022,00:45,49
07.01.2022,01:00,49
07.01.2022,01:15,49
07.01.2022,01:30,48
07.01.2022,01:45,48
07.01.2022,02:00,48
07.01.2022,02:15,48
07.01.2022,02:30,48
07.01.2022,02:45,48
07.01.2022,03:00,48
07.01.2022,03:15,48
07.01.2022,03:30,48
07.01.2022,03:45,48
07.01.2022,04:00,48
07.01.2022,04:15,48
07.01.2022,04:30,48
07.01.2022,04:45,48
07.01.2022,05:00,48
07.01.2022,05:15,48
07.01.2022,05:30,48
07.01.2022,05:45,48
07.01.2022,06:00,48
07.01.2022,06:15,48
07.01.2022,06:30,47
07.01.2022,06:45,47
07.01.2022,07:00,47
07.01.2022,07:15,47
07.01.2022,07:30,47
07.01.2022,07:45,47
07.01.2022,08:00,47
07.01.2022,08:15,47
07.01.2022,08:30,47
07.01.2022,08:45,47
07.01.2022,09:00,47
07.01.2022,09:15,47
07.01.2022,09:30,47
07.01.2022,09:45,47
07.01.2022,10:00,47
07.01.2022,10:15,47
07.01.2022,10:30,47
07.01.2022,10:45,47
07.01.2022,11:00,47
07.01.2022,11:15,47
07.01.2022,11:30,47
07.01.2022,11:45,47
07.01.2022,12:00,47
07.01.2022,12:15,46
07.01.2022,12:30,46
07.01.2022,12:45,46
07.01.2022,13:00,46
07.01.2022,13:15,46
07.01.2022,13:30,46
07.01.2022,13:45,46
07.01.2022,14:00,46
07.01.2022,14:15,46
07.01.2022,14:30,46
07.01.2022,14:45,46
07.01.2022,15:00,46
07.01.2022,15:15,46
07.01.2022,15:30,46
07.01.2022,15:45,46
07.01.2022,16:00,46
07.01.2022,16:15,46
07.01.2022,16:30,46
07.01.2022,16:45,46
24.01.2022,07:15,38
24.01.2022,07:30,38
24.01.2022,07:45,38
24.01.2022,08:00,38
24.01.2022,08:15,38
24.01.2022,08:30,38
24.01.2022,08:45,38
24.01.2022,09:00,38
24.01.2022,09:15,38
24.01.2022,09:30,38
24.01.2022,09:45,38
24.01.2022,10:00,38
24.01.2022,10:15,38
24.01.2022,10:30,38
24.01.2022,10:45,38
24.01.2022,11:00,38
24.01.2022,11:15,38
24.01.2022,11:30,38
24.01.2022,11:45,38
24.01.2022,12:00,38
24.01.2022,12:15,38
24.01.2022,12:30,38
24.01.2022,12:45,38
24.01.2022,13:00,38
24.01.2022,13:15,38
24.01.2022,13:30,38
24.01.2022,13:45,38
24.01.2022,14:00,38
24.01.2022,14:15,38
24.01.2022,14:30,38
24.01.2022,14:45,38
24.01.2022,15:00,38
24.01.2022,15:15,38
24.01.2022,15:30,38
24.01.2022,15:45,38
24.01.2022,16:00,38
24.01.2022,16:15,38
24.01.2022,16:30,38
24.01.2022,16:45,38
24.01.2022,17:00,38
24.01.2022,17:15,38
24.01.2022,17:30,38
24.01.2022,17:45,38
24.01.2022,18:00,38
24.01.2022,18:15,37
24.01.2022,18:30,37
24.01.2022,18:45,37
24.01.2022,19:00,37
24.01.2022,19:15,37
24.01.2022,19:30,37
24.01.2022,19:45,37
24.01.2022,20:00,37
24.01.2022,20:15,37
24.01.2022,20:30,37
24.01.2022,20:45,37
24.01.2022,21:00,37
24.01.2022,21:15,37
24.01.2022,21:30,37
24.01.2022,21:45,37
24.01.2022,22:00,37
24.01.2022,22:15,37
24.01.2022,22:30,37
24.01.2022,22:45,37
24.01.2022,23:00,37
24.01.2022,23:15,37
24.01.2022,23:30,37
24.01.2022,23:45,37
25.01.2022,00:00,37
25.01.2022,00:15,37
25.01.2022,00:30,37
25.01.2022,00:45,37
25.01.2022,01:00,37
25.01.2022,01:15,37
25.01.2022,01:30,37
25.01.2022,01:45,37
25.01.2022,02:00,37
25.01.2022,02:15,37
25.01.2022,02:30,37
25.01.2022,02:45,37
25.01.2022,03:00,37
25.01.2022,03:15,37
25.01.2022,03:30,37
25.01.2022,03:45,37
25.01.2022,04:00,37
25.01.2022,04:15,37
25.01.2022,04:30,37
25.01.2022,04:45,37
25.01.2022,05:00,37
25.01.2022,05:15,37
25.01.2022,05:30,37
25.01.2022,05:45,37
25.01.2022,06:00,37
25.01.2022,06:15,37
25.01.2022,06:30,37
25.01.2022,06:45,37
25.01.2022,07:00,37
25.01.2022,07:15,37
25.01.2022,07:30,36
25.01.2022,07:45,37
25.01.2022,08:00,36
25.01.2022,08:15,36
25.01.2022,08:30,36
25.01.2022,08:45,36
25.01.2022,09:00,36
25.01.2022,09:15,36
25.01.2022,09:30,36
25.01.2022,09:45,36
25.01.2022,10:00,36
25.01.2022,10:15,36
25.01.2022,10:45,36
25.01.2022,11:30,36
25.01.2022,11:45,36
25.01.2022,12:30,36
25.01.2022,13:15,36
25.01.2022,13:30,36
25.01.2022,13:45,36
25.01.2022,14:00,36
25.01.2022,14:30,36
25.01.2022,14:45,36
25.01.2022,15:00,36
25.01.2022,15:15,36
25.01.2022,15:30,36
25.01.2022,15:45,36
25.01.2022,16:00,36
25.01.2022,16:15,36
25.01.2022,16:30,36
25.01.2022,16:45,36
25.01.2022,17:00,36
25.01.2022,17:15,36
25.01.2022,17:30,36
25.01.2022,17:45,36
25.01.2022,18:00,36
25.01.2022,18:15,36
25.01.2022,18:30,36
25.01.2022,18:45,36
25.01.2022,19:00,36
25.01.2022,19:15,36
25.01.2022,19:30,36
25.01.2022,19:45,36
25.01.2022,20:00,36
25.01.2022,20:15,36
25.01.2022,20:30,36
25.01.2022,20:45,36
25.01.2022,21:00,36
25.01.2022,21:15,36
25.01.2022,21:30,36
25.01.2022,21:45,36
25.01.2022,22:00,36
25.01.2022,22:15,36
25.01.2022,22:30,36
25.01.2022,22:45,36
25.01.2022,23:00,36
25.01.2022,23:15,36
25.01.2022,23:30,36
25.01.2022,23:45,36
26.01.2022,00:00,36
26.01.2022,00:15,36
26.01.2022,00:30,36
26.01.2022,00:45,36
26.01.2022,01:00,36
26.01.2022,01:15,35
26.01.2022,01:30,36
26.01.2022,01:45,35
26.01.2022,02:00,35
26.01.2022,02:15,35
26.01.2022,02:30,35
26.01.2022,02:45,35
26.01.2022,03:00,35
26.01.2022,03:15,35
26.01.2022,03:30,35
26.01.2022,03:45,35
26.01.2022,04:00,35
26.01.2022,04:15,35
26.01.2022,04:30,35
26.01.2022,04:45,35
26.01.2022,05:00,35
26.01.2022,05:15,35
26.01.2022,05:30,35
26.01.2022,05:45,35
26.01.2022,06:00,35
26.01.2022,06:15,35
26.01.2022,06:30,35
26.01.2022,06:45,35
26.01.2022,07:00,35
26.01.2022,07:15,35
26.01.2022,07:30,35
26.01.2022,07:45,35
26.01.2022,08:00,35
26.01.2022,08:15,35
26.01.2022,08:30,35
26.01.2022,08:45,35
26.01.2022,09:00,35
29.01.2022,16:30,36
29.01.2022,16:45,36
29.01.2022,17:00,36
29.01.2022,17:15,36
29.01.2022,17:30,36
29.01.2022,17:45,36
29.01.2022,18:00,37
29.01.2022,18:15,37
29.01.2022,18:30,37
29.01.2022,18:45,37
29.01.2022,19:00,37
29.01.2022,19:15,37
29.01.2022,19:30,37
29.01.2022,19:45,37
29.01.2022,20:00,37
29.01.2022,20:15,38
29.01.2022,20:30,38
29.01.2022,20:45,38
29.01.2022,21:00,38
29.01.2022,21:15,38
29.01.2022,21:30,38
29.01.2022,21:45,38
29.01.2022,22:00,38
29.01.2022,22:15,38
29.01.2022,22:30,39
29.01.2022,22:45,39
29.01.2022,23:00,39
29.01.2022,23:15,39
29.01.2022,23:30,39
29.01.2022,23:45,40
30.01.2022,00:00,40
30.01.2022,00:15,40
30.01.2022,00:30,40
30.01.2022,00:45,40
30.01.2022,01:00,40
30.01.2022,01:15,41
30.01.2022,01:30,41
30.01.2022,01:45,41
30.01.2022,02:00,41
30.01.2022,02:15,42
30.01.2022,02:30,42
30.01.2022,02:45,42
30.01.2022,03:00,42
30.01.2022,03:15,42
30.01.2022,03:30,42
30.01.2022,03:45,42
30.01.2022,04:00,42
30.01.2022,04:15,42
30.01.2022,04:30,42
30.01.2022,04:45,42
30.01.2022,05:00,42
30.01.2022,05:15,42
30.01.2022,05:30,42
30.01.2022,05:45,42
30.01.2022,06:00,42
30.01.2022,06:15,42
30.01.2022,06:30,42
30.01.2022,06:45,41
30.01.2022,07:00,41
30.01.2022,07:15,41
30.01.2022,07:30,41
30.01.2022,07:45,41
30.01.2022,08:00,41
30.01.2022,08:15,41
30.01.2022,08:30,41
30.01.2022,08:45,41
30.01.2022,09:00,41
30.01.2022,09:15,41
30.01.2022,09:30,41
30.01.2022,09:45,41
30.01.2022,10:00,40
30.01.2022,10:15,40
30.01.2022,10:30,40
30.01.2022,10:45,40
30.01.2022,11:00,40
30.01.2022,11:15,40
30.01.2022,11:30,40
30.01.2022,11:45,40
30.01.2022,12:00,40
30.01.2022,12:15,40
30.01.2022,12:30,40
30.01.2022,12:45,40
30.01.2022,13:00,40
30.01.2022,13:15,40
30.01.2022,13:30,40
30.01.2022,13:45,40
30.01.2022,14:00,40
30.01.2022,14:15,40
30.01.2022,14:30,40
30.01.2022,14:45,40
30.01.2022,15:00,40
30.01.2022,15:15,40
30.01.2022,15:30,40
30.01.2022,15:45,40
30.01.2022,16:00,40
30.01.2022,16:15,40
30.01.2022,16:30,39
30.01.2022,16:45,39
30.01.2022,17:00,39
30.01.2022,17:15,39
30.01.2022,17:30,39
30.01.2022,17:45,39
30.01.2022,18:00,39
30.01.2022,18:15,39
30.01.2022,18:30,39
30.01.2022,18:45,39
30.01.2022,19:00,39
30.01.2022,19:15,39
30.01.2022,19:30,39
30.01.2022,19:45,39
30.01.2022,20:00,39
30.01.2022,20:15,39
30.01.2022,20:30,39
30.01.2022,20:45,39
30.01.2022,21:00,39
30.01.2022,21:15,39
30.01.2022,21:30,39
30.01.2022,21:45,39
30.01.2022,22:00,39
30.01.2022,22:15,39
30.01.2022,22:30,39
30.01.2022,22:45,39
30.01.2022,23:00,39
30.01.2022,23:15,39
30.01.2022,23:30,39
30.01.2022,23:45,39
31.01.2022,00:00,39
31.01.2022,00:15,39
31.01.2022,00:30,39
31.01.2022,00:45,39
31.01.2022,01:00,39
31.01.2022,01:15,39
31.01.2022,01:30,39
31.01.2022,01:45,39
31.01.2022,02:00,39
31.01.2022,02:15,39
31.01.2022,02:30,39
31.01.2022,02:45,39
31.01.2022,03:00,39
31.01.2022,03:15,39
31.01.2022,03:30,39
31.01.2022,03:45,39
31.01.2022,04:00,39
31.01.2022,04:15,39
31.01.2022,04:30,39
31.01.2022,04:45,39
31.01.2022,05:00,39
31.01.2022,05:15,39
31.01.2022,05:30,39
31.01.2022,05:45,39
31.01.2022,06:00,39
31.01.2022,06:15,39
31.01.2022,06:30,39
31.01.2022,06:45,39
31.01.2022,07:00,39
31.01.2022,07:15,39
31.01.2022,07:30,39
31.01.2022,07:45,39
31.01.2022,08:00,39
31.01.2022,08:15,39
31.01.2022,08:30,39
31.01.2022,08:45,39
31.01.2022,09:00,39
31.01.2022,09:15,40
31.01.2022,09:30,40
31.01.2022,09:45,40
31.01.2022,10:00,40
31.01.2022,10:15,40
31.01.2022,10:30,40
31.01.2022,10:45,40
31.01.2022,11:00,40
31.01.2022,11:15,40
31.01.2022,11:30,40
31.01.2022,11:45,40
31.01.2022,12:00,41
31.01.2022,12:15,41
31.01.2022,12:30,41
31.01.2022,12:45,41
31.01.2022,13:00,41
31.01.2022,13:15,41
31.01.2022,13:30,42
31.01.2022,13:45,42
31.01.2022,14:00,42
31.01.2022,14:15,42
31.01.2022,14:30,42
31.01.2022,14:45,42
31.01.2022,15:00,43
31.01.2022,15:15,43
31.01.2022,15:30,43
31.01.2022,15:45,43
31.01.2022,16:00,43
31.01.2022,16:15,43
28.04.2022,14:00,25
28.04.2022,14:15,25
28.04.2022,14:30,25
28.04.2022,14:45,25
28.04.2022,15:00,25
28.04.2022,15:15,25
28.04.2022,15:30,25
28.04.2022,15:45,25
28.04.2022,16:00,25
28.04.2022,16:15,25
28.04.2022,16:30,25
28.04.2022,16:45,25
28.04.2022,17:00,25
28.04.2022,17:15,25
28.04.2022,17:30,25
28.04.2022,17:45,25
28.04.2022,18:00,25
28.04.2022,18:15,25
28.04.2022,18:30,25
28.04.2022,18:45,25
28.04.2022,19:00,25
28.04.2022,19:15,25
28.04.2022,19:30,25
28.04.2022,19:45,25
28.04.2022,20:00,25
28.04.2022,20:15,25
28.04.2022,20:30,25
28.04.2022,20:45,25
28.04.2022,21:00,25
28.04.2022,21:15,25
28.04.2022,21:30,25
28.04.2022,21:45,25
28.04.2022,22:00,25
28.04.2022,22:15,25
28.04.2022,22:30,25
28.04.2022,22:45,25
28.04.2022,23:00,25
28.04.2022,23:15,25
28.04.2022,23:30,25
28.04.2022,23:45,25
29.04.2022,00:00,25
29.04.2022,00:15,25
29.04.2022,00:30,25
29.04.2022,00:45,25
29.04.2022,01:00,25
29.04.2022,01:15,25
29.04.2022,01:30,25
29.04.2022,01:45,25
29.04.2022,02:00,25
29.04.2022,02:15,25
29.04.2022,02:30,25
29.04.2022,02:45,25
29.04.2022,03:00,25
29.04.2022,03:15,25
29.04.2022,03:30,25
29.04.2022,03:45,25
29.04.2022,04:00,25
29.04.2022,04:15,25
29.04.2022,04:30,25
29.04.2022,04:45,25
29.04.2022,05:00,25
29.04.2022,05:15,25
29.04.2022,05:30,25
29.04.2022,05:45,25
29.04.2022,06:00,25
29.04.2022,06:15,25
29.04.2022,06:30,25
29.04.2022,06:45,25
29.04.2022,07:00,25
29.04.2022,07:15,25
29.04.2022,07:30,25
29.04.2022,07:45,25
29.04.2022,08:00,25
29.04.2022,08:15,25
29.04.2022,08:30,25
29.04.2022,08:45,25
29.04.2022,09:00,25
29.04.2022,09:15,25
29.04.2022,09:30,25
29.04.2022,09:45,25
29.04.2022,10:00,25
29.04.2022,10:15,25
29.04.2022,10:30,25
29.04.2022,10:45,25
29.04.2022,11:00,25
29.04.2022,11:15,25
29.04.2022,11:30,25
29.04.2022,11:45,25
29.04.2022,12:00,25
29.04.2022,12:15,25
29.04.2022,12:30,25
29.04.2022,12:45,25
29.04.2022,13:00,25
29.04.2022,13:15,25
29.04.2022,13:30,25
29.04.2022,13:45,25
29.04.2022,14:00,25
29.04.2022,14:15,25
29.04.2022,14:30,25
29.04.2022,14:45,24
29.04.2022,15:00,24
29.04.2022,15:15,24
29.04.2022,15:30,24
29.04.2022,15:45,24
29.04.2022,16:00,24
29.04.2022,16:15,24
29.04.2022,16:30,24
29.04.2022,16:45,24
29.04.2022,17:00,24
29.04.2022,17:15,24
29.04.2022,17:30,24
29.04.2022,17:45,24
29.04.2022,18:00,24
29.04.2022,18:15,24
29.04.2022,18:30,24
29.04.2022,18:45,25
29.04.2022,19:00,25
29.04.2022,19:15,25
29.04.2022,19:30,25
29.04.2022,19:45,25
29.04.2022,20:00,25
29.04.2022,20:15,25
29.04.2022,20:30,25
29.04.2022,20:45,25
29.04.2022,21:00,25
29.04.2022,21:15,25
29.04.2022,21:30,25
29.04.2022,21:45,25
29.04.2022,22:00,25
29.04.2022,22:15,26
29.04.2022,22:30,26
29.04.2022,22:45,26
29.04.2022,23:00,26
29.04.2022,23:15,28
29.04.2022,23:30,30
29.04.2022,23:45,30
30.04.2022,00:00,30
30.04.2022,00:15,30
30.04.2022,00:30,30
30.04.2022,00:45,30
30.04.2022,01:00,30
30.04.2022,01:15,30
30.04.2022,01:30,30
30.04.2022,01:45,30
30.04.2022,02:00,30
30.04.2022,02:15,30
30.04.2022,02:30,30
30.04.2022,02:45,30
30.04.2022,03:00,30
30.04.2022,03:15,30
30.04.2022,03:30,30
30.04.2022,03:45,30
30.04.2022,04:00,30
30.04.2022,04:15,30
30.04.2022,04:30,30
30.04.2022,04:45,30
30.04.2022,05:00,30
30.04.2022,05:15,29
30.04.2022,05:30,29
30.04.2022,05:45,29
30.04.2022,06:00,29
30.04.2022,06:15,29
30.04.2022,06:30,29
30.04.2022,06:45,29
30.04.2022,07:00,29
30.04.2022,07:15,29
30.04.2022,07:30,29
30.04.2022,07:45,29
30.04.2022,08:00,29
30.04.2022,08:15,29
30.04.2022,08:30,29
30.04.2022,08:45,29
30.04.2022,09:00,28
30.04.2022,09:15,28
30.04.2022,09:30,28
30.04.2022,09:45,28
30.04.2022,10:00,28
30.04.2022,10:15,28
30.04.2022,10:30,28
30.04.2022,10:45,28
30.04.2022,11:00,28
30.04.2022,11:15,28
30.04.2022,11:30,28
30.04.2022,11:45,28
30.04.2022,12:00,28
30.04.2022,12:15,28
30.04.2022,12:30,28
30.04.2022,12:45,28
30.04.2022,13:00,28
30.04.2022,13:15,28
30.04.2022,13:30,28
30.04.2022,13:45,27
30.04.2022,14:00,27
30.04.2022,14:15,27
30.04.2022,14:30,27
30.04.2022,14:45,27
30.04.2022,15:00,27
30.04.2022,15:15,27
30.04.2022,15:30,27
30.04.2022,15:45,27
30.04.2022,16:00,27
30.04.2022,16:15,27
30.04.2022,16:30,27
30.04.2022,16:45,27
30.04.2022,17:00,27
30.04.2022,17:15,27
30.04.2022,17:30,27
30.04.2022,17:45,27
30.04.2022,18:00,27
30.04.2022,18:15,27
30.04.2022,18:30,27
30.04.2022,18:45,27
30.04.2022,19:00,27
30.04.2022,19:15,27
30.04.2022,19:30,27
30.04.2022,19:45,27
30.04.2022,20:00,27
30.04.2022,20:15,27
30.04.2022,20:30,27
30.04.2022,20:45,26
30.04.2022,21:00,26
30.04.2022,21:15,26
30.04.2022,21:30,26
30.04.2022,21:45,26
30.04.2022,22:00,26
30.04.2022,22:15,26
30.04.2022,22:30,26
30.04.2022,22:45,26
30.04.2022,23:00,26
30.04.2022,23:15,26
30.04.2022,23:30,26
30.04.2022,23:45,26
01.05.2022,00:00,26
01.05.2022,00:15,26
01.05.2022,00:30,26
01.05.2022,00:45,26
01.05.2022,01:00,26
01.05.2022,01:15,26
01.05.2022,01:30,26
01.05.2022,01:45,26
01.05.2022,02:00,26
01.05.2022,02:15,26
01.05.2022,02:30,26
01.05.2022,02:45,26
01.05.2022,03:00,26
01.05.2022,03:15,26
01.05.2022,03:30,26
01.05.2022,03:45,26
01.05.2022,04:00,26
01.05.2022,04:15,26
01.05.2022,04:30,26
01.05.2022,04:45,26
01.05.2022,05:00,26
01.05.2022,05:15,26
01.05.2022,05:30,26
01.05.2022,05:45,26
01.05.2022,06:00,26
01.05.2022,06:15,26
01.05.2022,06:30,26
01.05.2022,06:45,26
01.05.2022,07:00,26
01.05.2022,07:15,26
01.05.2022,07:30,26
01.05.2022,07:45,26
01.05.2022,08:00,26
01.05.2022,08:15,26
01.05.2022,08:30,26
01.05.2022,08:45,26
01.05.2022,09:00,26
01.05.2022,09:15,26
01.05.2022,09:30,26
01.05.2022,09:45,26
01.05.2022,10:00,26
01.05.2022,10:15,26
01.05.2022,10:30,26
01.05.2022,10:45,26
01.05.2022,11:00,26
01.05.2022,11:15,26
01.05.2022,11:30,26
01.05.2022,11:45,26
01.05.2022,12:00,26
01.05.2022,12:15,26
01.05.2022,12:30,26
01.05.2022,12:45,26
01.05.2022,13:00,26
01.05.2022,13:15,26
01.05.2022,13:30,26
01.05.2022,13:45,26
01.05.2022,14:00,26
01.05.2022,14:15,26
01.05.2022,14:30,26
01.05.2022,14:45,26
01.05.2022,15:00,26
01.05.2022,15:15,26
01.05.2022,15:30,26
01.05.2022,15:45,26
01.05.2022,16:00,26
01.05.2022,16:15,26
01.05.2022,16:30,26
01.05.2022,16:45,26
01.05.2022,17:00,26
01.05.2022,17:15,26
01.05.2022,17:30,26
01.05.2022,17:45,26
01.05.2022,18:00,26
01.05.2022,18:15,25
01.05.2022,18:30,25
01.05.2022,18:45,25
01.05.2022,19:00,26
01.05.2022,19:15,25
01.05.2022,19:30,25
01.05.2022,19:45,25
01.05.2022,20:00,25
01.05.2022,20:15,25
01.05.2022,20:30,25
01.05.2022,20:45,25
01.05.2022,21:00,25
01.05.2022,21:15,25
01.05.2022,21:30,25
01.05.2022,21:45,25
01.05.2022,22:00,25
01.05.2022,22:15,25
01.05.2022,22:30,25
01.05.2022,22:45,25
01.05.2022,23:00,25
01.05.2022,23:15,25
01.05.2022,23:30,25
01.05.2022,23:45,25
02.05.2022,00:00,25
02.05.2022,00:15,25
02.05.2022,00:30,25
02.05.2022,00:45,25
02.05.2022,01:00,25
02.05.2022,01:15,25
02.05.2022,01:30,25
02.05.2022,01:45,25
02.05.2022,02:00,25
02.05.2022,02:15,25
02.05.2022,02:30,25
02.05.2022,02:45,25
02.05.2022,03:00,25
02.05.2022,03:15,25
02.05.2022,03:30,25
02.05.2022,03:45,25
02.05.2022,04:00,25
02.05.2022,04:15,25
02.05.2022,04:30,25
02.05.2022,04:45,25
02.05.2022,05:00,25
02.05.2022,05:15,25
02.05.2022,05:30,25
02.05.2022,05:45,25
02.05.2022,06:00,25
02.05.2022,06:15,25
02.05.2022,06:30,25
02.05.2022,06:45,25
02.05.2022,07:00,25
02.05.2022,07:15,25
02.05.2022,07:30,25
02.05.2022,07:45,25
02.05.2022,08:00,25
02.05.2022,08:15,25
02.05.2022,08:30,25
02.05.2022,08:45,25
02.05.2022,09:00,25
02.05.2022,09:15,25
02.05.2022,09:30,25
02.05.2022,09:45,25
02.05.2022,10:00,25
02.05.2022,10:15,25
02.05.2022,10:30,25
02.05.2022,10:45,25
02.05.2022,11:00,25
02.05.2022,11:15,25
02.05.2022,11:30,25
02.05.2022,11:45,25
02.05.2022,12:00,25
02.05.2022,12:15,25
02.05.2022,12:30,25
02.05.2022,12:45,25
02.05.2022,13:00,25
02.05.2022,13:15,25
02.05.2022,13:30,25
02.05.2022,13:45,25
02.05.2022,14:00,25
02.05.2022,14:15,25
02.05.2022,14:30,25
02.05.2022,14:45,25
02.05.2022,15:00,25
02.05.2022,15:15,25
02.05.2022,15:30,25
02.05.2022,15:45,25
02.05.2022,16:00,25
02.05.2022,16:15,25
02.05.2022,16:30,25
02.05.2022,16:45,25
02.05.2022,17:00,25
02.05.2022,17:15,25
02.05.2022,17:30,25
02.05.2022,17:45,25
02.05.2022,18:00,25
02.05.2022,18:15,25
02.05.2022,18:30,25
02.05.2022,18:45,25
02.05.2022,19:00,25
02.05.2022,19:15,25
02.05.2022,19:30,25
02.05.2022,19:45,25
02.05.2022,20:00,25
02.05.2022,20:15,25
02.05.2022,20:30,25
02.05.2022,20:45,25
02.05.2022,21:00,25
02.05.2022,21:15,25
02.05.2022,21:30,25
02.05.2022,21:45,25
02.05.2022,22:00,25
02.05.2022,22:15,25
02.05.2022,22:30,25
02.05.2022,22:45,25
02.05.2022,23:00,25
02.05.2022,23:15,25
02.05.2022,23:30,25
02.05.2022,23:45,25
03.05.2022,00:00,25
03.05.2022,00:15,24
03.05.2022,00:30,24
03.05.2022,00:45,24
03.05.2022,01:00,24
03.05.2022,01:15,24
03.05.2022,01:30,24
03.05.2022,01:45,24
03.05.2022,02:00,24
03.05.2022,02:15,24
03.05.2022,02:30,24
03.05.2022,02:45,24
03.05.2022,03:00,24
03.05.2022,03:15,24
03.05.2022,03:30,24
03.05.2022,03:45,24
03.05.2022,04:00,24
03.05.2022,04:15,24
03.05.2022,04:30,24
03.05.2022,04:45,24
03.05.2022,05:00,24
03.05.2022,05:15,25
03.05.2022,05:30,25
03.05.2022,05:45,25
03.05.2022,06:00,25
03.05.2022,06:15,25
03.05.2022,06:30,24
03.05.2022,06:45,24
03.05.2022,07:00,25
03.05.2022,07:15,25
03.05.2022,07:30,25
03.05.2022,07:45,25
03.05.2022,08:00,25
03.05.2022,08:15,25
03.05.2022,08:30,25
03.05.2022,08:45,25
03.05.2022,09:00,25
03.05.2022,09:15,25
03.05.2022,09:30,25
03.05.2022,09:45,26
03.05.2022,10:00,26
03.05.2022,10:15,26
03.05.2022,10:30,26
03.05.2022,10:45,26
03.05.2022,11:00,26
03.05.2022,11:15,26
03.05.2022,11:30,26
03.05.2022,11:45,26
03.05.2022,12:00,26
03.05.2022,12:15,25
03.05.2022,12:30,25
03.05.2022,12:45,25
03.05.2022,13:00,25
03.05.2022,13:15,25
03.05.2022,13:30,25
03.05.2022,13:45,25
03.05.2022,14:00,25
03.05.2022,14:15,25
03.05.2022,14:30,25
03.05.2022,14:45,25
03.05.2022,15:00,25
03.05.2022,15:15,25
03.05.2022,15:30,25
03.05.2022,15:45,25
03.05.2022,16:00,25
03.05.2022,16:15,25
03.05.2022,16:30,25
03.05.2022,16:45,25
03.05.2022,17:00,25
03.05.2022,17:15,25
03.05.2022,17:30,25
03.05.2022,17:45,25
03.05.2022,18:00,25
03.05.2022,18:15,25
03.05.2022,18:30,25
03.05.2022,18:45,25
03.05.2022,19:00,24
03.05.2022,19:15,24
03.05.2022,19:30,24
03.05.2022,19:45,24
03.05.2022,20:00,24
03.05.2022,20:15,24
03.05.2022,20:30,24
03.05.2022,20:45,24
03.05.2022,21:00,24
03.05.2022,21:15,24
03.05.2022,21:30,24
03.05.2022,21:45,24
03.05.2022,22:00,24
03.05.2022,22:15,24
03.05.2022,22:30,24
03.05.2022,22:45,24
03.05.2022,23:00,24
03.05.2022,23:15,24
03.05.2022,23:30,24
03.05.2022,23:45,24
04.05.2022,00:00,24
04.05.2022,00:15,24
04.05.2022,00:30,24
04.05.2022,00:45,24
04.05.2022,01:00,24
04.05.2022,01:15,24
04.05.2022,01:30,24
04.05.2022,01:45,24
04.05.2022,02:00,24
04.05.2022,02:15,24
04.05.2022,02:30,24
04.05.2022,02:45,24
04.05.2022,03:00,24
04.05.2022,03:15,24
04.05.2022,03:30,23
04.05.2022,03:45,23
04.05.2022,04:00,23
04.05.2022,04:15,24
04.05.2022,04:30,24
04.05.2022,04:45,24
04.05.2022,05:00,24
04.05.2022,05:15,24
04.05.2022,05:30,24
04.05.2022,05:45,24
04.05.2022,06:00,24
04.05.2022,06:15,24
04.05.2022,06:30,24
04.05.2022,06:45,24
04.05.2022,07:00,23
04.05.2022,07:15,24
04.05.2022,07:30,23
04.05.2022,07:45,23
04.05.2022,08:00,23
04.05.2022,08:15,23
04.05.2022,08:30,23
04.05.2022,08:45,23
04.05.2022,09:00,23
04.05.2022,09:15,23
04.05.2022,09:30,23
04.05.2022,09:45,23
04.05.2022,10:00,23
04.05.2022,10:15,23
04.05.2022,10:30,23
04.05.2022,10:45,23
04.05.2022,11:00,24
04.05.2022,11:15,23
04.05.2022,11:30,23
04.05.2022,11:45,24
04.05.2022,12:00,24
04.05.2022,12:15,24
04.05.2022,12:30,24
04.05.2022,12:45,23
04.05.2022,13:00,24
04.05.2022,13:15,24
04.05.2022,13:30,24
04.05.2022,13:45,23
04.05.2022,14:00,23
04.05.2022,14:15,23
04.05.2022,14:30,23
04.05.2022,14:45,23
04.05.2022,15:00,23
04.05.2022,15:15,23
04.05.2022,15:30,23
04.05.2022,15:45,23
04.05.2022,16:00,23
04.05.2022,16:15,23
04.05.2022,16:30,23
04.05.2022,16:45,23
04.05.2022,17:00,23
04.05.2022,17:15,23
04.05.2022,17:30,23
04.05.2022,17:45,23
04.05.2022,18:00,23
04.05.2022,18:15,23
04.05.2022,18:30,23
04.05.2022,18:45,23
04.05.2022,19:00,23
04.05.2022,19:15,23
04.05.2022,19:30,23
04.05.2022,19:45,23
04.05.2022,20:00,23
04.05.2022,20:15,23
04.05.2022,20:30,23
04.05.2022,20:45,23
04.05.2022,21:00,23
04.05.2022,21:15,23
04.05.2022,21:30,23
04.05.2022,21:45,23
04.05.2022,22:00,23
04.05.2022,22:15,23
04.05.2022,22:30,23
04.05.2022,22:45,23
04.05.2022,23:00,23
04.05.2022,23:15,23
04.05.2022,23:30,23
04.05.2022,23:45,23
05.05.2022,00:00,23
05.05.2022,00:15,23
05.05.2022,00:30,23
05.05.2022,00:45,23
05.05.2022,01:00,23
05.05.2022,01:15,23
05.05.2022,01:30,23
05.05.2022,01:45,23
05.05.2022,02:00,22
05.05.2022,02:15,22
05.05.2022,02:30,22
05.05.2022,02:45,22
05.05.2022,03:00,22
05.05.2022,03:15,22
05.05.2022,03:30,22
05.05.2022,03:45,22
05.05.2022,04:00,22
05.05.2022,04:15,22
05.05.2022,04:30,22
05.05.2022,04:45,23
05.05.2022,05:00,23
05.05.2022,05:15,23
05.05.2022,05:30,23
05.05.2022,05:45,23
05.05.2022,06:00,23
05.05.2022,06:15,23
05.05.2022,06:30,23
05.05.2022,06:45,23
05.05.2022,07:00,22
05.05.2022,07:15,22
05.05.2022,07:30,22
05.05.2022,07:45,22
05.05.2022,08:00,22
05.05.2022,08:15,22
05.05.2022,08:30,22
05.05.2022,08:45,22
05.05.2022,09:00,23
05.05.2022,09:15,23
05.05.2022,09:30,22
05.05.2022,09:45,22
05.05.2022,10:00,22
05.05.2022,10:15,22
05.05.2022,10:30,22
05.05.2022,10:45,22
05.05.2022,11:00,22
05.05.2022,11:15,22
05.05.2022,11:30,22
05.05.2022,11:45,22
05.05.2022,12:00,22
05.05.2022,12:15,23
05.05.2022,12:30,22
05.05.2022,12:45,23
05.05.2022,13:00,23
05.05.2022,13:15,23
05.05.2022,13:30,23
05.05.2022,13:45,23
05.05.2022,14:00,22
05.05.2022,14:15,22
05.05.2022,14:30,22
05.05.2022,14:45,22
05.05.2022,15:00,22
05.05.2022,15:15,22
05.05.2022,15:30,22
05.05.2022,15:45,22
05.05.2022,16:00,22
05.05.2022,16:15,22
05.05.2022,16:30,22
05.05.2022,16:45,22
05.05.2022,17:00,22
05.05.2022,17:15,22
05.05.2022,17:30,22
05.05.2022,17:45,22
05.05.2022,18:00,22
05.05.2022,18:15,22
05.05.2022,18:30,22
05.05.2022,18:45,22
05.05.2022,19:00,22
05.05.2022,19:15,22
05.05.2022,19:30,22
05.05.2022,19:45,22
05.05.2022,20:00,22
05.05.2022,20:15,22
05.05.2022,20:30,22
05.05.2022,20:45,22
05.05.2022,21:00,22
05.05.2022,21:15,22
05.05.2022,21:30,22
05.05.2022,21:45,22
05.05.2022,22:00,22
05.05.2022,22:15,22
05.05.2022,22:30,22
05.05.2022,22:45,22
05.05.2022,23:00,22
05.05.2022,23:15,22
05.05.2022,23:30,22
05.05.2022,23:45,22
06.05.2022,00:00,22
06.05.2022,00:15,21
06.05.2022,00:30,22
06.05.2022,00:45,21
06.05.2022,01:00,21
06.05.2022,01:15,21
06.05.2022,01:30,21
06.05.2022,01:45,21
06.05.2022,02:00,21
06.05.2022,02:15,21
06.05.2022,02:30,21
06.05.2022,02:45,21
06.05.2022,03:00,22
06.05.2022,03:15,22
06.05.2022,03:30,22
06.05.2022,03:45,22
06.05.2022,04:00,22
06.05.2022,04:15,22
06.05.2022,04:30,22
06.05.2022,04:45,22
06.05.2022,05:00,22
06.05.2022,05:15,22
06.05.2022,05:30,21
06.05.2022,05:45,22
06.05.2022,06:00,21
06.05.2022,06:15,21
06.05.2022,06:30,21
06.05.2022,06:45,21
06.05.2022,07:00,21
06.05.2022,07:15,21
06.05.2022,07:30,21
06.05.2022,07:45,21
06.05.2022,08:00,21
06.05.2022,08:15,21
06.05.2022,08:30,21
06.05.2022,08:45,21
06.05.2022,09:00,21
06.05.2022,09:15,21
06.05.2022,09:30,21
06.05.2022,09:45,21
06.05.2022,10:00,21
06.05.2022,10:15,21
06.05.2022,10:30,21
06.05.2022,10:45,21
06.05.2022,11:00,21
06.05.2022,11:15,21
06.05.2022,11:30,21
06.05.2022,11:45,21
06.05.2022,12:00,21
06.05.2022,12:15,21
06.05.2022,12:30,21
06.05.2022,12:45,21
06.05.2022,13:00,21
06.05.2022,13:15,21
06.05.2022,13:30,21
06.05.2022,13:45,21
06.05.2022,14:00,21
06.05.2022,14:15,21
06.05.2022,14:30,21
06.05.2022,14:45,21
06.05.2022,15:00,21
06.05.2022,15:15,21
06.05.2022,15:30,21
06.05.2022,15:45,21
06.05.2022,16:00,21
06.05.2022,16:15,21
06.05.2022,16:30,21
06.05.2022,16:45,21
06.05.2022,17:00,21
06.05.2022,17:15,21
06.05.2022,17:30,21
06.05.2022,17:45,21
06.05.2022,18:00,20
06.05.2022,18:15,20
06.05.2022,18:30,20
06.05.2022,18:45,20
06.05.2022,19:00,20
06.05.2022,19:15,20
06.05.2022,19:30,20
06.05.2022,19:45,20
06.05.2022,20:00,20
06.05.2022,20:15,20
06.05.2022,20:30,20
06.05.2022,20:45,20
06.05.2022,21:00,20
06.05.2022,21:15,20
06.05.2022,21:30,20
06.05.2022,21:45,20
06.05.2022,22:00,20
06.05.2022,22:15,20
06.05.2022,22:30,20
06.05.2022,22:45,20
06.05.2022,23:00,20
06.05.2022,23:15,20
06.05.2022,23:30,20
06.05.2022,23:45,20
07.05.2022,00:00,20
07.05.2022,00:15,20
07.05.2022,00:30,20
07.05.2022,00:45,20
07.05.2022,01:00,20
07.05.2022,01:15,20
07.05.2022,01:30,20
07.05.2022,01:45,20
07.05.2022,02:00,20
07.05.2022,02:15,20
07.05.2022,02:30,20
07.05.2022,02:45,20
07.05.2022,03:00,20
07.05.2022,03:15,20
07.05.2022,03:30,20
07.05.2022,03:45,20
07.05.2022,04:00,20
07.05.2022,04:15,20
07.05.2022,04:30,20
07.05.2022,04:45,20
07.05.2022,05:00,20
07.05.2022,05:15,20
07.05.2022,05:30,20
07.05.2022,05:45,20
07.05.2022,06:00,20
07.05.2022,06:15,20
07.05.2022,06:30,20
07.05.2022,06:45,20
07.05.2022,07:00,20
07.05.2022,07:15,20
07.05.2022,07:30,20
07.05.2022,07:45,20
07.05.2022,08:00,20
07.05.2022,08:15,20
07.05.2022,08:30,20
07.05.2022,08:45,20
07.05.2022,09:00,20
07.05.2022,09:15,20
07.05.2022,09:30,20
07.05.2022,09:45,20
07.05.2022,10:00,20
07.05.2022,10:15,20
07.05.2022,10:30,20
07.05.2022,10:45,20
07.05.2022,11:00,20
07.05.2022,11:15,20
07.05.2022,11:30,20
07.05.2022,11:45,20
07.05.2022,12:00,20
07.05.2022,12:15,20
07.05.2022,12:30,20
07.05.2022,12:45,20
07.05.2022,13:00,20
07.05.2022,13:15,20
07.05.2022,13:30,20
07.05.2022,13:45,20
07.05.2022,14:00,20
07.05.2022,14:15,20
07.05.2022,14:30,20
07.05.2022,14:45,20
07.05.2022,15:00,20
07.05.2022,15:15,20
07.05.2022,15:30,20
07.05.2022,15:45,20
07.05.2022,16:00,20
07.05.2022,16:15,20
07.05.2022,16:30,20
07.05.2022,16:45,21
07.05.2022,17:00,20
07.05.2022,17:15,20
07.05.2022,17:30,20
07.05.2022,17:45,20
07.05.2022,18:00,20
07.05.2022,18:15,20
07.05.2022,18:30,20
07.05.2022,18:45,20
07.05.2022,19:00,20
07.05.2022,19:15,20
07.05.2022,19:30,20
07.05.2022,19:45,20
07.05.2022,20:00,21
07.05.2022,20:15,21
07.05.2022,20:30,21
07.05.2022,20:45,21
07.05.2022,21:00,22
07.05.2022,21:15,21
07.05.2022,21:30,21
07.05.2022,21:45,21
07.05.2022,22:00,21
07.05.2022,22:15,21
07.05.2022,22:30,20
07.05.2022,22:45,20
07.05.2022,23:00,20
07.05.2022,23:15,20
07.05.2022,23:30,20
07.05.2022,23:45,20
08.05.2022,00:00,20
08.05.2022,00:15,20
08.05.2022,00:30,20
08.05.2022,00:45,20
08.05.2022,01:00,20
08.05.2022,01:15,20
08.05.2022,01:30,20
08.05.2022,01:45,20
08.05.2022,02:00,20
08.05.2022,02:15,20
08.05.2022,02:30,20
08.05.2022,02:45,20
08.05.2022,03:00,20
08.05.2022,03:15,20
08.05.2022,03:30,19
08.05.2022,03:45,20
08.05.2022,04:00,20
08.05.2022,04:15,20
08.05.2022,04:30,20
08.05.2022,04:45,19
08.05.2022,05:00,20
08.05.2022,05:15,20
08.05.2022,05:30,20
08.05.2022,05:45,20
08.05.2022,06:00,20
08.05.2022,06:15,20
08.05.2022,06:30,20
08.05.2022,06:45,20
08.05.2022,07:00,20
08.05.2022,07:15,20
08.05.2022,07:30,20
08.05.2022,07:45,20
08.05.2022,08:00,20
08.05.2022,08:15,20
08.05.2022,08:30,20
08.05.2022,08:45,20
08.05.2022,09:00,20
08.05.2022,09:15,20
08.05.2022,09:30,20
08.05.2022,09:45,20
08.05.2022,10:00,20
08.05.2022,10:15,20
08.05.2022,10:30,20
08.05.2022,10:45,20
08.05.2022,11:00,20
08.05.2022,11:15,20
08.05.2022,11:30,20
08.05.2022,11:45,20
08.05.2022,12:00,20
08.05.2022,12:15,20
08.05.2022,12:30,20
08.05.2022,12:45,20
08.05.2022,13:00,20
08.05.2022,13:15,20
08.05.2022,13:30,20
08.05.2022,13:45,20
08.05.2022,14:00,20
08.05.2022,14:15,20
08.05.2022,14:30,20
08.05.2022,14:45,20
08.05.2022,15:00,20
08.05.2022,15:15,20
08.05.2022,15:30,20
08.05.2022,15:45,20
08.05.2022,16:00,20
08.05.2022,16:15,20
08.05.2022,16:30,20
08.05.2022,16:45,20
08.05.2022,17:00,20
08.05.2022,17:15,20
08.05.2022,17:30,20
08.05.2022,17:45,20
08.05.2022,18:00,20
08.05.2022,18:15,20
08.05.2022,18:30,19
08.05.2022,18:45,19
08.05.2022,19:00,19
08.05.2022,19:15,19
08.05.2022,19:30,19
08.05.2022,19:45,19
08.05.2022,20:00,19
08.05.2022,20:15,19
08.05.2022,20:30,19
08.05.2022,20:45,19
08.05.2022,21:00,19
08.05.2022,21:15,19
08.05.2022,21:30,19
08.05.2022,21:45,19
08.05.2022,22:00,19
08.05.2022,22:15,19
08.05.2022,22:30,19
08.05.2022,22:45,19
08.05.2022,23:00,19
08.05.2022,23:15,19
08.05.2022,23:30,19
08.05.2022,23:45,19
09.05.2022,00:00,19
09.05.2022,00:15,19
09.05.2022,00:30,19
09.05.2022,00:45,19
09.05.2022,01:00,19
09.05.2022,01:15,19
09.05.2022,01:30,19
09.05.2022,01:45,19
09.05.2022,02:00,19
09.05.2022,02:15,19
09.05.2022,02:30,19
09.05.2022,02:45,19
09.05.2022,03:00,19
09.05.2022,03:15,19
09.05.2022,03:30,19
09.05.2022,03:45,19
09.05.2022,04:00,19
09.05.2022,04:15,19
09.05.2022,04:30,19
09.05.2022,04:45,19
09.05.2022,05:00,19
09.05.2022,05:15,19
09.05.2022,05:30,19
09.05.2022,05:45,19
09.05.2022,06:00,19
09.05.2022,06:15,19
09.05.2022,06:30,19
09.05.2022,06:45,19
09.05.2022,07:00,19
09.05.2022,07:15,19
09.05.2022,07:30,19
09.05.2022,07:45,19
09.05.2022,08:00,19
09.05.2022,08:15,19
09.05.2022,08:30,19
09.05.2022,08:45,19
09.05.2022,09:00,19
09.05.2022,09:15,19
09.05.2022,09:30,19
09.05.2022,09:45,19
09.05.2022,10:00,19
09.05.2022,10:15,19
09.05.2022,10:30,19
09.05.2022,10:45,19
09.05.2022,11:00,19
09.05.2022,11:15,19
09.05.2022,11:30,19
09.05.2022,11:45,19
09.05.2022,12:00,19
09.05.2022,12:15,19
09.05.2022,12:30,19
09.05.2022,12:45,19
09.05.2022,13:00,19
09.05.2022,13:15,19
09.05.2022,13:30,19
09.05.2022,13:45,19
09.05.2022,14:00,19
09.05.2022,14:15,19
09.05.2022,14:30,19
09.05.2022,14:45,19
09.05.2022,15:00,19
09.05.2022,15:15,19
09.05.2022,15:30,19
09.05.2022,15:45,19
09.05.2022,16:00,19
09.05.2022,16:15,19
09.05.2022,16:30,19
09.05.2022,16:45,19
09.05.2022,17:00,19
09.05.2022,17:15,19
09.05.2022,17:30,19
09.05.2022,17:45,19
09.05.2022,18:00,19
09.05.2022,18:15,19
09.05.2022,18:30,19
09.05.2022,18:45,19
09.05.2022,19:00,19
09.05.2022,19:15,19
09.05.2022,19:30,19
09.05.2022,19:45,19
09.05.2022,20:00,19
09.05.2022,20:15,19
09.05.2022,20:30,19
09.05.2022,20:45,19
09.05.2022,21:00,19
09.05.2022,21:15,19
09.05.2022,21:30,19
09.05.2022,21:45,19
09.05.2022,22:00,19
09.05.2022,22:15,19
09.05.2022,22:30,19
09.05.2022,22:45,19
09.05.2022,23:00,19
09.05.2022,23:15,19
09.05.2022,23:30,19
09.05.2022,23:45,18
10.05.2022,00:00,18
10.05.2022,00:15,18
10.05.2022,00:30,18
10.05.2022,00:45,18
10.05.2022,01:00,18
10.05.2022,01:15,18
10.05.2022,01:30,18
10.05.2022,01:45,18
10.05.2022,02:00,18
10.05.2022,02:15,18
10.05.2022,02:30,18
10.05.2022,02:45,18
10.05.2022,03:00,18
10.05.2022,03:15,18
10.05.2022,03:30,18
10.05.2022,03:45,18
10.05.2022,04:00,18
10.05.2022,04:15,18
10.05.2022,04:30,18
10.05.2022,04:45,18
10.05.2022,05:00,18
10.05.2022,05:15,18
10.05.2022,05:30,18
10.05.2022,05:45,18
10.05.2022,06:00,18
10.05.2022,06:15,18
10.05.2022,06:30,18
10.05.2022,06:45,18
10.05.2022,07:00,18
10.05.2022,07:15,18
10.05.2022,07:30,18
10.05.2022,07:45,18
10.05.2022,08:00,18
10.05.2022,08:15,19
10.05.2022,08:30,18
10.05.2022,08:45,19
10.05.2022,09:00,18
10.05.2022,09:15,19
10.05.2022,09:30,19
10.05.2022,09:45,19
10.05.2022,10:00,19
10.05.2022,10:15,19
10.05.2022,10:30,19
10.05.2022,10:45,19
10.05.2022,11:00,18
10.05.2022,11:15,18
10.05.2022,11:30,18
10.05.2022,11:45,18
10.05.2022,12:00,18
10.05.2022,12:15,18
10.05.2022,12:30,19
10.05.2022,12:45,18
10.05.2022,13:00,19
10.05.2022,13:15,19
10.05.2022,13:30,19
10.05.2022,13:45,19
10.05.2022,14:00,19
10.05.2022,14:15,19
10.05.2022,14:30,19
10.05.2022,14:45,19
10.05.2022,15:00,19
10.05.2022,15:15,19
10.05.2022,15:30,19
10.05.2022,15:45,19
10.05.2022,16:00,19
10.05.2022,16:15,19
10.05.2022,16:30,19
10.05.2022,16:45,18
10.05.2022,17:00,18
10.05.2022,17:15,18
10.05.2022,17:30,18
10.05.2022,17:45,18
10.05.2022,18:00,18
10.05.2022,18:15,18
10.05.2022,18:30,18
10.05.2022,18:45,18
10.05.2022,19:00,18
10.05.2022,19:15,18
10.05.2022,19:30,18
10.05.2022,19:45,18
10.05.2022,20:00,18
10.05.2022,20:15,18
10.05.2022,20:30,18
10.05.2022,20:45,18
10.05.2022,21:00,18
10.05.2022,21:15,18
10.05.2022,21:30,18
10.05.2022,21:45,18
10.05.2022,22:00,18
10.05.2022,22:15,18
10.05.2022,22:30,18
10.05.2022,22:45,18
10.05.2022,23:00,18
10.05.2022,23:15,18
10.05.2022,23:30,18
10.05.2022,23:45,18
11.05.2022,00:00,18
11.05.2022,00:15,18
11.05.2022,00:30,18
11.05.2022,00:45,18
11.05.2022,01:00,18
11.05.2022,01:15,18
11.05.2022,01:30,18
11.05.2022,01:45,18
11.05.2022,02:00,18
11.05.2022,02:15,18
11.05.2022,02:30,18
11.05.2022,02:45,18
11.05.2022,03:00,18
11.05.2022,03:15,18
11.05.2022,03:30,18
11.05.2022,03:45,18
11.05.2022,04:00,18
11.05.2022,04:15,18
11.05.2022,04:30,18
11.05.2022,04:45,18
11.05.2022,05:00,18
11.05.2022,05:15,18
11.05.2022,05:30,18
11.05.2022,05:45,18
11.05.2022,06:00,18
11.05.2022,06:15,18
11.05.2022,06:30,18
11.05.2022,06:45,18
11.05.2022,07:00,18
11.05.2022,07:15,18
11.05.2022,07:30,18
11.05.2022,07:45,18
11.05.2022,08:00,18
11.05.2022,08:15,18
11.05.2022,08:30,18
11.05.2022,08:45,18
11.05.2022,09:00,18
11.05.2022,09:15,18
11.05.2022,09:30,18
11.05.2022,09:45,18
11.05.2022,10:00,18
11.05.2022,10:15,18
11.05.2022,10:30,18
11.05.2022,10:45,18
11.05.2022,11:00,18
11.05.2022,11:15,18
11.05.2022,11:30,18
11.05.2022,11:45,18
11.05.2022,12:00,18
11.05.2022,12:15,18
11.05.2022,12:30,18
11.05.2022,12:45,18
11.05.2022,13:00,18
11.05.2022,13:15,18
11.05.2022,13:30,18
11.05.2022,13:45,18
11.05.2022,14:00,18
11.05.2022,14:15,18
11.05.2022,14:30,18
11.05.2022,14:45,18
11.05.2022,15:00,18
11.05.2022,15:15,18
11.05.2022,15:30,18
11.05.2022,15:45,18
11.05.2022,16:00,18
11.05.2022,16:15,18
11.05.2022,16:30,18
11.05.2022,16:45,18
11.05.2022,17:00,18
11.05.2022,17:15,18
11.05.2022,17:30,18
11.05.2022,17:45,18
11.05.2022,18:00,18
11.05.2022,18:15,18
11.05.2022,18:30,18
11.05.2022,18:45,18
11.05.2022,19:00,18
11.05.2022,19:15,18
11.05.2022,19:30,18
11.05.2022,19:45,18
11.05.2022,20:00,18
11.05.2022,20:15,18
11.05.2022,20:30,18
11.05.2022,20:45,17
11.05.2022,21:00,17
11.05.2022,21:15,17
11.05.2022,21:30,17
11.05.2022,21:45,17
11.05.2022,22:00,17
11.05.2022,22:15,17
11.05.2022,22:30,17
11.05.2022,22:45,17
11.05.2022,23:00,17
11.05.2022,23:15,17
11.05.2022,23:30,17
11.05.2022,23:45,17
12.05.2022,00:00,17
12.05.2022,00:15,17
12.05.2022,00:30,17
12.05.2022,00:45,17
12.05.2022,01:00,17
12.05.2022,01:15,17
12.05.2022,01:30,17
12.05.2022,01:45,17
12.05.2022,02:00,17
12.05.2022,02:15,17
12.05.2022,02:30,17
12.05.2022,02:45,17
12.05.2022,03:00,17
12.05.2022,03:15,17
12.05.2022,03:30,17
12.05.2022,03:45,17
12.05.2022,04:00,17
12.05.2022,04:15,17
12.05.2022,04:30,17
12.05.2022,04:45,17
12.05.2022,05:00,17
12.05.2022,05:15,17
12.05.2022,05:30,17
12.05.2022,05:45,17
12.05.2022,06:00,17
12.05.2022,06:15,17
12.05.2022,06:30,17
12.05.2022,06:45,17
12.05.2022,07:00,17
12.05.2022,07:15,17
12.05.2022,07:30,17
12.05.2022,07:45,17
12.05.2022,08:00,17
12.05.2022,08:15,17
12.05.2022,08:30,17
12.05.2022,08:45,17
12.05.2022,09:00,17
12.05.2022,09:15,17
12.05.2022,09:30,17
12.05.2022,09:45,17
12.05.2022,10:00,17
12.05.2022,10:15,17
12.05.2022,10:30,17
12.05.2022,10:45,17
12.05.2022,11:00,17
12.05.2022,11:15,17
12.05.2022,11:30,17
12.05.2022,11:45,17
12.05.2022,12:00,17
12.05.2022,12:15,17
12.05.2022,12:30,17
12.05.2022,12:45,17
12.05.2022,13:00,17
12.05.2022,13:15,17
12.05.2022,13:30,17
12.05.2022,13:45,17
12.05.2022,14:00,17
12.05.2022,14:15,17
12.05.2022,14:30,17
12.05.2022,14:45,17
12.05.2022,15:00,17
12.05.2022,15:15,17
12.05.2022,15:30,17
12.05.2022,15:45,17
12.05.2022,16:00,17
12.05.2022,16:15,17
12.05.2022,16:30,17
12.05.2022,16:45,17
12.05.2022,17:00,17
12.05.2022,17:15,17
12.05.2022,17:30,17
12.05.2022,17:45,17
12.05.2022,18:00,17
12.05.2022,18:15,17
12.05.2022,18:30,17
12.05.2022,18:45,17
12.05.2022,19:00,17
12.05.2022,19:15,17
12.05.2022,19:30,17
12.05.2022,19:45,17
12.05.2022,20:00,17
12.05.2022,20:15,17
12.05.2022,20:30,17
12.05.2022,20:45,17
12.05.2022,21:00,17
12.05.2022,21:15,17
12.05.2022,21:30,17
12.05.2022,21:45,17
12.05.2022,22:00,17
12.05.2022,22:15,17
12.05.2022,22:30,17
12.05.2022,22:45,17
12.05.2022,23:00,17
12.05.2022,23:15,17
12.05.2022,23:30,17
12.05.2022,23:45,17
13.05.2022,00:00,17
13.05.2022,00:15,17
13.05.2022,00:30,17
13.05.2022,00:45,17
13.05.2022,01:00,17
13.05.2022,01:15,17
13.05.2022,01:30,17
13.05.2022,01:45,17
13.05.2022,02:00,17
13.05.2022,02:15,17
13.05.2022,02:30,17
13.05.2022,02:45,17
13.05.2022,03:00,17
13.05.2022,03:15,17
13.05.2022,03:30,17
13.05.2022,03:45,17
13.05.2022,04:00,17
13.05.2022,04:15,17
13.05.2022,04:30,17
13.05.2022,04:45,17
13.05.2022,05:00,17
13.05.2022,05:15,17
13.05.2022,05:30,17
13.05.2022,05:45,17
13.05.2022,06:00,17
13.05.2022,06:15,17
13.05.2022,06:30,17
13.05.2022,06:45,17
13.05.2022,07:00,17
13.05.2022,07:15,17
13.05.2022,07:30,17
13.05.2022,07:45,17
13.05.2022,08:00,17
13.05.2022,08:15,17
13.05.2022,08:30,17
13.05.2022,08:45,17
13.05.2022,09:00,17
13.05.2022,09:15,17
13.05.2022,09:30,17
13.05.2022,09:45,17
13.05.2022,10:00,17
13.05.2022,10:15,17
13.05.2022,10:30,17
13.05.2022,10:45,17
13.05.2022,11:00,17
13.05.2022,11:15,17
13.05.2022,11:30,17
13.05.2022,11:45,17
13.05.2022,12:00,17
13.05.2022,12:15,17
13.05.2022,12:30,17
13.05.2022,12:45,17
13.05.2022,13:00,17
13.05.2022,13:15,17
13.05.2022,13:30,17
13.05.2022,13:45,17
13.05.2022,14:00,17
13.05.2022,14:15,17
13.05.2022,14:30,17
13.05.2022,14:45,17
13.05.2022,15:00,17
13.05.2022,15:15,17
13.05.2022,15:30,17
13.05.2022,15:45,17
13.05.2022,16:00,17
13.05.2022,16:15,17
13.05.2022,16:30,17
13.05.2022,16:45,17
13.05.2022,17:00,17
13.05.2022,17:15,17
13.05.2022,17:30,17
13.05.2022,17:45,17
13.05.2022,18:00,17
13.05.2022,18:15,17
13.05.2022,18:30,16
13.05.2022,18:45,16
13.05.2022,19:00,16
13.05.2022,19:15,17
13.05.2022,19:30,17
13.05.2022,19:45,17
13.05.2022,20:00,16
13.05.2022,20:15,16
13.05.2022,20:30,16
13.05.2022,20:45,16
13.05.2022,21:00,16
13.05.2022,21:15,16
13.05.2022,21:30,16
13.05.2022,21:45,16
13.05.2022,22:00,16
13.05.2022,22:15,16
13.05.2022,22:30,16
13.05.2022,22:45,16
13.05.2022,23:00,16
13.05.2022,23:15,16
13.05.2022,23:30,16
13.05.2022,23:45,16
14.05.2022,00:00,16
14.05.2022,00:15,16
14.05.2022,00:30,16
14.05.2022,00:45,16
14.05.2022,01:00,16
14.05.2022,01:15,16
14.05.2022,01:30,16
14.05.2022,01:45,16
14.05.2022,02:00,16
14.05.2022,02:15,16
14.05.2022,02:30,16
14.05.2022,02:45,16
14.05.2022,03:00,16
14.05.2022,03:15,16
14.05.2022,03:30,16
14.05.2022,03:45,16
14.05.2022,04:00,16
14.05.2022,04:15,16
14.05.2022,04:30,16
14.05.2022,04:45,16
14.05.2022,05:00,16
14.05.2022,05:15,16
14.05.2022,05:30,16
14.05.2022,05:45,16
14.05.2022,06:00,16
14.05.2022,06:15,16
14.05.2022,06:30,16
14.05.2022,06:45,16
14.05.2022,07:00,16
14.05.2022,07:15,16
14.05.2022,07:30,16
14.05.2022,07:45,16
14.05.2022,08:00,16
14.05.2022,08:15,16
14.05.2022,08:30,16
14.05.2022,08:45,16
14.05.2022,09:00,16
14.05.2022,09:15,16
14.05.2022,09:30,16
14.05.2022,09:45,16
14.05.2022,10:00,16
14.05.2022,10:15,16
14.05.2022,10:30,16
14.05.2022,10:45,16
14.05.2022,11:00,16
14.05.2022,11:15,16
14.05.2022,11:30,16
14.05.2022,11:45,16
14.05.2022,12:00,16
14.05.2022,12:15,16
14.05.2022,12:30,16
14.05.2022,12:45,16
14.05.2022,13:00,16
14.05.2022,13:15,16
14.05.2022,13:30,16
14.05.2022,13:45,16
14.05.2022,14:00,16
14.05.2022,14:15,16
14.05.2022,14:30,16
14.05.2022,14:45,16
14.05.2022,15:00,16
14.05.2022,15:15,16
14.05.2022,15:30,16
14.05.2022,15:45,16
14.05.2022,16:00,16
14.05.2022,16:15,16
14.05.2022,16:30,16
14.05.2022,16:45,16
14.05.2022,17:00,16
14.05.2022,17:15,16
14.05.2022,17:30,16
14.05.2022,17:45,16
14.05.2022,18:00,16
14.05.2022,18:15,16
14.05.2022,18:30,16
14.05.2022,18:45,16
14.05.2022,19:00,16
14.05.2022,19:15,16
14.05.2022,19:30,16
14.05.2022,19:45,16
14.05.2022,20:00,16
14.05.2022,20:15,16
14.05.2022,20:30,16
14.05.2022,20:45,16
14.05.2022,21:00,16
14.05.2022,21:15,16
14.05.2022,21:30,16
14.05.2022,21:45,16
14.05.2022,22:00,16
14.05.2022,22:15,16
14.05.2022,22:30,16
14.05.2022,22:45,16
14.05.2022,23:00,16
14.05.2022,23:15,16
14.05.2022,23:30,16
14.05.2022,23:45,16
15.05.2022,00:00,16
15.05.2022,00:15,16
15.05.2022,00:30,16
15.05.2022,00:45,16
15.05.2022,01:00,16
15.05.2022,01:15,16
15.05.2022,01:30,16
15.05.2022,01:45,16
15.05.2022,02:00,16
15.05.2022,02:15,16
15.05.2022,02:30,16
15.05.2022,02:45,16
15.05.2022,03:00,16
15.05.2022,03:15,16
15.05.2022,03:30,16
15.05.2022,03:45,16
15.05.2022,04:00,16
15.05.2022,04:15,16
15.05.2022,04:30,16
15.05.2022,04:45,16
15.05.2022,05:00,16
15.05.2022,05:15,16
15.05.2022,05:30,16
15.05.2022,05:45,16
15.05.2022,06:00,16
15.05.2022,06:15,16
15.05.2022,06:30,16
15.05.2022,06:45,16
15.05.2022,07:00,16
15.05.2022,07:15,16
15.05.2022,07:30,16
15.05.2022,07:45,16
15.05.2022,08:00,16
15.05.2022,08:15,16
15.05.2022,08:30,16
15.05.2022,08:45,16
15.05.2022,09:00,16
15.05.2022,09:15,16
15.05.2022,09:30,16
15.05.2022,09:45,16
15.05.2022,10:00,16
15.05.2022,10:15,16
15.05.2022,10:30,16
15.05.2022,10:45,16
15.05.2022,11:00,16
15.05.2022,11:15,16
15.05.2022,11:30,16
15.05.2022,11:45,16
15.05.2022,12:00,16
15.05.2022,12:15,16
15.05.2022,12:30,16
15.05.2022,12:45,16
15.05.2022,13:00,16
15.05.2022,13:15,16
15.05.2022,13:30,16
15.05.2022,13:45,16
15.05.2022,14:00,16
15.05.2022,14:15,16
15.05.2022,14:30,16
15.05.2022,14:45,16
15.05.2022,15:00,16
15.05.2022,15:15,16
15.05.2022,15:30,16
15.05.2022,15:45,16
15.05.2022,16:00,16
15.05.2022,16:15,16
15.05.2022,16:30,16
15.05.2022,16:45,16
15.05.2022,17:00,16
15.05.2022,17:15,16
15.05.2022,17:30,16
15.05.2022,17:45,16
15.05.2022,18:00,16
15.05.2022,18:15,16
15.05.2022,18:30,16
15.05.2022,18:45,16
15.05.2022,19:00,16
15.05.2022,19:15,16
15.05.2022,19:30,16
15.05.2022,19:45,16
15.05.2022,20:00,16
15.05.2022,20:15,16
15.05.2022,20:30,16
15.05.2022,20:45,16
15.05.2022,21:00,16
15.05.2022,21:15,16
15.05.2022,21:30,16
15.05.2022,21:45,16
15.05.2022,22:00,16
15.05.2022,22:15,16
15.05.2022,22:30,16
15.05.2022,22:45,16
15.05.2022,23:00,16
15.05.2022,23:15,16
15.05.2022,23:30,16
15.05.2022,23:45,16
16.05.2022,00:00,16
16.05.2022,00:15,16
16.05.2022,00:30,16
16.05.2022,00:45,16
16.05.2022,01:00,16
16.05.2022,01:15,16
16.05.2022,01:30,16
16.05.2022,01:45,16
16.05.2022,02:00,16
16.05.2022,02:15,16
16.05.2022,02:30,16
16.05.2022,02:45,16
16.05.2022,03:00,16
16.05.2022,03:15,16
16.05.2022,03:30,16
16.05.2022,03:45,16
16.05.2022,04:00,16
16.05.2022,04:15,16
16.05.2022,04:30,16
16.05.2022,04:45,16
16.05.2022,05:00,16
16.05.2022,05:15,16
16.05.2022,05:30,16
16.05.2022,05:45,16
16.05.2022,06:00,16
16.05.2022,06:15,16
16.05.2022,06:30,16
16.05.2022,06:45,16
16.05.2022,07:00,16
16.05.2022,07:15,16
16.05.2022,07:30,16
16.05.2022,07:45,16
16.05.2022,08:00,16
16.05.2022,08:15,16
16.05.2022,08:30,16
16.05.2022,08:45,16
16.05.2022,09:00,16
16.05.2022,09:15,16
16.05.2022,09:30,16
16.05.2022,09:45,16
16.05.2022,10:00,16
16.05.2022,10:15,16
16.05.2022,10:30,16
16.05.2022,10:45,16
16.05.2022,11:00,16
16.05.2022,11:15,16
16.05.2022,11:30,16
16.05.2022,11:45,16
16.05.2022,12:00,16
16.05.2022,12:15,16
16.05.2022,12:30,16
16.05.2022,12:45,16
16.05.2022,13:00,16
16.05.2022,13:15,16
16.05.2022,13:30,16
16.05.2022,13:45,16
16.05.2022,14:00,16
16.05.2022,14:15,16
16.05.2022,14:30,16
16.05.2022,14:45,16
16.05.2022,15:00,16
16.05.2022,15:15,16
16.05.2022,15:30,16
16.05.2022,15:45,16
16.05.2022,16:00,16
16.05.2022,16:15,16
16.05.2022,16:30,16
16.05.2022,16:45,16
16.05.2022,17:00,16
16.05.2022,17:15,16
16.05.2022,17:30,16
16.05.2022,17:45,16
16.05.2022,18:00,16
16.05.2022,18:15,16
16.05.2022,18:30,16
16.05.2022,18:45,16
16.05.2022,19:00,16
16.05.2022,19:15,16
16.05.2022,19:30,16
16.05.2022,19:45,16
16.05.2022,20:00,16
16.05.2022,20:15,16
16.05.2022,20:30,16
16.05.2022,20:45,16
16.05.2022,21:00,15
16.05.2022,21:15,15
16.05.2022,21:30,15
16.05.2022,21:45,15
16.05.2022,22:00,15
16.05.2022,22:15,15
16.05.2022,22:30,15
16.05.2022,22:45,15
16.05.2022,23:00,15
16.05.2022,23:15,15
16.05.2022,23:30,15
16.05.2022,23:45,15
17.05.2022,00:00,15
17.05.2022,00:15,15
17.05.2022,00:30,15
17.05.2022,00:45,15
17.05.2022,01:00,15
17.05.2022,01:15,15
17.05.2022,01:30,15
17.05.2022,01:45,15
17.05.2022,02:00,15
17.05.2022,02:15,15
17.05.2022,02:30,15
17.05.2022,02:45,15
17.05.2022,03:00,15
17.05.2022,03:15,15
17.05.2022,03:30,15
17.05.2022,03:45,15
17.05.2022,04:00,15
17.05.2022,04:15,15
17.05.2022,04:30,15
17.05.2022,04:45,15
17.05.2022,05:00,15
17.05.2022,05:15,15
17.05.2022,05:30,15
17.05.2022,05:45,15
17.05.2022,06:00,15
17.05.2022,06:15,15
17.05.2022,06:30,15
17.05.2022,06:45,15
17.05.2022,07:00,15
17.05.2022,07:15,15
17.05.2022,07:30,15
17.05.2022,07:45,15
17.05.2022,08:00,15
17.05.2022,08:15,15
17.05.2022,08:30,15
17.05.2022,08:45,15
17.05.2022,09:00,15
17.05.2022,09:15,15
17.05.2022,09:30,15
17.05.2022,09:45,15
17.05.2022,10:00,16
17.05.2022,10:15,16
17.05.2022,10:30,16
17.05.2022,10:45,16
17.05.2022,11:00,16
17.05.2022,11:15,16
17.05.2022,11:30,16
17.05.2022,11:45,16
17.05.2022,12:00,16
17.05.2022,12:15,16
17.05.2022,12:30,16
17.05.2022,12:45,16
17.05.2022,13:00,16
17.05.2022,13:15,16
17.05.2022,13:30,16
17.05.2022,13:45,16
17.05.2022,14:00,16
17.05.2022,14:15,16
17.05.2022,14:30,16
17.05.2022,14:45,16
17.05.2022,15:00,16
17.05.2022,15:15,16
17.05.2022,15:30,16
17.05.2022,15:45,16
17.05.2022,16:00,16
17.05.2022,16:15,16
17.05.2022,16:30,16
17.05.2022,16:45,16
17.05.2022,17:00,16
17.05.2022,17:15,16
17.05.2022,17:30,16
17.05.2022,17:45,16
17.05.2022,18:00,16
17.05.2022,18:15,16
17.05.2022,18:30,16
17.05.2022,18:45,16
17.05.2022,19:00,16
17.05.2022,19:15,16
17.05.2022,19:30,16
17.05.2022,19:45,16
17.05.2022,20:00,16
17.05.2022,20:15,16
17.05.2022,20:30,16
17.05.2022,20:45,16
17.05.2022,21:00,16
17.05.2022,21:15,16
17.05.2022,21:30,16
17.05.2022,21:45,16
17.05.2022,22:00,16
17.05.2022,22:15,15
17.05.2022,22:30,15
17.05.2022,22:45,15
17.05.2022,23:00,15
17.05.2022,23:15,15
17.05.2022,23:30,15
17.05.2022,23:45,15
18.05.2022,00:00,15
18.05.2022,00:15,15
18.05.2022,00:30,15
18.05.2022,00:45,15
18.05.2022,01:00,15
18.05.2022,01:15,15
18.05.2022,01:30,15
18.05.2022,01:45,15
18.05.2022,02:00,15
18.05.2022,02:15,15
18.05.2022,02:30,15
18.05.2022,02:45,15
18.05.2022,03:00,15
18.05.2022,03:15,15
18.05.2022,03:30,15
18.05.2022,03:45,15
18.05.2022,04:00,15
18.05.2022,04:15,15
18.05.2022,04:30,15
18.05.2022,04:45,15
18.05.2022,05:00,15
18.05.2022,05:15,15
18.05.2022,05:30,15
18.05.2022,05:45,15
18.05.2022,06:00,15
18.05.2022,06:15,15
18.05.2022,06:30,15
18.05.2022,06:45,15
18.05.2022,07:00,15
18.05.2022,07:15,15
18.05.2022,07:30,15
18.05.2022,07:45,15
18.05.2022,08:00,15
18.05.2022,08:15,15
18.05.2022,08:30,15
18.05.2022,08:45,15
18.05.2022,09:00,15
18.05.2022,09:15,15
18.05.2022,09:30,15
18.05.2022,09:45,15
18.05.2022,10:00,15
18.05.2022,10:15,15
18.05.2022,10:30,15
18.05.2022,10:45,15
18.05.2022,11:00,15
18.05.2022,11:15,15
18.05.2022,11:30,15
18.05.2022,11:45,15
18.05.2022,12:00,16
18.05.2022,12:15,16
18.05.2022,12:30,16
18.05.2022,12:45,16
18.05.2022,13:00,16
18.05.2022,13:15,16
18.05.2022,13:30,16
18.05.2022,13:45,16
18.05.2022,14:00,16
18.05.2022,14:15,15
18.05.2022,14:30,15
18.05.2022,14:45,15
18.05.2022,15:00,15
18.05.2022,15:15,15
18.05.2022,15:30,15
18.05.2022,15:45,15
18.05.2022,16:00,15
18.05.2022,16:15,15
18.05.2022,16:30,15
18.05.2022,16:45,15
18.05.2022,17:00,15
18.05.2022,17:15,15
18.05.2022,17:30,15
18.05.2022,17:45,15
18.05.2022,18:00,15
18.05.2022,18:15,15
18.05.2022,18:30,15
18.05.2022,18:45,15
18.05.2022,19:00,15
18.05.2022,19:15,15
18.05.2022,19:30,15
18.05.2022,19:45,15
18.05.2022,20:00,15
18.05.2022,20:15,15
18.05.2022,20:30,15
18.05.2022,20:45,15
18.05.2022,21:00,15
18.05.2022,21:15,15
18.05.2022,21:30,15
18.05.2022,21:45,15
18.05.2022,22:00,15
18.05.2022,22:15,15
18.05.2022,22:30,15
18.05.2022,22:45,15
18.05.2022,23:00,15
18.05.2022,23:15,15
18.05.2022,23:30,15
18.05.2022,23:45,15
19.05.2022,00:00,15
19.05.2022,00:15,15
19.05.2022,00:30,15
19.05.2022,00:45,15
19.05.2022,01:00,15
19.05.2022,01:15,15
19.05.2022,01:30,15
19.05.2022,01:45,15
19.05.2022,02:00,15
19.05.2022,02:15,15
19.05.2022,02:30,15
19.05.2022,02:45,15
19.05.2022,03:00,15
19.05.2022,03:15,15
19.05.2022,03:30,15
19.05.2022,03:45,15
19.05.2022,04:00,15
19.05.2022,04:15,15
19.05.2022,04:30,15
19.05.2022,04:45,15
19.05.2022,05:00,15
19.05.2022,05:15,15
19.05.2022,05:30,15
19.05.2022,05:45,15
19.05.2022,06:00,15
19.05.2022,06:15,15
19.05.2022,06:30,15
19.05.2022,06:45,15
19.05.2022,07:00,15
19.05.2022,07:15,15
19.05.2022,07:30,15
19.05.2022,07:45,15
19.05.2022,08:00,15
19.05.2022,08:15,15
19.05.2022,08:30,15
19.05.2022,08:45,15
19.05.2022,09:00,15
19.05.2022,09:15,15
19.05.2022,09:30,15
19.05.2022,09:45,15
19.05.2022,10:00,15
19.05.2022,10:15,15
19.05.2022,10:30,15
19.05.2022,10:45,15
19.05.2022,11:00,15
19.05.2022,11:15,15
19.05.2022,11:30,15
19.05.2022,11:45,15
19.05.2022,12:00,15
19.05.2022,12:15,15
19.05.2022,12:30,15
19.05.2022,12:45,15
19.05.2022,13:00,15
19.05.2022,13:15,15
19.05.2022,13:30,15
19.05.2022,13:45,15
19.05.2022,14:00,15
19.05.2022,14:15,15
19.05.2022,14:30,15
19.05.2022,14:45,15
19.05.2022,15:00,15
19.05.2022,15:15,15
19.05.2022,15:30,15
19.05.2022,15:45,15
19.05.2022,16:00,15
19.05.2022,16:15,19
19.05.2022,16:30,25
19.05.2022,16:45,21
19.05.2022,17:00,19
19.05.2022,17:15,18
19.05.2022,17:30,17
19.05.2022,17:45,17
19.05.2022,18:00,17
19.05.2022,18:15,18
19.05.2022,18:30,19
19.05.2022,18:45,20
19.05.2022,19:00,20
19.05.2022,19:15,20
19.05.2022,19:30,20
19.05.2022,19:45,19
19.05.2022,20:00,25
19.05.2022,20:15,29
19.05.2022,20:30,29
19.05.2022,20:45,28
19.05.2022,21:00,28
19.05.2022,21:15,28
19.05.2022,21:30,27
19.05.2022,21:45,27
19.05.2022,22:00,27
19.05.2022,22:15,27
19.05.2022,22:30,27
19.05.2022,22:45,27
19.05.2022,23:00,27
19.05.2022,23:15,27
19.05.2022,23:30,27
19.05.2022,23:45,27
20.05.2022,00:00,28
20.05.2022,00:15,27
20.05.2022,00:30,27
20.05.2022,00:45,27
20.05.2022,01:00,27
20.05.2022,01:15,27
20.05.2022,01:30,27
20.05.2022,01:45,27
20.05.2022,02:00,27
20.05.2022,02:15,27
20.05.2022,02:30,26
20.05.2022,02:45,26
20.05.2022,03:00,26
20.05.2022,03:15,26
20.05.2022,03:30,26
20.05.2022,03:45,26
20.05.2022,04:00,26
20.05.2022,04:15,26
20.05.2022,04:30,26
20.05.2022,04:45,25
20.05.2022,05:00,25
20.05.2022,05:15,25
20.05.2022,05:30,25
20.05.2022,05:45,25
20.05.2022,06:00,25
20.05.2022,06:15,25
20.05.2022,06:30,25
20.05.2022,06:45,25
20.05.2022,07:00,25
20.05.2022,07:15,24
20.05.2022,07:30,24
20.05.2022,07:45,24
20.05.2022,08:00,24
20.05.2022,08:15,24
20.05.2022,08:30,24
20.05.2022,08:45,24
20.05.2022,09:00,24
20.05.2022,09:15,24
20.05.2022,09:30,24
20.05.2022,09:45,24
20.05.2022,10:00,24
20.05.2022,10:15,24
20.05.2022,10:30,23
20.05.2022,10:45,23
20.05.2022,11:00,23
20.05.2022,11:15,23
20.05.2022,11:30,23
20.05.2022,11:45,23
20.05.2022,12:00,23
20.05.2022,12:15,23
20.05.2022,12:30,23
20.05.2022,12:45,23
20.05.2022,13:00,23
20.05.2022,13:15,23
20.05.2022,13:30,23
20.05.2022,13:45,23
20.05.2022,14:00,23
20.05.2022,14:15,23
20.05.2022,14:30,23
20.05.2022,14:45,23
20.05.2022,15:00,23
20.05.2022,15:15,23
20.05.2022,15:30,23
20.05.2022,15:45,23
20.05.2022,16:00,23
20.05.2022,16:15,23
20.05.2022,16:30,24
20.05.2022,16:45,24
20.05.2022,17:00,33
20.05.2022,17:15,29
20.05.2022,17:30,28
20.05.2022,17:45,30
20.05.2022,18:00,37
20.05.2022,18:15,38
20.05.2022,18:30,40
20.05.2022,18:45,44
20.05.2022,19:00,47
20.05.2022,19:15,48
20.05.2022,19:30,48
20.05.2022,19:45,48
20.05.2022,20:00,48
20.05.2022,20:15,49
20.05.2022,20:30,49
20.05.2022,20:45,49
20.05.2022,21:00,48
20.05.2022,21:15,48
20.05.2022,21:30,47
20.05.2022,21:45,47
20.05.2022,22:00,46
20.05.2022,22:15,46
20.05.2022,22:30,45
20.05.2022,22:45,45
20.05.2022,23:00,44
20.05.2022,23:15,43
20.05.2022,23:30,43
20.05.2022,23:45,42
21.05.2022,00:00,42
21.05.2022,00:15,41
21.05.2022,00:30,41
21.05.2022,00:45,40
21.05.2022,01:00,40
21.05.2022,01:15,39
21.05.2022,01:30,39
21.05.2022,01:45,38
21.05.2022,02:00,38
21.05.2022,02:15,38
21.05.2022,02:30,37
21.05.2022,02:45,37
21.05.2022,03:00,37
21.05.2022,03:15,37
21.05.2022,03:30,36
21.05.2022,03:45,36
21.05.2022,04:00,36
21.05.2022,04:15,36
21.05.2022,04:30,35
21.05.2022,04:45,35
21.05.2022,05:00,35
21.05.2022,05:15,35
21.05.2022,05:30,35
21.05.2022,05:45,34
21.05.2022,06:00,34
21.05.2022,06:15,34
21.05.2022,06:30,34
21.05.2022,06:45,34
21.05.2022,07:00,34
21.05.2022,07:15,34
21.05.2022,07:30,34
21.05.2022,07:45,33
21.05.2022,08:00,33
21.05.2022,08:15,33
21.05.2022,08:30,33
21.05.2022,08:45,33
21.05.2022,09:00,33
21.05.2022,09:15,33
21.05.2022,09:30,33
21.05.2022,09:45,33
21.05.2022,10:00,33
21.05.2022,10:15,32
21.05.2022,10:30,32
21.05.2022,10:45,32
21.05.2022,11:00,32
21.05.2022,11:15,32
21.05.2022,11:30,32
21.05.2022,11:45,32
21.05.2022,12:00,32
21.05.2022,12:15,32
21.05.2022,12:30,32
21.05.2022,12:45,32
21.05.2022,13:00,32
21.05.2022,13:15,32
21.05.2022,13:30,31
21.05.2022,13:45,31
21.05.2022,14:00,31
21.05.2022,14:15,31
21.05.2022,14:30,31
21.05.2022,14:45,31
21.05.2022,15:00,31
21.05.2022,15:15,31
21.05.2022,15:30,31
21.05.2022,15:45,31
21.05.2022,16:00,31
21.05.2022,16:15,31
21.05.2022,16:30,31
21.05.2022,16:45,31
21.05.2022,17:00,31
21.05.2022,17:15,31
21.05.2022,17:30,30
21.05.2022,17:45,30
21.05.2022,18:00,30
21.05.2022,18:15,30
21.05.2022,18:30,30
21.05.2022,18:45,30
21.05.2022,19:00,30
21.05.2022,19:15,30
21.05.2022,19:30,30
21.05.2022,19:45,30
21.05.2022,20:00,30
21.05.2022,20:15,30
21.05.2022,20:30,30
21.05.2022,20:45,30
21.05.2022,21:00,30
21.05.2022,21:15,30
21.05.2022,21:30,30
21.05.2022,21:45,30
21.05.2022,22:00,30
21.05.2022,22:15,30
21.05.2022,22:30,30
21.05.2022,22:45,30
21.05.2022,23:00,30
21.05.2022,23:15,29
21.05.2022,23:30,29
21.05.2022,23:45,29
22.05.2022,00:00,29
22.05.2022,00:15,29
22.05.2022,00:30,29
22.05.2022,00:45,29
22.05.2022,01:00,29
22.05.2022,01:15,29
22.05.2022,01:30,29
22.05.2022,01:45,29
22.05.2022,02:00,29
22.05.2022,02:15,29
22.05.2022,02:30,29
22.05.2022,02:45,29
22.05.2022,03:00,29
22.05.2022,03:15,29
22.05.2022,03:30,29
22.05.2022,03:45,29
22.05.2022,04:00,29
22.05.2022,04:15,29
22.05.2022,04:30,29
22.05.2022,04:45,29
22.05.2022,05:00,29
22.05.2022,05:15,29
22.05.2022,05:30,29
22.05.2022,05:45,29
22.05.2022,06:00,29
22.05.2022,06:15,29
22.05.2022,06:30,29
22.05.2022,06:45,29
22.05.2022,07:00,28
22.05.2022,07:15,29
22.05.2022,07:30,28
22.05.2022,07:45,28
22.05.2022,08:00,28
22.05.2022,08:15,28
22.05.2022,08:30,28
22.05.2022,08:45,28
22.05.2022,09:00,28
22.05.2022,09:15,28
22.05.2022,09:30,28
22.05.2022,09:45,28
22.05.2022,10:00,28
22.05.2022,10:15,28
22.05.2022,10:30,28
22.05.2022,10:45,28
22.05.2022,11:00,28
22.05.2022,11:15,28
22.05.2022,11:30,28
22.05.2022,11:45,28
22.05.2022,12:00,28
22.05.2022,12:15,28
22.05.2022,12:30,28
22.05.2022,12:45,28
22.05.2022,13:00,28
22.05.2022,13:15,28
22.05.2022,13:30,28
22.05.2022,13:45,28
22.05.2022,14:00,28
22.05.2022,14:15,28
22.05.2022,14:30,28
22.05.2022,14:45,28
22.05.2022,15:00,28
22.05.2022,15:15,28
22.05.2022,15:30,28
22.05.2022,15:45,28
22.05.2022,16:00,28
22.05.2022,16:15,28
22.05.2022,16:30,28
22.05.2022,16:45,28
22.05.2022,17:00,28
22.05.2022,17:15,28
22.05.2022,17:30,28
22.05.2022,17:45,27
22.05.2022,18:00,27
22.05.2022,18:15,27
22.05.2022,18:30,27
22.05.2022,18:45,27
22.05.2022,19:00,27
22.05.2022,19:15,27
22.05.2022,19:30,27
22.05.2022,19:45,27
22.05.2022,20:00,27
22.05.2022,20:15,27
22.05.2022,20:30,27
22.05.2022,20:45,27
22.05.2022,21:00,27
22.05.2022,21:15,27
22.05.2022,21:30,27
22.05.2022,21:45,27
22.05.2022,22:00,27
22.05.2022,22:15,27
22.05.2022,22:30,27
22.05.2022,22:45,27
22.05.2022,23:00,27
22.05.2022,23:15,27
22.05.2022,23:30,27
22.05.2022,23:45,27
23.05.2022,00:00,27
23.05.2022,00:15,27
23.05.2022,00:30,27
23.05.2022,00:45,27
23.05.2022,01:00,27
23.05.2022,01:15,27
23.05.2022,01:30,27
23.05.2022,01:45,27
23.05.2022,02:00,27
23.05.2022,02:15,27
23.05.2022,02:30,27
23.05.2022,02:45,27
23.05.2022,03:00,27
23.05.2022,03:15,27
23.05.2022,03:30,27
23.05.2022,03:45,27
23.05.2022,04:00,27
23.05.2022,04:15,27
23.05.2022,04:30,27
23.05.2022,04:45,27
23.05.2022,05:00,27
23.05.2022,05:15,26
23.05.2022,05:30,27
23.05.2022,05:45,26
23.05.2022,06:00,26
23.05.2022,06:15,26
23.05.2022,06:30,26
23.05.2022,06:45,26
23.05.2022,07:00,26
23.05.2022,07:15,26
23.05.2022,07:30,26
23.05.2022,07:45,26
23.05.2022,08:00,26
23.05.2022,08:15,26
23.05.2022,08:30,27
23.05.2022,08:45,26
23.05.2022,09:00,26
23.05.2022,09:15,26
23.05.2022,09:30,26
23.05.2022,09:45,26
23.05.2022,10:00,26
23.05.2022,10:15,26
23.05.2022,10:30,26
23.05.2022,10:45,26
23.05.2022,11:00,26
23.05.2022,11:15,26
23.05.2022,11:30,26
23.05.2022,11:45,26
23.05.2022,12:00,26
23.05.2022,12:15,26
23.05.2022,12:30,26
23.05.2022,12:45,26
23.05.2022,13:00,26
23.05.2022,13:15,26
23.05.2022,13:30,26
23.05.2022,13:45,26
23.05.2022,14:00,26
23.05.2022,14:15,27
23.05.2022,14:30,26
23.05.2022,14:45,26
23.05.2022,15:00,26
23.05.2022,15:15,26
23.05.2022,15:30,26
23.05.2022,15:45,26
23.05.2022,16:00,26
23.05.2022,16:15,26
23.05.2022,16:30,27
23.05.2022,16:45,31
23.05.2022,17:00,28
23.05.2022,17:15,27
23.05.2022,17:30,27
23.05.2022,17:45,28
23.05.2022,18:00,30
23.05.2022,18:15,29
23.05.2022,18:30,29
23.05.2022,18:45,29
23.05.2022,19:00,29
23.05.2022,19:15,29
23.05.2022,19:30,30
23.05.2022,19:45,34
23.05.2022,20:00,34
23.05.2022,20:15,34
23.05.2022,20:30,34
23.05.2022,20:45,33
23.05.2022,21:00,34
23.05.2022,21:15,34
23.05.2022,21:30,35
23.05.2022,21:45,35
23.05.2022,22:00,35
23.05.2022,22:15,35
23.05.2022,22:30,35
23.05.2022,22:45,35
23.05.2022,23:00,34
23.05.2022,23:15,34
23.05.2022,23:30,34
23.05.2022,23:45,34
24.05.2022,00:00,34
24.05.2022,00:15,34
24.05.2022,00:30,34
24.05.2022,00:45,34
24.05.2022,01:00,34
24.05.2022,01:15,33
24.05.2022,01:30,33
24.05.2022,01:45,33
24.05.2022,02:00,33
24.05.2022,02:15,33
24.05.2022,02:30,33
24.05.2022,02:45,33
24.05.2022,03:00,33
24.05.2022,03:15,33
24.05.2022,03:30,32
24.05.2022,03:45,32
24.05.2022,04:00,32
24.05.2022,04:15,32
24.05.2022,04:30,32
24.05.2022,04:45,32
24.05.2022,05:00,32
24.05.2022,05:15,32
24.05.2022,05:30,32
24.05.2022,05:45,32
24.05.2022,06:00,32
24.05.2022,06:15,32
24.05.2022,06:30,32
24.05.2022,06:45,32
24.05.2022,07:00,32
24.05.2022,07:15,32
24.05.2022,07:30,32
24.05.2022,07:45,32
24.05.2022,08:00,32
24.05.2022,08:15,32
24.05.2022,08:30,32
24.05.2022,08:45,32
24.05.2022,09:00,33
24.05.2022,09:15,33
24.05.2022,09:30,33
24.05.2022,09:45,33
24.05.2022,10:00,34
24.05.2022,10:15,34
24.05.2022,10:30,34
24.05.2022,10:45,35
24.05.2022,11:00,35
24.05.2022,11:15,35
24.05.2022,11:30,36
24.05.2022,11:45,36
24.05.2022,12:00,36
24.05.2022,12:15,36
24.05.2022,12:30,36
24.05.2022,12:45,36
24.05.2022,13:00,36
24.05.2022,13:15,36
24.05.2022,13:30,36
24.05.2022,13:45,36
24.05.2022,14:00,36
24.05.2022,14:15,36
24.05.2022,14:30,36
24.05.2022,14:45,36
24.05.2022,15:00,36
24.05.2022,15:15,36
24.05.2022,15:30,35
24.05.2022,15:45,35
24.05.2022,16:00,35
24.05.2022,16:15,35
24.05.2022,16:30,35
24.05.2022,16:45,35
24.05.2022,17:00,35
24.05.2022,17:15,34
24.05.2022,17:30,34
24.05.2022,17:45,34
24.05.2022,18:00,34
24.05.2022,18:15,34
24.05.2022,18:30,34
24.05.2022,18:45,34
24.05.2022,19:00,34
24.05.2022,19:15,34
24.05.2022,19:30,34
24.05.2022,19:45,34
24.05.2022,20:00,34
24.05.2022,20:15,33
24.05.2022,20:30,33
24.05.2022,20:45,33
24.05.2022,21:00,33
24.05.2022,21:15,33
24.05.2022,21:30,33
24.05.2022,21:45,33
24.05.2022,22:00,33
24.05.2022,22:15,33
24.05.2022,22:30,33
24.05.2022,22:45,33
24.05.2022,23:00,32
24.05.2022,23:15,32
24.05.2022,23:30,32
24.05.2022,23:45,32
25.05.2022,00:00,32
25.05.2022,00:15,32
25.05.2022,00:30,32
25.05.2022,00:45,32
25.05.2022,01:00,32
25.05.2022,01:15,32
25.05.2022,01:30,32
25.05.2022,01:45,32
25.05.2022,02:00,32
25.05.2022,02:15,32
25.05.2022,02:30,32
25.05.2022,02:45,32
25.05.2022,03:00,32
25.05.2022,03:15,32
25.05.2022,03:30,32
25.05.2022,03:45,32
25.05.2022,04:00,31
25.05.2022,04:15,31
25.05.2022,04:30,31
25.05.2022,04:45,31
25.05.2022,05:00,31
25.05.2022,05:15,31
25.05.2022,05:30,31
25.05.2022,05:45,31
25.05.2022,06:00,31
25.05.2022,06:15,31
25.05.2022,06:30,31
25.05.2022,06:45,31
25.05.2022,07:00,31
25.05.2022,07:15,31
25.05.2022,07:30,31
25.05.2022,07:45,31
25.05.2022,08:00,31
25.05.2022,08:15,31
25.05.2022,08:30,31
25.05.2022,08:45,31
25.05.2022,09:00,31
25.05.2022,09:15,31
25.05.2022,09:30,31
25.05.2022,09:45,31
25.05.2022,10:00,31
25.05.2022,10:15,31
25.05.2022,10:30,31
25.05.2022,10:45,31
25.05.2022,11:00,31
25.05.2022,11:15,31
25.05.2022,11:30,30
25.05.2022,11:45,30
25.05.2022,12:00,30
25.05.2022,12:15,30
25.05.2022,12:30,30
25.05.2022,12:45,30
25.05.2022,13:00,30
25.05.2022,13:15,30
25.05.2022,13:30,30
25.05.2022,13:45,30
25.05.2022,14:00,30
25.05.2022,14:15,30
25.05.2022,14:30,30
25.05.2022,14:45,30
25.05.2022,15:00,30
25.05.2022,15:15,30
25.05.2022,15:30,30
25.05.2022,15:45,30
25.05.2022,16:00,30
25.05.2022,16:15,30
25.05.2022,16:30,30
25.05.2022,16:45,30
25.05.2022,17:00,30
25.05.2022,17:15,30
25.05.2022,17:30,30
25.05.2022,17:45,30
25.05.2022,18:00,30
25.05.2022,18:15,30
25.05.2022,18:30,30
25.05.2022,18:45,30
25.05.2022,19:00,30
25.05.2022,19:15,30
25.05.2022,19:30,29
25.05.2022,19:45,29
25.05.2022,20:00,29
25.05.2022,20:15,29
25.05.2022,20:30,29
25.05.2022,20:45,29
25.05.2022,21:00,29
25.05.2022,21:15,29
25.05.2022,21:30,29
25.05.2022,21:45,29
25.05.2022,22:00,29
25.05.2022,22:15,29
25.05.2022,22:30,29
25.05.2022,22:45,29
25.05.2022,23:00,29
25.05.2022,23:15,29
25.05.2022,23:30,29
25.05.2022,23:45,29
26.05.2022,00:00,29
26.05.2022,00:15,29
26.05.2022,00:30,29
26.05.2022,00:45,29
26.05.2022,01:00,29
26.05.2022,01:15,29
26.05.2022,01:30,29
26.05.2022,01:45,29
26.05.2022,02:00,29
26.05.2022,02:15,29
26.05.2022,02:30,29
26.05.2022,02:45,29
26.05.2022,03:00,29
26.05.2022,03:15,29
26.05.2022,03:30,29
26.05.2022,03:45,29
26.05.2022,04:00,29
26.05.2022,04:15,29
26.05.2022,04:30,29
26.05.2022,04:45,29
26.05.2022,05:00,29
26.05.2022,05:15,29
26.05.2022,05:30,29
26.05.2022,05:45,29
26.05.2022,06:00,29
26.05.2022,06:15,29
26.05.2022,06:30,29
26.05.2022,06:45,29
26.05.2022,07:00,29
26.05.2022,07:15,29
26.05.2022,07:30,29
26.05.2022,07:45,29
26.05.2022,08:00,29
26.05.2022,08:15,29
26.05.2022,08:30,29
26.05.2022,08:45,29
26.05.2022,09:00,28
26.05.2022,09:15,28
26.05.2022,09:30,28
26.05.2022,09:45,28
26.05.2022,10:00,28
26.05.2022,10:15,28
26.05.2022,10:30,28
26.05.2022,10:45,28
26.05.2022,11:00,28
26.05.2022,11:15,28
26.05.2022,11:30,28
26.05.2022,11:45,28
26.05.2022,12:00,28
26.05.2022,12:15,28
26.05.2022,12:30,28
26.05.2022,12:45,28
26.05.2022,13:00,28
26.05.2022,13:15,28
26.05.2022,13:30,28
26.05.2022,13:45,28
26.05.2022,14:00,28
26.05.2022,14:15,28
26.05.2022,14:30,28
26.05.2022,14:45,28
26.05.2022,15:00,28
26.05.2022,15:15,28
26.05.2022,15:30,28
26.05.2022,15:45,28
26.05.2022,16:00,28
26.05.2022,16:15,28
26.05.2022,16:30,28
26.05.2022,16:45,28
26.05.2022,17:00,28
26.05.2022,17:15,28
26.05.2022,17:30,28
26.05.2022,17:45,28
26.05.2022,18:00,28
26.05.2022,18:15,28
26.05.2022,18:30,28
26.05.2022,18:45,28
26.05.2022,19:00,28
26.05.2022,19:15,28
26.05.2022,19:30,28
26.05.2022,19:45,28
26.05.2022,20:00,28
26.05.2022,20:15,28
26.05.2022,20:30,28
26.05.2022,20:45,28
26.05.2022,21:00,28
26.05.2022,21:15,28
26.05.2022,21:30,27
26.05.2022,21:45,27
26.05.2022,22:00,27
26.05.2022,22:15,27
26.05.2022,22:30,27
26.05.2022,22:45,27
26.05.2022,23:00,27
26.05.2022,23:15,27
26.05.2022,23:30,27
26.05.2022,23:45,27
27.05.2022,00:00,27
27.05.2022,00:15,27
27.05.2022,00:30,27
27.05.2022,00:45,27
27.05.2022,01:00,27
27.05.2022,01:15,27
27.05.2022,01:30,27
27.05.2022,01:45,27
27.05.2022,02:00,27
27.05.2022,02:15,27
27.05.2022,02:30,27
27.05.2022,02:45,27
27.05.2022,03:00,27
27.05.2022,03:15,27
27.05.2022,03:30,27
27.05.2022,03:45,27
27.05.2022,04:00,27
27.05.2022,04:15,27
27.05.2022,04:30,27
27.05.2022,04:45,27
27.05.2022,05:00,27
27.05.2022,05:15,27
27.05.2022,05:30,27
27.05.2022,05:45,27
27.05.2022,06:00,27
27.05.2022,06:15,27
27.05.2022,06:30,27
27.05.2022,06:45,27
27.05.2022,07:00,27
27.05.2022,07:15,27
27.05.2022,07:30,27
27.05.2022,07:45,27
27.05.2022,08:00,27
27.05.2022,08:15,27
27.05.2022,08:30,27
27.05.2022,08:45,27
27.05.2022,09:00,27
27.05.2022,09:15,27
27.05.2022,09:30,27
27.05.2022,09:45,27
27.05.2022,10:00,27
27.05.2022,10:15,27
27.05.2022,10:30,27
27.05.2022,10:45,27
27.05.2022,11:00,27
27.05.2022,11:15,27
27.05.2022,11:30,27
27.05.2022,11:45,27
27.05.2022,12:00,27
27.05.2022,12:15,27
27.05.2022,12:30,27
27.05.2022,12:45,27
27.05.2022,13:00,27
27.05.2022,13:15,27
27.05.2022,13:30,27
27.05.2022,13:45,27
27.05.2022,14:00,27
27.05.2022,14:15,28
27.05.2022,14:30,27
27.05.2022,14:45,27
27.05.2022,15:00,27
27.05.2022,15:15,27
27.05.2022,15:30,27
27.05.2022,15:45,27
27.05.2022,16:00,27
27.05.2022,16:15,27
27.05.2022,16:30,27
27.05.2022,16:45,27
27.05.2022,17:00,27
27.05.2022,17:15,27
27.05.2022,17:30,27
27.05.2022,17:45,27
27.05.2022,18:00,27
27.05.2022,18:15,27
27.05.2022,18:30,27
27.05.2022,18:45,27
27.05.2022,19:00,27
27.05.2022,19:15,27
27.05.2022,19:30,27
27.05.2022,19:45,27
27.05.2022,20:00,27
27.05.2022,20:15,27
27.05.2022,20:30,27
27.05.2022,20:45,27
27.05.2022,21:00,27
27.05.2022,21:15,27
27.05.2022,21:30,27
27.05.2022,21:45,27
27.05.2022,22:00,27
27.05.2022,22:15,27
27.05.2022,22:30,27
27.05.2022,22:45,27
27.05.2022,23:00,27
27.05.2022,23:15,27
27.05.2022,23:30,27
27.05.2022,23:45,27
28.05.2022,00:00,27
28.05.2022,00:15,27
28.05.2022,00:30,27
28.05.2022,00:45,27
28.05.2022,01:00,27
28.05.2022,01:15,27
28.05.2022,01:30,27
28.05.2022,01:45,27
28.05.2022,02:00,27
28.05.2022,02:15,27
28.05.2022,02:30,27
28.05.2022,02:45,27
28.05.2022,03:00,27
28.05.2022,03:15,27
28.05.2022,03:30,27
28.05.2022,03:45,27
28.05.2022,04:00,26
28.05.2022,04:15,27
28.05.2022,04:30,26
28.05.2022,04:45,26
28.05.2022,05:00,26
28.05.2022,05:15,26
28.05.2022,05:30,27
28.05.2022,05:45,26
28.05.2022,06:00,26
28.05.2022,06:15,26
28.05.2022,06:30,26
28.05.2022,06:45,26
28.05.2022,07:00,26
28.05.2022,07:15,26
28.05.2022,07:30,26
28.05.2022,07:45,26
28.05.2022,08:00,26
28.05.2022,08:15,26
28.05.2022,08:30,26
28.05.2022,08:45,26
28.05.2022,09:00,26
28.05.2022,09:15,26
28.05.2022,09:30,26
28.05.2022,09:45,26
28.05.2022,10:00,26
28.05.2022,10:15,26
28.05.2022,10:30,26
28.05.2022,10:45,26
28.05.2022,11:00,26
28.05.2022,11:15,26
28.05.2022,11:30,26
28.05.2022,11:45,26
28.05.2022,12:00,26
28.05.2022,12:15,26
28.05.2022,12:30,26
28.05.2022,12:45,26
28.05.2022,13:00,26
28.05.2022,13:15,26
28.05.2022,13:30,26
28.05.2022,13:45,26
28.05.2022,14:00,26
28.05.2022,14:15,26
28.05.2022,14:30,26
28.05.2022,14:45,26
28.05.2022,15:00,26
28.05.2022,15:15,26
28.05.2022,15:30,26
28.05.2022,15:45,26
28.05.2022,16:00,26
28.05.2022,16:15,26
28.05.2022,16:30,26
28.05.2022,16:45,26
28.05.2022,17:00,26
28.05.2022,17:15,26
28.05.2022,17:30,26
28.05.2022,17:45,26
28.05.2022,18:00,26
28.05.2022,18:15,26
28.05.2022,18:30,26
28.05.2022,18:45,26
28.05.2022,19:00,26
28.05.2022,19:15,26
28.05.2022,19:30,26
28.05.2022,19:45,26
28.05.2022,20:00,26
28.05.2022,20:15,26
28.05.2022,20:30,26
28.05.2022,20:45,26
28.05.2022,21:00,26
28.05.2022,21:15,26
28.05.2022,21:30,26
28.05.2022,21:45,26
28.05.2022,22:00,26
28.05.2022,22:15,26
28.05.2022,22:30,26
28.05.2022,22:45,26
28.05.2022,23:00,26
28.05.2022,23:15,26
28.05.2022,23:30,26
28.05.2022,23:45,26
29.05.2022,00:00,26
29.05.2022,00:15,26
29.05.2022,00:30,26
29.05.2022,00:45,26
29.05.2022,01:00,26
29.05.2022,01:15,26
29.05.2022,01:30,26
29.05.2022,01:45,26
29.05.2022,02:00,26
29.05.2022,02:15,26
29.05.2022,02:30,26
29.05.2022,02:45,26
29.05.2022,03:00,26
29.05.2022,03:15,26
29.05.2022,03:30,25
29.05.2022,03:45,25
29.05.2022,04:00,25
29.05.2022,04:15,25
29.05.2022,04:30,25
29.05.2022,04:45,25
29.05.2022,05:00,25
29.05.2022,05:15,25
29.05.2022,05:30,25
29.05.2022,05:45,25
29.05.2022,06:00,25
29.05.2022,06:15,25
29.05.2022,06:30,25
29.05.2022,06:45,26
29.05.2022,07:00,26
29.05.2022,07:15,26
29.05.2022,07:30,26
29.05.2022,07:45,26
29.05.2022,08:00,26
29.05.2022,08:15,26
29.05.2022,08:30,26
29.05.2022,08:45,26
29.05.2022,09:00,26
29.05.2022,09:15,26
29.05.2022,09:30,26
29.05.2022,09:45,26
29.05.2022,10:00,26
29.05.2022,10:15,26
29.05.2022,10:30,26
29.05.2022,10:45,26
29.05.2022,11:00,26
29.05.2022,11:15,26
29.05.2022,11:30,26
29.05.2022,11:45,26
29.05.2022,12:00,26
29.05.2022,12:15,26
29.05.2022,12:30,26
29.05.2022,12:45,26
29.05.2022,13:00,26
29.05.2022,13:15,26
29.05.2022,13:30,26
29.05.2022,13:45,26
29.05.2022,14:00,26
29.05.2022,14:15,26
29.05.2022,14:30,26
29.05.2022,14:45,26
29.05.2022,15:00,26
29.05.2022,15:15,26
29.05.2022,15:30,26
29.05.2022,15:45,26
29.05.2022,16:00,26
29.05.2022,16:15,26
29.05.2022,16:30,26
29.05.2022,16:45,26
29.05.2022,17:00,26
29.05.2022,17:15,25
29.05.2022,17:30,25
29.05.2022,17:45,26
29.05.2022,18:00,26
29.05.2022,18:15,26
29.05.2022,18:30,26
29.05.2022,18:45,25
29.05.2022,19:00,26
29.05.2022,19:15,26
29.05.2022,19:30,26
29.05.2022,19:45,25
29.05.2022,20:00,25
29.05.2022,20:15,26
29.05.2022,20:30,26
29.05.2022,20:45,26
29.05.2022,21:00,26
29.05.2022,21:15,26
29.05.2022,21:30,26
29.05.2022,21:45,26
29.05.2022,22:00,26
29.05.2022,22:15,26
29.05.2022,22:30,26
29.05.2022,22:45,26
29.05.2022,23:00,25
29.05.2022,23:15,25
29.05.2022,23:30,26
29.05.2022,23:45,26
30.05.2022,00:00,26
30.05.2022,00:15,26
30.05.2022,00:30,26
30.05.2022,00:45,26
30.05.2022,01:00,26
30.05.2022,01:15,26
30.05.2022,01:30,26
30.05.2022,01:45,26
30.05.2022,02:00,26
30.05.2022,02:15,25
30.05.2022,02:30,25
30.05.2022,02:45,25
30.05.2022,03:00,25
30.05.2022,03:15,25
30.05.2022,03:30,25
30.05.2022,03:45,25
30.05.2022,04:00,25
30.05.2022,04:15,25
30.05.2022,04:30,25
30.05.2022,04:45,25
30.05.2022,05:00,25
30.05.2022,05:15,25
30.05.2022,05:30,26
30.05.2022,05:45,26
30.05.2022,06:00,26
30.05.2022,06:15,25
30.05.2022,06:30,25
30.05.2022,06:45,25
30.05.2022,07:00,25
30.05.2022,07:15,25
30.05.2022,07:30,25
30.05.2022,07:45,25
30.05.2022,08:00,25
30.05.2022,08:15,25
30.05.2022,08:30,25
30.05.2022,08:45,25
30.05.2022,09:00,25
30.05.2022,09:15,25
30.05.2022,09:30,25
30.05.2022,09:45,25
30.05.2022,10:00,25
30.05.2022,10:15,25
30.05.2022,10:30,25
30.05.2022,10:45,25
30.05.2022,11:00,25
30.05.2022,11:15,25
30.05.2022,11:30,25
30.05.2022,11:45,25
30.05.2022,12:00,25
30.05.2022,12:15,25
30.05.2022,12:30,25
30.05.2022,12:45,25
30.05.2022,13:00,25
30.05.2022,13:15,25
30.05.2022,13:30,25
30.05.2022,13:45,25
30.05.2022,14:00,25
30.05.2022,14:15,25
30.05.2022,14:30,25
30.05.2022,14:45,25
30.05.2022,15:00,25
30.05.2022,15:15,25
30.05.2022,15:30,25
30.05.2022,15:45,25
30.05.2022,16:00,25
30.05.2022,16:15,25
30.05.2022,16:30,25
30.05.2022,16:45,25
30.05.2022,17:00,25
30.05.2022,17:15,25
30.05.2022,17:30,25
30.05.2022,17:45,25
30.05.2022,18:00,25
30.05.2022,18:15,25
30.05.2022,18:30,25
30.05.2022,18:45,25
30.05.2022,19:00,25
30.05.2022,19:15,25
30.05.2022,19:30,25
30.05.2022,19:45,25
30.05.2022,20:00,25
30.05.2022,20:15,25
30.05.2022,20:30,25
30.05.2022,20:45,25
30.05.2022,21:00,25
30.05.2022,21:15,25
30.05.2022,21:30,25
30.05.2022,21:45,25
30.05.2022,22:00,25
30.05.2022,22:15,25
30.05.2022,22:30,25
30.05.2022,22:45,25
30.05.2022,23:00,25
30.05.2022,23:15,25
30.05.2022,23:30,25
30.05.2022,23:45,25
31.05.2022,00:00,25
31.05.2022,00:15,25
31.05.2022,00:30,25
31.05.2022,00:45,25
31.05.2022,01:00,25
31.05.2022,01:15,25
31.05.2022,01:30,25
31.05.2022,01:45,25
31.05.2022,02:00,25
31.05.2022,02:15,25
31.05.2022,02:30,25
31.05.2022,02:45,25
31.05.2022,03:00,25
31.05.2022,03:15,25
31.05.2022,03:30,24
31.05.2022,03:45,24
31.05.2022,04:00,24
31.05.2022,04:15,24
31.05.2022,04:30,24
31.05.2022,04:45,24
31.05.2022,05:00,24
31.05.2022,05:15,24
31.05.2022,05:30,24
31.05.2022,05:45,24
31.05.2022,06:00,24
31.05.2022,06:15,25
31.05.2022,06:30,24
31.05.2022,06:45,25
31.05.2022,07:00,24
31.05.2022,07:15,24
31.05.2022,07:30,24
31.05.2022,07:45,25
31.05.2022,08:00,24
31.05.2022,08:15,25
31.05.2022,08:30,24
31.05.2022,08:45,25
31.05.2022,09:00,25
31.05.2022,09:15,25
31.05.2022,09:30,25
31.05.2022,09:45,25
31.05.2022,10:00,25
31.05.2022,10:15,25
31.05.2022,10:30,25
31.05.2022,10:45,25
31.05.2022,11:00,25
31.05.2022,11:15,25
31.05.2022,11:30,25
31.05.2022,11:45,24
31.05.2022,12:00,24
31.05.2022,12:15,25
31.05.2022,12:30,24
31.05.2022,12:45,24
31.05.2022,13:00,25
31.05.2022,13:15,24
31.05.2022,13:30,25
31.05.2022,13:45,24
31.05.2022,14:00,24
31.05.2022,14:15,24
31.05.2022,14:30,24
31.05.2022,14:45,24
31.05.2022,15:00,24
31.05.2022,15:15,24
31.05.2022,15:30,24
31.05.2022,15:45,24
31.05.2022,16:00,24
31.05.2022,16:15,25
31.05.2022,16:30,25
31.05.2022,16:45,25
31.05.2022,17:00,25
31.05.2022,17:15,25
31.05.2022,17:30,25
31.05.2022,17:45,25
31.05.2022,18:00,25
31.05.2022,18:15,25
31.05.2022,18:30,25
31.05.2022,18:45,25
31.05.2022,19:00,25
31.05.2022,19:15,25
31.05.2022,19:30,25
31.05.2022,19:45,25
31.05.2022,20:00,25
31.05.2022,20:15,25
31.05.2022,20:30,25
31.05.2022,20:45,25
31.05.2022,21:00,25
31.05.2022,21:15,25
31.05.2022,21:30,25
31.05.2022,21:45,24
31.05.2022,22:00,24
31.05.2022,22:15,24
31.05.2022,22:30,24
31.05.2022,22:45,24
31.05.2022,23:00,24
31.05.2022,23:15,24
31.05.2022,23:30,24
31.05.2022,23:45,24
01.06.2022,00:00,24
01.06.2022,00:15,24
01.06.2022,00:30,24
01.06.2022,00:45,24
01.06.2022,01:00,24
01.06.2022,01:15,24
01.06.2022,01:30,24
01.06.2022,01:45,24
01.06.2022,02:00,24
01.06.2022,02:15,24
01.06.2022,02:30,24
01.06.2022,02:45,24
01.06.2022,03:00,24
01.06.2022,03:15,24
01.06.2022,03:30,24
01.06.2022,03:45,24
01.06.2022,04:00,24
01.06.2022,04:15,24
01.06.2022,04:30,24
01.06.2022,04:45,24
01.06.2022,05:00,24
01.06.2022,05:15,24
01.06.2022,05:30,24
01.06.2022,05:45,24
01.06.2022,06:00,24
01.06.2022,06:15,24
01.06.2022,06:30,24
01.06.2022,06:45,24
01.06.2022,07:00,24
01.06.2022,07:15,24
01.06.2022,07:30,24
01.06.2022,07:45,24
01.06.2022,08:00,24
01.06.2022,08:15,24
01.06.2022,08:30,24
01.06.2022,08:45,24
01.06.2022,09:00,24
01.06.2022,09:15,24
01.06.2022,09:30,24
01.06.2022,09:45,24
01.06.2022,10:00,24
01.06.2022,10:15,24
01.06.2022,10:30,24
01.06.2022,10:45,24
01.06.2022,11:00,24
01.06.2022,11:15,24
01.06.2022,11:30,24
01.06.2022,11:45,24
01.06.2022,12:00,24
01.06.2022,12:15,24
01.06.2022,12:30,24
01.06.2022,12:45,24
01.06.2022,13:00,24
01.06.2022,13:15,24
01.06.2022,13:30,24
01.06.2022,13:45,24
01.06.2022,14:00,24
01.06.2022,14:15,24
01.06.2022,14:30,24
01.06.2022,14:45,24
01.06.2022,15:00,24
01.06.2022,15:15,24
01.06.2022,15:30,24
01.06.2022,15:45,24
01.06.2022,16:00,24
01.06.2022,16:15,24
01.06.2022,16:30,24
01.06.2022,16:45,24
01.06.2022,17:00,24
01.06.2022,17:15,24
01.06.2022,17:30,24
01.06.2022,17:45,24
01.06.2022,18:00,24
01.06.2022,18:15,24
01.06.2022,18:30,23
01.06.2022,18:45,23
01.06.2022,19:00,23
01.06.2022,19:15,23
01.06.2022,19:30,23
01.06.2022,19:45,23
01.06.2022,20:00,23
01.06.2022,20:15,23
01.06.2022,20:30,23
01.06.2022,20:45,23
01.06.2022,21:00,23
01.06.2022,21:15,23
01.06.2022,21:30,23
01.06.2022,21:45,23
01.06.2022,22:00,23
01.06.2022,22:15,23
01.06.2022,22:30,23
01.06.2022,22:45,23
01.06.2022,23:00,23
01.06.2022,23:15,23
01.06.2022,23:30,23
01.06.2022,23:45,23
02.06.2022,00:00,23
02.06.2022,00:15,23
02.06.2022,00:30,23
02.06.2022,00:45,23
02.06.2022,01:00,23
02.06.2022,01:15,23
02.06.2022,01:30,23
02.06.2022,01:45,23
02.06.2022,02:00,23
02.06.2022,02:15,23
02.06.2022,02:30,23
02.06.2022,02:45,22
02.06.2022,03:00,22
02.06.2022,03:15,22
02.06.2022,03:30,22
02.06.2022,03:45,22
02.06.2022,04:00,22
02.06.2022,04:15,22
02.06.2022,04:30,22
02.06.2022,04:45,22
02.06.2022,05:00,22
02.06.2022,05:15,22
02.06.2022,05:30,22
02.06.2022,05:45,22
02.06.2022,06:00,22
02.06.2022,06:15,22
02.06.2022,06:30,22
02.06.2022,06:45,22
02.06.2022,07:00,22
02.06.2022,07:15,22
02.06.2022,07:30,21
02.06.2022,07:45,21
02.06.2022,08:00,21
02.06.2022,08:15,21
02.06.2022,08:30,21
02.06.2022,08:45,21
02.06.2022,09:00,21
02.06.2022,09:15,21
02.06.2022,09:30,21
02.06.2022,09:45,21
02.06.2022,10:00,21
02.06.2022,10:15,21
02.06.2022,10:30,21
02.06.2022,10:45,21
02.06.2022,11:00,21
02.06.2022,11:15,21
02.06.2022,11:30,21
02.06.2022,11:45,21
02.06.2022,12:00,21
02.06.2022,12:15,21
02.06.2022,12:30,21
02.06.2022,12:45,21
02.06.2022,13:00,21
02.06.2022,13:15,21
02.06.2022,13:30,21
02.06.2022,13:45,21
02.06.2022,14:00,21
02.06.2022,14:15,21
02.06.2022,14:30,21
02.06.2022,14:45,21
02.06.2022,15:00,21
02.06.2022,15:15,21
02.06.2022,15:30,21
02.06.2022,15:45,21
02.06.2022,16:00,21
02.06.2022,16:15,21
02.06.2022,16:30,21
02.06.2022,16:45,20
02.06.2022,17:00,20
02.06.2022,17:15,20
02.06.2022,17:30,20
02.06.2022,17:45,20
02.06.2022,18:00,20
02.06.2022,18:15,20
02.06.2022,18:30,20
02.06.2022,18:45,20
02.06.2022,19:00,20
02.06.2022,19:15,20
02.06.2022,19:30,20
02.06.2022,19:45,20
02.06.2022,20:00,20
02.06.2022,20:15,20
02.06.2022,20:30,20
02.06.2022,20:45,20
02.06.2022,21:00,20
02.06.2022,21:15,20
02.06.2022,21:30,20
02.06.2022,21:45,20
02.06.2022,22:00,20
02.06.2022,22:15,20
02.06.2022,22:30,19
02.06.2022,22:45,19
02.06.2022,23:00,19
02.06.2022,23:15,19
02.06.2022,23:30,19
02.06.2022,23:45,19
03.06.2022,00:00,19
03.06.2022,00:15,19
03.06.2022,00:30,19
03.06.2022,00:45,19
03.06.2022,01:00,19
03.06.2022,01:15,19
03.06.2022,01:30,19
03.06.2022,01:45,19
03.06.2022,02:00,19
03.06.2022,02:15,19
03.06.2022,02:30,19
03.06.2022,02:45,19
03.06.2022,03:00,19
03.06.2022,03:15,19
03.06.2022,03:30,19
03.06.2022,03:45,19
03.06.2022,04:00,19
03.06.2022,04:15,19
03.06.2022,04:30,19
03.06.2022,04:45,19
03.06.2022,05:00,19
03.06.2022,05:15,19
03.06.2022,05:30,19
03.06.2022,05:45,19
03.06.2022,06:00,19
03.06.2022,06:15,19
03.06.2022,06:30,19
03.06.2022,06:45,19
03.06.2022,07:00,19
03.06.2022,07:15,19
03.06.2022,07:30,19
03.06.2022,07:45,19
03.06.2022,08:00,19
03.06.2022,08:15,19
03.06.2022,08:30,19
03.06.2022,08:45,19
03.06.2022,09:00,19
03.06.2022,09:15,19
03.06.2022,09:30,19
03.06.2022,09:45,19
03.06.2022,10:00,19
03.06.2022,10:15,19
03.06.2022,10:30,19
03.06.2022,10:45,19
03.06.2022,11:00,19
03.06.2022,11:15,19
03.06.2022,11:30,19
03.06.2022,11:45,19
03.06.2022,12:00,19
03.06.2022,12:15,19
03.06.2022,12:30,19
03.06.2022,12:45,19
03.06.2022,13:00,19
03.06.2022,13:15,19
03.06.2022,13:30,19
03.06.2022,13:45,19
03.06.2022,14:00,19
03.06.2022,14:15,19
03.06.2022,14:30,19
03.06.2022,14:45,19
03.06.2022,15:00,19
03.06.2022,15:15,19
03.06.2022,15:30,19
03.06.2022,15:45,19
03.06.2022,16:00,19
03.06.2022,16:15,19
03.06.2022,16:30,19
03.06.2022,16:45,19
03.06.2022,17:00,19
03.06.2022,17:15,19
03.06.2022,17:30,20
03.06.2022,17:45,19
03.06.2022,18:00,19
03.06.2022,18:15,19
03.06.2022,18:30,19
03.06.2022,18:45,19
03.06.2022,19:00,19
03.06.2022,19:15,19
03.06.2022,19:30,19
03.06.2022,19:45,19
03.06.2022,20:00,19
03.06.2022,20:15,19
03.06.2022,20:30,19
03.06.2022,20:45,19
03.06.2022,21:00,19
03.06.2022,21:15,19
03.06.2022,21:30,19
03.06.2022,21:45,19
03.06.2022,22:00,19
03.06.2022,22:15,19
03.06.2022,22:30,18
03.06.2022,22:45,19
03.06.2022,23:00,18
03.06.2022,23:15,18
03.06.2022,23:30,18
03.06.2022,23:45,18
04.06.2022,00:00,18
04.06.2022,00:15,18
04.06.2022,00:30,18
04.06.2022,00:45,18
04.06.2022,01:00,18
04.06.2022,01:15,18
04.06.2022,01:30,18
04.06.2022,01:45,18
04.06.2022,02:00,18
04.06.2022,02:15,18
04.06.2022,02:30,18
04.06.2022,02:45,18
04.06.2022,03:00,18
04.06.2022,03:15,18
04.06.2022,03:30,18
04.06.2022,03:45,18
04.06.2022,04:00,18
04.06.2022,04:15,18
04.06.2022,04:30,18
04.06.2022,04:45,18
04.06.2022,05:00,18
04.06.2022,05:15,18
04.06.2022,05:30,18
04.06.2022,05:45,18
04.06.2022,06:00,18
04.06.2022,06:15,18
04.06.2022,06:30,18
04.06.2022,06:45,18
04.06.2022,07:00,18
04.06.2022,07:15,18
04.06.2022,07:30,18
04.06.2022,07:45,18
04.06.2022,08:00,18
04.06.2022,08:15,18
04.06.2022,08:30,18
04.06.2022,08:45,18
04.06.2022,09:00,18
04.06.2022,09:15,19
04.06.2022,09:30,19
04.06.2022,09:45,19
04.06.2022,10:00,19
04.06.2022,10:15,19
04.06.2022,10:30,19
04.06.2022,10:45,22
04.06.2022,11:00,24
04.06.2022,11:15,24
04.06.2022,11:30,24
04.06.2022,11:45,24
04.06.2022,12:00,24
04.06.2022,12:15,24
04.06.2022,12:30,24
04.06.2022,12:45,24
04.06.2022,13:00,24
04.06.2022,13:15,24
04.06.2022,13:30,24
04.06.2022,13:45,24
04.06.2022,14:00,24
04.06.2022,14:15,24
04.06.2022,14:30,24
04.06.2022,14:45,24
04.06.2022,15:00,24
04.06.2022,15:15,24
04.06.2022,15:30,24
04.06.2022,15:45,24
04.06.2022,16:00,24
04.06.2022,16:15,24
04.06.2022,16:30,24
04.06.2022,16:45,24
04.06.2022,17:00,24
04.06.2022,17:15,24
04.06.2022,17:30,24
04.06.2022,17:45,24
04.06.2022,18:00,24
04.06.2022,18:15,24
04.06.2022,18:30,24
04.06.2022,18:45,22
04.06.2022,19:00,19
04.06.2022,19:15,18
04.06.2022,19:30,18
04.06.2022,19:45,18
04.06.2022,20:00,18
04.06.2022,20:15,18
04.06.2022,20:30,18
04.06.2022,20:45,18
04.06.2022,21:00,18
04.06.2022,21:15,18
04.06.2022,21:30,18
04.06.2022,21:45,18
04.06.2022,22:00,18
04.06.2022,22:15,18
04.06.2022,22:30,18
04.06.2022,22:45,18
04.06.2022,23:00,18
04.06.2022,23:15,18
04.06.2022,23:30,18
04.06.2022,23:45,18
05.06.2022,00:00,18
05.06.2022,00:15,18
05.06.2022,00:30,18
05.06.2022,00:45,18
05.06.2022,01:00,18
05.06.2022,01:15,18
05.06.2022,01:30,18
05.06.2022,01:45,18
05.06.2022,02:00,18
05.06.2022,02:15,18
05.06.2022,02:30,18
05.06.2022,02:45,18
05.06.2022,03:00,18
05.06.2022,03:15,18
05.06.2022,03:30,18
05.06.2022,03:45,18
05.06.2022,04:00,18
05.06.2022,04:15,18
05.06.2022,04:30,18
05.06.2022,04:45,18
05.06.2022,05:00,18
05.06.2022,05:15,18
05.06.2022,05:30,18
05.06.2022,05:45,18
05.06.2022,06:00,18
05.06.2022,06:15,18
05.06.2022,06:30,17
05.06.2022,06:45,17
05.06.2022,07:00,17
05.06.2022,07:15,17
05.06.2022,07:30,17
05.06.2022,07:45,17
05.06.2022,08:00,17
05.06.2022,08:15,17
05.06.2022,08:30,18
05.06.2022,08:45,18
05.06.2022,09:00,18
05.06.2022,09:15,18
05.06.2022,09:30,18
05.06.2022,09:45,18
05.06.2022,10:00,18
05.06.2022,10:15,18
05.06.2022,10:30,18
05.06.2022,10:45,18
05.06.2022,11:00,18
05.06.2022,11:15,18
05.06.2022,11:30,18
05.06.2022,11:45,18
05.06.2022,12:00,18
05.06.2022,12:15,18
05.06.2022,12:30,18
05.06.2022,12:45,18
05.06.2022,13:00,18
05.06.2022,13:15,19
05.06.2022,13:30,19
05.06.2022,13:45,18
05.06.2022,14:00,21
05.06.2022,14:15,19
05.06.2022,14:30,19
05.06.2022,14:45,22
05.06.2022,15:00,24
05.06.2022,15:15,21
05.06.2022,15:30,20
05.06.2022,15:45,20
05.06.2022,16:00,20
05.06.2022,16:15,20
05.06.2022,16:30,20
05.06.2022,16:45,21
05.06.2022,17:00,21
05.06.2022,17:15,21
05.06.2022,17:30,22
05.06.2022,17:45,22
05.06.2022,18:00,22
05.06.2022,18:15,22
05.06.2022,18:30,22
05.06.2022,18:45,22
05.06.2022,19:00,22
05.06.2022,19:15,22
05.06.2022,19:30,22
05.06.2022,19:45,22
05.06.2022,20:00,22
05.06.2022,20:15,23
05.06.2022,20:30,24
05.06.2022,20:45,24
05.06.2022,21:00,25
05.06.2022,21:15,24
05.06.2022,21:30,24
05.06.2022,21:45,24
05.06.2022,22:00,24
05.06.2022,22:15,24
05.06.2022,22:30,24
05.06.2022,22:45,23
05.06.2022,23:00,23
05.06.2022,23:15,23
05.06.2022,23:30,23
05.06.2022,23:45,23
06.06.2022,00:00,23
06.06.2022,00:15,23
06.06.2022,00:30,23
06.06.2022,00:45,23
06.06.2022,01:00,23
06.06.2022,01:15,23
06.06.2022,01:30,23
06.06.2022,01:45,23
06.06.2022,02:00,23
06.06.2022,02:15,23
06.06.2022,02:30,23
06.06.2022,02:45,23
06.06.2022,03:00,23
06.06.2022,03:15,23
06.06.2022,03:30,23
06.06.2022,03:45,23
06.06.2022,04:00,23
06.06.2022,04:15,23
06.06.2022,04:30,23
06.06.2022,04:45,23
06.06.2022,05:00,23
06.06.2022,05:15,23
06.06.2022,05:30,23
06.06.2022,05:45,23
06.06.2022,06:00,23
06.06.2022,06:15,23
06.06.2022,06:30,23
06.06.2022,06:45,23
06.06.2022,07:00,23
06.06.2022,07:15,23
06.06.2022,07:30,22
06.06.2022,07:45,22
06.06.2022,08:00,22
06.06.2022,08:15,22
06.06.2022,08:30,22
06.06.2022,08:45,22
06.06.2022,09:00,22
06.06.2022,09:15,22
06.06.2022,09:30,22
06.06.2022,09:45,21
06.06.2022,10:00,21
06.06.2022,10:15,21
06.06.2022,10:30,21
06.06.2022,10:45,21
06.06.2022,11:00,21
06.06.2022,11:15,21
06.06.2022,11:30,21
06.06.2022,11:45,21
06.06.2022,12:00,21
06.06.2022,12:15,21
06.06.2022,12:30,21
06.06.2022,12:45,21
06.06.2022,13:00,21
06.06.2022,13:15,20
06.06.2022,13:30,20
06.06.2022,13:45,20
06.06.2022,14:00,20
06.06.2022,14:15,20
06.06.2022,14:30,20
06.06.2022,14:45,20
06.06.2022,15:00,20
06.06.2022,15:15,20
06.06.2022,15:30,20
06.06.2022,15:45,20
06.06.2022,16:00,20
06.06.2022,16:15,20
06.06.2022,16:30,20
06.06.2022,16:45,20
06.06.2022,17:00,20
06.06.2022,17:15,20
06.06.2022,17:30,20
06.06.2022,17:45,20
06.06.2022,18:00,20
06.06.2022,18:15,19
06.06.2022,18:30,19
06.06.2022,18:45,19
06.06.2022,19:00,19
06.06.2022,19:15,19
06.06.2022,19:30,19
06.06.2022,19:45,19
06.06.2022,20:00,19
06.06.2022,20:15,19
06.06.2022,20:30,19
06.06.2022,20:45,19
06.06.2022,21:00,19
06.06.2022,21:15,19
06.06.2022,21:30,19
06.06.2022,21:45,19
06.06.2022,22:00,19
06.06.2022,22:15,19
06.06.2022,22:30,19
06.06.2022,22:45,19
06.06.2022,23:00,19
06.06.2022,23:15,19
06.06.2022,23:30,18
06.06.2022,23:45,18
07.06.2022,00:00,18
07.06.2022,00:15,18
07.06.2022,00:30,18
07.06.2022,00:45,18
07.06.2022,01:00,18
07.06.2022,01:15,18
07.06.2022,01:30,18
07.06.2022,01:45,18
07.06.2022,02:00,18
07.06.2022,02:15,18
07.06.2022,02:30,18
07.06.2022,02:45,18
07.06.2022,03:00,18
07.06.2022,03:15,18
07.06.2022,03:30,18
07.06.2022,03:45,18
07.06.2022,04:00,18
07.06.2022,04:15,18
07.06.2022,04:30,18
07.06.2022,04:45,18
07.06.2022,05:00,18
07.06.2022,05:15,18
07.06.2022,05:30,18
07.06.2022,05:45,18
07.06.2022,06:00,18
07.06.2022,06:15,18
07.06.2022,06:30,18
07.06.2022,06:45,18
07.06.2022,07:00,18
07.06.2022,07:15,18
07.06.2022,07:30,18
07.06.2022,07:45,18
07.06.2022,08:00,18
07.06.2022,08:15,18
07.06.2022,08:30,18
07.06.2022,08:45,18
07.06.2022,09:00,18
07.06.2022,09:15,18
07.06.2022,09:30,18
07.06.2022,09:45,18
07.06.2022,10:00,18
07.06.2022,10:15,18
07.06.2022,10:30,18
07.06.2022,10:45,18
07.06.2022,11:00,18
07.06.2022,11:15,18
07.06.2022,11:30,18
07.06.2022,11:45,18
07.06.2022,12:00,18
07.06.2022,12:15,18
07.06.2022,12:30,18
07.06.2022,12:45,18
07.06.2022,13:00,18
07.06.2022,13:15,18
07.06.2022,13:30,18
07.06.2022,13:45,18
07.06.2022,14:00,18
07.06.2022,14:15,18
07.06.2022,14:30,18
07.06.2022,14:45,18
07.06.2022,15:00,18
07.06.2022,15:15,18
07.06.2022,15:30,18
07.06.2022,15:45,18
07.06.2022,16:00,18
07.06.2022,16:15,19
07.06.2022,16:30,21
07.06.2022,16:45,20
07.06.2022,17:00,19
07.06.2022,17:15,19
07.06.2022,17:30,19
07.06.2022,17:45,19
07.06.2022,18:00,19
07.06.2022,18:15,19
07.06.2022,18:30,19
07.06.2022,18:45,19
07.06.2022,19:00,19
07.06.2022,19:15,19
07.06.2022,19:30,19
07.06.2022,19:45,19
07.06.2022,20:00,19
07.06.2022,20:15,19
07.06.2022,20:30,19
07.06.2022,20:45,19
07.06.2022,21:00,19
07.06.2022,21:15,19
07.06.2022,21:30,19
07.06.2022,21:45,19
07.06.2022,22:00,19
07.06.2022,22:15,19
07.06.2022,22:30,19
07.06.2022,22:45,19
07.06.2022,23:00,19
07.06.2022,23:15,19
07.06.2022,23:30,19
07.06.2022,23:45,19
08.06.2022,00:00,19
08.06.2022,00:15,19
08.06.2022,00:30,19
08.06.2022,00:45,19
08.06.2022,01:00,19
08.06.2022,01:15,19
08.06.2022,01:30,19
08.06.2022,01:45,19
08.06.2022,02:00,19
08.06.2022,02:15,19
08.06.2022,02:30,19
08.06.2022,02:45,19
08.06.2022,03:00,19
08.06.2022,03:15,19
08.06.2022,03:30,19
08.06.2022,03:45,19
08.06.2022,04:00,19
08.06.2022,04:15,19
08.06.2022,04:30,19
08.06.2022,04:45,19
08.06.2022,05:00,19
08.06.2022,05:15,19
08.06.2022,05:30,19
08.06.2022,05:45,19
08.06.2022,06:00,19
08.06.2022,06:15,19
08.06.2022,06:30,19
08.06.2022,06:45,19
08.06.2022,07:00,19
08.06.2022,07:15,19
08.06.2022,07:30,19
08.06.2022,07:45,19
08.06.2022,08:00,19
08.06.2022,08:15,19
08.06.2022,08:30,20
08.06.2022,08:45,20
08.06.2022,09:00,20
08.06.2022,09:15,20
08.06.2022,09:30,20
08.06.2022,09:45,20
08.06.2022,10:00,20
08.06.2022,10:15,20
08.06.2022,10:30,20
08.06.2022,10:45,20
08.06.2022,11:00,20
08.06.2022,11:15,20
08.06.2022,11:30,20
08.06.2022,11:45,20
08.06.2022,12:00,20
08.06.2022,12:15,20
08.06.2022,12:30,20
08.06.2022,12:45,20
08.06.2022,13:00,20
08.06.2022,13:15,20
08.06.2022,13:30,20
08.06.2022,13:45,20
08.06.2022,14:00,20
08.06.2022,14:15,21
08.06.2022,14:30,21
08.06.2022,14:45,21
08.06.2022,15:00,22
08.06.2022,15:15,23
08.06.2022,15:30,26
08.06.2022,15:45,25
08.06.2022,16:00,24
08.06.2022,16:15,24
08.06.2022,16:30,24
08.06.2022,16:45,24
08.06.2022,17:00,24
08.06.2022,17:15,25
08.06.2022,17:30,25
08.06.2022,17:45,25
08.06.2022,18:00,26
08.06.2022,18:15,26
08.06.2022,18:30,26
08.06.2022,18:45,26
08.06.2022,19:00,26
08.06.2022,19:15,27
08.06.2022,19:30,28
08.06.2022,19:45,29
08.06.2022,20:00,29
08.06.2022,20:15,29
08.06.2022,20:30,29
08.06.2022,20:45,29
08.06.2022,21:00,29
08.06.2022,21:15,30
08.06.2022,21:30,30
08.06.2022,21:45,30
08.06.2022,22:00,30
08.06.2022,22:15,30
08.06.2022,22:30,30
08.06.2022,22:45,30
08.06.2022,23:00,29
08.06.2022,23:15,29
08.06.2022,23:30,29
08.06.2022,23:45,29
09.06.2022,00:00,29
09.06.2022,00:15,29
09.06.2022,00:30,29
09.06.2022,00:45,29
09.06.2022,01:00,29
09.06.2022,01:15,29
09.06.2022,01:30,29
09.06.2022,01:45,29
09.06.2022,02:00,28
09.06.2022,02:15,28
09.06.2022,02:30,28
09.06.2022,02:45,28
09.06.2022,03:00,28
09.06.2022,03:15,28
09.06.2022,03:30,28
09.06.2022,03:45,28
09.06.2022,04:00,28
09.06.2022,04:15,28
09.06.2022,04:30,28
09.06.2022,04:45,28
09.06.2022,05:00,28
09.06.2022,05:15,28
09.06.2022,05:30,28
09.06.2022,05:45,27
09.06.2022,06:00,27
09.06.2022,06:15,27
09.06.2022,06:30,27
09.06.2022,06:45,27
09.06.2022,07:00,27
09.06.2022,07:15,27
09.06.2022,07:30,27
09.06.2022,07:45,27
09.06.2022,08:00,27
09.06.2022,08:15,27
09.06.2022,08:30,27
09.06.2022,08:45,27
09.06.2022,09:00,27
09.06.2022,09:15,27
09.06.2022,09:30,27
09.06.2022,09:45,27
09.06.2022,10:00,27
09.06.2022,10:15,27
09.06.2022,10:30,27
09.06.2022,10:45,27
09.06.2022,11:00,27
09.06.2022,11:15,27
09.06.2022,11:30,26
09.06.2022,11:45,26
09.06.2022,12:00,27
09.06.2022,12:15,27
09.06.2022,12:30,26
09.06.2022,12:45,26
09.06.2022,13:00,27
09.06.2022,13:15,26
09.06.2022,13:30,26
09.06.2022,13:45,26
09.06.2022,14:00,26
09.06.2022,14:15,26
09.06.2022,14:30,26
09.06.2022,14:45,26
09.06.2022,15:00,26
09.06.2022,15:15,26
09.06.2022,15:30,26
09.06.2022,15:45,26
09.06.2022,16:00,26
09.06.2022,16:15,26
09.06.2022,16:30,26
09.06.2022,16:45,26
09.06.2022,17:00,26
09.06.2022,17:15,26
09.06.2022,17:30,26
09.06.2022,17:45,26
09.06.2022,18:00,26
09.06.2022,18:15,26
09.06.2022,18:30,26
09.06.2022,18:45,26
09.06.2022,19:00,26
09.06.2022,19:15,26
09.06.2022,19:30,26
09.06.2022,19:45,26
09.06.2022,20:00,26
09.06.2022,20:15,26
09.06.2022,20:30,26
09.06.2022,20:45,26
09.06.2022,21:00,26
09.06.2022,21:15,26
09.06.2022,21:30,26
09.06.2022,21:45,25
09.06.2022,22:00,26
09.06.2022,22:15,25
09.06.2022,22:30,25
09.06.2022,22:45,25
09.06.2022,23:00,25
09.06.2022,23:15,25
09.06.2022,23:30,25
09.06.2022,23:45,25
10.06.2022,00:00,25
10.06.2022,00:15,25
10.06.2022,00:30,25
10.06.2022,00:45,25
10.06.2022,01:00,25
10.06.2022,01:15,25
10.06.2022,01:30,25
10.06.2022,01:45,25
10.06.2022,02:00,25
10.06.2022,02:15,25
10.06.2022,02:30,25
10.06.2022,02:45,25
10.06.2022,03:00,25
10.06.2022,03:15,25
10.06.2022,03:30,25
10.06.2022,03:45,25
10.06.2022,04:00,25
10.06.2022,04:15,25
10.06.2022,04:30,25
10.06.2022,04:45,25
10.06.2022,05:00,24
10.06.2022,05:15,24
10.06.2022,05:30,24
10.06.2022,05:45,24
10.06.2022,06:00,24
10.06.2022,06:15,24
10.06.2022,06:30,24
10.06.2022,06:45,24
10.06.2022,07:00,24
10.06.2022,07:15,24
10.06.2022,07:30,24
10.06.2022,07:45,24
10.06.2022,08:00,24
10.06.2022,08:15,24
10.06.2022,08:30,24
10.06.2022,08:45,24
10.06.2022,09:00,24
10.06.2022,09:15,24
10.06.2022,09:30,24
10.06.2022,09:45,24
10.06.2022,10:00,24
10.06.2022,10:15,24
10.06.2022,10:30,24
10.06.2022,10:45,24
10.06.2022,11:00,24
10.06.2022,11:15,24
10.06.2022,11:30,24
10.06.2022,11:45,24
10.06.2022,12:00,24
10.06.2022,12:15,24
10.06.2022,12:30,24
10.06.2022,12:45,24
10.06.2022,13:00,24
10.06.2022,13:15,24
10.06.2022,13:30,24
10.06.2022,13:45,24
10.06.2022,14:00,24
10.06.2022,14:15,24
10.06.2022,14:30,24
10.06.2022,14:45,24
10.06.2022,15:00,24
10.06.2022,15:15,24
10.06.2022,15:30,24
10.06.2022,15:45,23
10.06.2022,16:00,23
10.06.2022,16:15,23
10.06.2022,16:30,23
10.06.2022,16:45,23
10.06.2022,17:00,23
10.06.2022,17:15,23
10.06.2022,17:30,23
10.06.2022,17:45,23
10.06.2022,18:00,23
10.06.2022,18:15,23
10.06.2022,18:30,23
10.06.2022,18:45,23
10.06.2022,19:00,23
10.06.2022,19:15,23
10.06.2022,19:30,23
10.06.2022,19:45,22
10.06.2022,20:00,22
10.06.2022,20:15,22
10.06.2022,20:30,22
10.06.2022,20:45,22
10.06.2022,21:00,22
10.06.2022,21:15,22
10.06.2022,21:30,22
10.06.2022,21:45,22
10.06.2022,22:00,22
10.06.2022,22:15,22
10.06.2022,22:30,22
10.06.2022,22:45,22
10.06.2022,23:00,22
10.06.2022,23:15,21
10.06.2022,23:30,21
10.06.2022,23:45,21
11.06.2022,00:00,21
11.06.2022,00:15,21
11.06.2022,00:30,21
11.06.2022,00:45,21
11.06.2022,01:00,21
11.06.2022,01:15,21
11.06.2022,01:30,21
11.06.2022,01:45,20
11.06.2022,02:00,20
11.06.2022,02:15,20
11.06.2022,02:30,20
11.06.2022,02:45,20
11.06.2022,03:00,20
11.06.2022,03:15,20
11.06.2022,03:30,20
11.06.2022,03:45,20
11.06.2022,04:00,20
11.06.2022,04:15,20
11.06.2022,04:30,20
11.06.2022,04:45,20
11.06.2022,05:00,20
11.06.2022,05:15,20
11.06.2022,05:30,20
11.06.2022,05:45,20
11.06.2022,06:00,20
11.06.2022,06:15,20
11.06.2022,06:30,20
11.06.2022,06:45,20
11.06.2022,07:00,20
11.06.2022,07:15,20
11.06.2022,07:30,20
11.06.2022,07:45,20
11.06.2022,08:00,20
11.06.2022,08:15,20
11.06.2022,08:30,20
11.06.2022,08:45,20
11.06.2022,09:00,20
11.06.2022,09:15,20
11.06.2022,09:30,20
11.06.2022,09:45,20
11.06.2022,10:00,20
11.06.2022,10:15,20
11.06.2022,10:30,20
11.06.2022,10:45,20
11.06.2022,11:00,20
11.06.2022,11:15,20
11.06.2022,11:30,20
11.06.2022,11:45,20
11.06.2022,12:00,20
11.06.2022,12:15,20
11.06.2022,12:30,20
11.06.2022,12:45,20
11.06.2022,13:00,20
11.06.2022,13:15,20
11.06.2022,13:30,20
11.06.2022,13:45,20
11.06.2022,14:00,20
11.06.2022,14:15,20
11.06.2022,14:30,20
11.06.2022,14:45,20
11.06.2022,15:00,20
11.06.2022,15:15,20
11.06.2022,15:30,20
11.06.2022,15:45,20
11.06.2022,16:00,20
11.06.2022,16:15,20
11.06.2022,16:30,20
11.06.2022,16:45,20
11.06.2022,17:00,20
11.06.2022,17:15,20
11.06.2022,17:30,20
11.06.2022,17:45,19
11.06.2022,18:00,19
11.06.2022,18:15,19
11.06.2022,18:30,19
11.06.2022,18:45,19
11.06.2022,19:00,19
11.06.2022,19:15,19
11.06.2022,19:30,19
11.06.2022,19:45,19
11.06.2022,20:00,19
11.06.2022,20:15,19
11.06.2022,20:30,19
11.06.2022,20:45,19
11.06.2022,21:00,19
11.06.2022,21:15,19
11.06.2022,21:30,19
11.06.2022,21:45,19
11.06.2022,22:00,19
11.06.2022,22:15,19
11.06.2022,22:30,19
11.06.2022,22:45,19
11.06.2022,23:00,19
11.06.2022,23:15,19
11.06.2022,23:30,19
11.06.2022,23:45,18
12.06.2022,00:00,18
12.06.2022,00:15,18
12.06.2022,00:30,18
12.06.2022,00:45,18
12.06.2022,01:00,18
12.06.2022,01:15,18
12.06.2022,01:30,18
12.06.2022,01:45,18
12.06.2022,02:00,18
12.06.2022,02:15,18
13.08.2022,08:45,6
13.08.2022,09:00,6
13.08.2022,09:15,6
13.08.2022,09:30,6
13.08.2022,09:45,6
13.08.2022,10:00,6
13.08.2022,10:15,6
13.08.2022,10:30,6
13.08.2022,10:45,6
13.08.2022,11:00,6
13.08.2022,11:15,6
13.08.2022,11:30,6
13.08.2022,11:45,6
13.08.2022,12:00,6
13.08.2022,12:15,6
13.08.2022,12:30,6
13.08.2022,12:45,6
13.08.2022,13:00,6
13.08.2022,13:15,6
13.08.2022,13:30,6
13.08.2022,13:45,6
13.08.2022,14:00,6
13.08.2022,14:15,6
13.08.2022,14:30,6
13.08.2022,14:45,6
13.08.2022,15:00,6
13.08.2022,15:15,6
13.08.2022,15:30,6
13.08.2022,15:45,6
13.08.2022,16:00,6
13.08.2022,16:15,6
13.08.2022,16:30,6
13.08.2022,16:45,5
13.08.2022,17:00,5
13.08.2022,17:15,6
13.08.2022,17:30,5
13.08.2022,17:45,5
13.08.2022,18:00,6
13.08.2022,18:15,5
13.08.2022,18:30,5
13.08.2022,18:45,5
13.08.2022,19:00,5
13.08.2022,19:15,5
13.08.2022,19:30,5
13.08.2022,19:45,5
13.08.2022,20:00,5
13.08.2022,20:15,5
13.08.2022,20:30,5
13.08.2022,20:45,5
13.08.2022,21:00,5
13.08.2022,21:15,5
13.08.2022,21:30,5
13.08.2022,21:45,5
13.08.2022,22:00,5
13.08.2022,22:15,5
13.08.2022,22:30,5
13.08.2022,22:45,5
13.08.2022,23:00,5
13.08.2022,23:15,5
13.08.2022,23:30,5
13.08.2022,23:45,5
14.08.2022,00:00,5
14.08.2022,00:15,6
14.08.2022,00:30,6
14.08.2022,00:45,6
14.08.2022,01:00,6
14.08.2022,01:15,6
14.08.2022,01:30,6
14.08.2022,01:45,6
14.08.2022,02:00,6
14.08.2022,02:15,6
14.08.2022,02:30,6
14.08.2022,02:45,6
14.08.2022,03:00,6
14.08.2022,03:15,6
14.08.2022,03:30,6
14.08.2022,03:45,6
14.08.2022,04:00,6
14.08.2022,04:15,6
14.08.2022,04:30,6
14.08.2022,04:45,6
14.08.2022,05:00,6
14.08.2022,05:15,6
14.08.2022,05:30,6
14.08.2022,05:45,6
14.08.2022,06:00,6
14.08.2022,06:15,6
14.08.2022,06:30,6
14.08.2022,06:45,6
14.08.2022,07:00,6
14.08.2022,07:15,6
14.08.2022,07:30,6
14.08.2022,07:45,6
14.08.2022,08:00,6
14.08.2022,08:15,6
14.08.2022,08:30,6
14.08.2022,08:45,6
14.08.2022,09:00,6
14.08.2022,09:15,6
14.08.2022,09:30,6
14.08.2022,09:45,6
14.08.2022,10:00,6
14.08.2022,10:15,6
14.08.2022,10:30,6
14.08.2022,10:45,6
14.08.2022,11:00,6
14.08.2022,11:15,6
14.08.2022,11:30,6
14.08.2022,11:45,6
14.08.2022,12:00,6
14.08.2022,12:15,6
14.08.2022,12:30,6
14.08.2022,12:45,6
14.08.2022,13:00,6
14.08.2022,13:15,5
14.08.2022,13:30,5
14.08.2022,13:45,5
14.08.2022,14:00,5
14.08.2022,14:15,5
14.08.2022,14:30,5
14.08.2022,14:45,5
14.08.2022,15:00,5
14.08.2022,15:15,5
14.08.2022,15:30,5
14.08.2022,15:45,5
14.08.2022,16:00,5
14.08.2022,16:15,5
14.08.2022,16:30,5
14.08.2022,16:45,5
14.08.2022,17:00,5
14.08.2022,17:15,5
14.08.2022,17:30,5
14.08.2022,17:45,5
14.08.2022,18:00,5
14.08.2022,18:15,5
14.08.2022,18:30,5
14.08.2022,18:45,5
14.08.2022,19:00,5
14.08.2022,19:15,5
14.08.2022,19:30,5
14.08.2022,19:45,5
14.08.2022,20:00,5
14.08.2022,20:15,5
14.08.2022,20:30,5
14.08.2022,20:45,5
14.08.2022,21:00,5
14.08.2022,21:15,5
14.08.2022,21:30,5
14.08.2022,21:45,5
14.08.2022,22:00,5
14.08.2022,22:15,5
14.08.2022,22:30,5
14.08.2022,22:45,5
14.08.2022,23:00,5
14.08.2022,23:15,5
14.08.2022,23:30,5
14.08.2022,23:45,5
15.08.2022,00:00,5
15.08.2022,00:15,5
15.08.2022,00:30,5
15.08.2022,00:45,5
15.08.2022,01:00,5
15.08.2022,01:15,5
15.08.2022,01:30,5
15.08.2022,01:45,5
15.08.2022,02:00,5
15.08.2022,02:15,5
15.08.2022,02:30,5
15.08.2022,02:45,5
15.08.2022,03:00,5
15.08.2022,03:15,5
15.08.2022,03:30,5
15.08.2022,03:45,5
15.08.2022,04:00,5
15.08.2022,04:15,5
15.08.2022,04:30,5
15.08.2022,04:45,5
15.08.2022,05:00,5
15.08.2022,05:15,5
15.08.2022,05:30,5
15.08.2022,05:45,5
15.08.2022,06:00,5
15.08.2022,06:15,5
15.08.2022,06:30,5
15.08.2022,06:45,5
15.08.2022,07:00,6
15.08.2022,07:15,5
15.08.2022,07:30,5
15.08.2022,07:45,5
15.08.2022,08:00,5
15.08.2022,08:15,5
15.08.2022,08:30,5
15.08.2022,08:45,5
15.08.2022,09:00,5
15.08.2022,09:15,5
15.08.2022,09:30,5
15.08.2022,09:45,5
15.08.2022,10:00,5
15.08.2022,10:15,5
15.08.2022,10:30,5
15.08.2022,10:45,5
15.08.2022,11:00,5
15.08.2022,11:15,5
15.08.2022,11:30,5
15.08.2022,11:45,5
15.08.2022,12:00,5
15.08.2022,12:15,6
15.08.2022,12:30,6
15.08.2022,12:45,6
15.08.2022,13:00,6
15.08.2022,13:15,6
15.08.2022,13:30,6
15.08.2022,13:45,6
15.08.2022,14:00,6
15.08.2022,14:15,6
15.08.2022,14:30,6
15.08.2022,14:45,6
15.08.2022,15:00,8
15.08.2022,15:15,10
15.08.2022,15:30,9
15.08.2022,15:45,8
15.08.2022,16:00,8
15.08.2022,16:15,7
15.08.2022,16:30,7
15.08.2022,16:45,7
15.08.2022,17:00,7
15.08.2022,17:15,6
15.08.2022,17:30,6
15.08.2022,17:45,6
15.08.2022,18:00,6
15.08.2022,18:15,6
15.08.2022,18:30,6
15.08.2022,18:45,6
15.08.2022,19:00,6
15.08.2022,19:15,6
15.08.2022,19:30,6
15.08.2022,19:45,6
15.08.2022,20:00,6
15.08.2022,20:15,6
15.08.2022,20:30,6
15.08.2022,20:45,6
15.08.2022,21:00,6
15.08.2022,21:15,6
15.08.2022,21:30,6
15.08.2022,21:45,6
15.08.2022,22:00,6
15.08.2022,22:15,6
15.08.2022,22:30,6
15.08.2022,22:45,6
15.08.2022,23:00,6
15.08.2022,23:15,6
15.08.2022,23:30,6
15.08.2022,23:45,6
16.08.2022,00:00,6
16.08.2022,00:15,6
16.08.2022,00:30,6
16.08.2022,00:45,6
16.08.2022,01:00,6
16.08.2022,01:15,6
16.08.2022,01:30,6
16.08.2022,01:45,6
16.08.2022,02:00,7
16.08.2022,02:15,8
16.08.2022,02:30,8
16.08.2022,02:45,9
16.08.2022,03:00,9
16.08.2022,03:15,9
16.08.2022,03:30,9
16.08.2022,03:45,9
16.08.2022,04:00,9
16.08.2022,04:15,9
16.08.2022,04:30,9
16.08.2022,04:45,9
16.08.2022,05:00,9
16.08.2022,05:15,9
16.08.2022,05:30,9
16.08.2022,05:45,9
16.08.2022,06:00,9
16.08.2022,06:15,9
16.08.2022,06:30,9
16.08.2022,06:45,8
16.08.2022,07:00,8
16.08.2022,07:15,8
16.08.2022,07:30,8
16.08.2022,07:45,8
16.08.2022,08:00,8
16.08.2022,08:15,8
16.08.2022,08:30,8
16.08.2022,08:45,8
16.08.2022,09:00,8
16.08.2022,09:15,8
16.08.2022,09:30,9
16.08.2022,09:45,9
16.08.2022,10:00,9
16.08.2022,10:15,9
16.08.2022,10:30,9
16.08.2022,10:45,9
16.08.2022,11:00,9
16.08.2022,11:15,9
16.08.2022,11:30,9
16.08.2022,11:45,9
16.08.2022,12:00,9
16.08.2022,12:15,9
16.08.2022,12:30,9
16.08.2022,12:45,9
16.08.2022,13:00,9
16.08.2022,13:15,9
16.08.2022,13:30,9
16.08.2022,13:45,9
16.08.2022,14:00,9
16.08.2022,14:15,9
16.08.2022,14:30,9
16.08.2022,14:45,9
16.08.2022,15:00,9
16.08.2022,15:15,9
16.08.2022,15:30,9
16.08.2022,15:45,9
16.08.2022,16:00,9
16.08.2022,16:15,9
16.08.2022,16:30,9
16.08.2022,16:45,8
16.08.2022,17:00,8
16.08.2022,17:15,8
16.08.2022,17:30,8
16.08.2022,17:45,8
16.08.2022,18:00,8
16.08.2022,18:15,8
16.08.2022,18:30,8
16.08.2022,18:45,8
16.08.2022,19:00,8
16.08.2022,19:15,8
16.08.2022,19:30,8
16.08.2022,19:45,8
16.08.2022,20:00,8
16.08.2022,20:15,8
16.08.2022,20:30,8
16.08.2022,20:45,8
16.08.2022,21:00,8
16.08.2022,21:15,8
16.08.2022,21:30,8
16.08.2022,21:45,9
16.08.2022,22:00,8
16.08.2022,22:15,8
16.08.2022,22:30,8
16.08.2022,22:45,8
16.08.2022,23:00,8
16.08.2022,23:15,8
16.08.2022,23:30,8
16.08.2022,23:45,8
17.08.2022,00:00,8
17.08.2022,00:15,8
17.08.2022,00:30,8
17.08.2022,00:45,8
17.08.2022,01:00,8
17.08.2022,01:15,8
17.08.2022,01:30,8
17.08.2022,01:45,8
17.08.2022,02:00,8
17.08.2022,02:15,8
17.08.2022,02:30,8
17.08.2022,02:45,8
17.08.2022,03:00,8
17.08.2022,03:15,8
17.08.2022,03:30,8
17.08.2022,03:45,8
17.08.2022,04:00,8
17.08.2022,04:15,8
17.08.2022,04:30,8
17.08.2022,04:45,8
17.08.2022,05:00,8
17.08.2022,05:15,8
17.08.2022,05:30,8
17.08.2022,05:45,8
17.08.2022,06:00,8
17.08.2022,06:15,8
17.08.2022,06:30,8
17.08.2022,06:45,8
17.08.2022,07:00,8
17.08.2022,07:15,8
17.08.2022,07:30,8
17.08.2022,07:45,8
17.08.2022,08:00,8
17.08.2022,08:15,8
17.08.2022,08:30,8
17.08.2022,08:45,8
17.08.2022,09:00,8
17.08.2022,09:15,8
17.08.2022,09:30,8
17.08.2022,09:45,8
17.08.2022,10:00,8
17.08.2022,10:15,8
17.08.2022,10:30,8
17.08.2022,10:45,8
17.08.2022,11:00,8
17.08.2022,11:15,8
17.08.2022,11:30,8
17.08.2022,11:45,8
17.08.2022,12:00,8
17.08.2022,12:15,8
17.08.2022,12:30,8
17.08.2022,12:45,8
17.08.2022,13:00,8
17.08.2022,13:15,8
17.08.2022,13:30,8
17.08.2022,13:45,8
17.08.2022,14:00,8
17.08.2022,14:15,8
17.08.2022,14:30,8
17.08.2022,14:45,8
17.08.2022,15:00,8
17.08.2022,15:15,8
17.08.2022,15:30,8
17.08.2022,15:45,8
17.08.2022,16:00,8
17.08.2022,16:15,8
17.08.2022,16:30,8
17.08.2022,16:45,8
17.08.2022,17:00,8
17.08.2022,17:15,8
17.08.2022,17:30,8
17.08.2022,17:45,8
17.08.2022,18:00,8
17.08.2022,18:15,8
17.08.2022,18:30,8
17.08.2022,18:45,8
17.08.2022,19:00,8
17.08.2022,19:15,8
17.08.2022,19:30,8
17.08.2022,19:45,8
17.08.2022,20:00,8
17.08.2022,20:15,8
17.08.2022,20:30,8
17.08.2022,20:45,8
17.08.2022,21:00,8
17.08.2022,21:15,8
17.08.2022,21:30,8
17.08.2022,21:45,8
17.08.2022,22:00,8
17.08.2022,22:15,8
17.08.2022,22:30,8
17.08.2022,22:45,8
17.08.2022,23:00,8
17.08.2022,23:15,8
17.08.2022,23:30,8
17.08.2022,23:45,8
18.08.2022,00:00,8
18.08.2022,00:15,8
18.08.2022,00:30,8
18.08.2022,00:45,8
18.08.2022,01:00,8
18.08.2022,01:15,8
18.08.2022,01:30,8
18.08.2022,01:45,8
18.08.2022,02:00,8
18.08.2022,02:15,8
18.08.2022,02:30,8
18.08.2022,02:45,8
18.08.2022,03:00,8
18.08.2022,03:15,8
18.08.2022,03:30,8
18.08.2022,03:45,8
18.08.2022,04:00,8
18.08.2022,04:15,8
18.08.2022,04:30,8
18.08.2022,04:45,8
18.08.2022,05:00,8
18.08.2022,05:15,8
18.08.2022,05:30,8
18.08.2022,05:45,8
18.08.2022,06:00,8
18.08.2022,06:15,8
18.08.2022,06:30,8
18.08.2022,06:45,8
18.08.2022,07:00,8
18.08.2022,07:15,8
18.08.2022,07:30,8
18.08.2022,07:45,8
18.08.2022,08:00,8
18.08.2022,08:15,8
18.08.2022,08:30,8
18.08.2022,08:45,8
18.08.2022,09:00,8
18.08.2022,09:15,8
18.08.2022,09:30,8
18.08.2022,09:45,8
18.08.2022,10:00,8
18.08.2022,10:15,8
18.08.2022,10:30,8
18.08.2022,10:45,8
18.08.2022,11:00,8
18.08.2022,11:15,8
18.08.2022,11:30,8
18.08.2022,11:45,8
18.08.2022,12:00,8
18.08.2022,12:15,8
18.08.2022,12:30,8
18.08.2022,12:45,8
18.08.2022,13:00,8
18.08.2022,13:15,8
18.08.2022,13:30,8
18.08.2022,13:45,8
18.08.2022,14:00,8
18.08.2022,14:15,8
18.08.2022,14:30,8
18.08.2022,14:45,8
18.08.2022,15:00,8
18.08.2022,15:15,8
18.08.2022,15:30,8
18.08.2022,15:45,8
18.08.2022,16:00,8
18.08.2022,16:15,8
18.08.2022,16:30,8
18.08.2022,16:45,8
18.08.2022,17:00,8
18.08.2022,17:15,8
18.08.2022,17:30,8
18.08.2022,17:45,8
18.08.2022,18:00,8
18.08.2022,18:15,8
18.08.2022,18:30,8
18.08.2022,18:45,8
18.08.2022,19:00,8
18.08.2022,19:15,8
18.08.2022,19:30,8
18.08.2022,19:45,8
18.08.2022,20:00,8
18.08.2022,20:15,8
18.08.2022,20:30,8
18.08.2022,20:45,8
18.08.2022,21:00,8
18.08.2022,21:15,8
18.08.2022,21:30,7
18.08.2022,21:45,8
18.08.2022,22:00,8
18.08.2022,22:15,8
18.08.2022,22:30,8
18.08.2022,22:45,7
18.08.2022,23:00,7
18.08.2022,23:15,7
18.08.2022,23:30,8
18.08.2022,23:45,7
19.08.2022,00:00,7
19.08.2022,00:15,8
19.08.2022,00:30,8
19.08.2022,00:45,8
19.08.2022,01:00,7
19.08.2022,01:15,8
19.08.2022,01:30,8
19.08.2022,01:45,8
19.08.2022,02:00,8
19.08.2022,02:15,8
19.08.2022,02:30,8
19.08.2022,02:45,8
19.08.2022,03:00,8
19.08.2022,03:15,8
19.08.2022,03:30,8
19.08.2022,03:45,8
19.08.2022,04:00,8
19.08.2022,04:15,8
19.08.2022,04:30,8
19.08.2022,04:45,8
19.08.2022,05:00,8
19.08.2022,05:15,8
19.08.2022,05:30,8
19.08.2022,05:45,8
19.08.2022,06:00,8
19.08.2022,06:15,8
19.08.2022,06:30,8
19.08.2022,06:45,8
19.08.2022,07:00,8
19.08.2022,07:15,8
19.08.2022,07:30,8
19.08.2022,07:45,8
19.08.2022,08:00,8
19.08.2022,08:15,8
19.08.2022,08:30,8
19.08.2022,08:45,8
19.08.2022,09:00,8
19.08.2022,09:15,8
19.08.2022,09:30,8
19.08.2022,09:45,8
19.08.2022,10:00,8
19.08.2022,10:15,8
19.08.2022,10:30,8
19.08.2022,10:45,8
19.08.2022,11:00,8
19.08.2022,11:15,8
19.08.2022,11:30,8
19.08.2022,11:45,8
19.08.2022,12:00,8
19.08.2022,12:15,8
19.08.2022,12:30,8
19.08.2022,12:45,8
19.08.2022,13:00,8
19.08.2022,13:15,8
19.08.2022,13:30,8
19.08.2022,13:45,8
19.08.2022,14:00,8
19.08.2022,14:15,8
19.08.2022,14:30,8
19.08.2022,14:45,8
19.08.2022,15:00,8
19.08.2022,15:15,8
19.08.2022,15:30,8
19.08.2022,15:45,8
19.08.2022,16:00,7
19.08.2022,16:15,7
19.08.2022,16:30,7
19.08.2022,16:45,7
19.08.2022,17:00,7
19.08.2022,17:15,7
19.08.2022,17:30,7
19.08.2022,17:45,7
19.08.2022,18:00,7
19.08.2022,18:15,7
19.08.2022,18:30,7
19.08.2022,18:45,7
19.08.2022,19:00,7
19.08.2022,19:15,7
19.08.2022,19:30,7
19.08.2022,19:45,7
19.08.2022,20:00,7
19.08.2022,20:15,7
19.08.2022,20:30,7
19.08.2022,20:45,7
19.08.2022,21:00,7
19.08.2022,21:15,7
19.08.2022,21:30,7
19.08.2022,21:45,7
19.08.2022,22:00,7
19.08.2022,22:15,7
19.08.2022,22:30,7
19.08.2022,22:45,7
19.08.2022,23:00,7
19.08.2022,23:15,7
19.08.2022,23:30,7
19.08.2022,23:45,7
20.08.2022,00:00,7
20.08.2022,00:15,7
20.08.2022,00:30,7
20.08.2022,00:45,7
20.08.2022,01:00,7
20.08.2022,01:15,7
20.08.2022,01:30,7
20.08.2022,01:45,7
20.08.2022,02:00,7
20.08.2022,02:15,7
20.08.2022,02:30,7
20.08.2022,02:45,7
20.08.2022,03:00,7
20.08.2022,03:15,7
20.08.2022,03:30,7
20.08.2022,03:45,7
20.08.2022,04:00,7
20.08.2022,04:15,7
20.08.2022,04:30,7
20.08.2022,04:45,7
20.08.2022,05:00,7
20.08.2022,05:15,7
20.08.2022,05:30,7
20.08.2022,05:45,7
20.08.2022,06:00,7
20.08.2022,06:15,8
20.08.2022,06:30,10
20.08.2022,06:45,11
20.08.2022,07:00,11
20.08.2022,07:15,11
20.08.2022,07:30,11
20.08.2022,07:45,12
20.08.2022,08:00,13
20.08.2022,08:15,14
20.08.2022,08:30,14
20.08.2022,08:45,14
20.08.2022,09:00,14
20.08.2022,09:15,14
20.08.2022,09:30,13
20.08.2022,09:45,13
20.08.2022,10:00,13
20.08.2022,10:15,13
20.08.2022,10:30,13
20.08.2022,10:45,13
20.08.2022,11:00,13
20.08.2022,11:15,13
20.08.2022,11:30,12
20.08.2022,11:45,12
20.08.2022,12:00,12
20.08.2022,12:15,12
20.08.2022,12:30,12
20.08.2022,12:45,12
20.08.2022,13:00,12
20.08.2022,13:15,12
20.08.2022,13:30,11
20.08.2022,13:45,11
20.08.2022,14:00,11
20.08.2022,14:15,11
20.08.2022,14:30,11
20.08.2022,14:45,11
20.08.2022,15:00,11
20.08.2022,15:15,11
20.08.2022,15:30,11
20.08.2022,15:45,11
20.08.2022,16:00,11
20.08.2022,16:15,11
20.08.2022,16:30,10
20.08.2022,16:45,10
20.08.2022,17:00,10
20.08.2022,17:15,10
20.08.2022,17:30,10
20.08.2022,17:45,10
20.08.2022,18:00,10
20.08.2022,18:15,10
20.08.2022,18:30,10
20.08.2022,18:45,10
20.08.2022,19:00,10
20.08.2022,19:15,10
20.08.2022,19:30,10
20.08.2022,19:45,10
20.08.2022,20:00,10
20.08.2022,20:15,10
20.08.2022,20:30,10
20.08.2022,20:45,10
20.08.2022,21:00,10
20.08.2022,21:15,10
20.08.2022,21:30,10
20.08.2022,21:45,10
20.08.2022,22:00,10
20.08.2022,22:15,10
20.08.2022,22:30,10
20.08.2022,22:45,10
20.08.2022,23:00,10
20.08.2022,23:15,10
20.08.2022,23:30,10
20.08.2022,23:45,10
21.08.2022,00:00,10
21.08.2022,00:15,10
21.08.2022,00:30,10
21.08.2022,00:45,10
21.08.2022,01:00,10
21.08.2022,01:15,10
21.08.2022,01:30,10
21.08.2022,01:45,10
21.08.2022,02:00,10
21.08.2022,02:15,10
21.08.2022,02:30,10
21.08.2022,02:45,10
21.08.2022,03:00,10
21.08.2022,03:15,10
21.08.2022,03:30,10
21.08.2022,03:45,10
21.08.2022,04:00,10
21.08.2022,04:15,10
21.08.2022,04:30,10
21.08.2022,04:45,10
21.08.2022,05:00,10
21.08.2022,05:15,10
21.08.2022,05:30,10
21.08.2022,05:45,10
21.08.2022,06:00,10
21.08.2022,06:15,10
21.08.2022,06:30,10
21.08.2022,06:45,10
21.08.2022,07:00,10
21.08.2022,07:15,9
21.08.2022,07:30,9
21.08.2022,07:45,9
21.08.2022,08:00,9
21.08.2022,08:15,9
21.08.2022,08:30,9
21.08.2022,08:45,9
21.08.2022,09:00,9
21.08.2022,09:15,9
21.08.2022,09:30,9
21.08.2022,09:45,9
21.08.2022,10:00,9
21.08.2022,10:15,9
21.08.2022,10:30,9
21.08.2022,10:45,9
21.08.2022,11:00,9
21.08.2022,11:15,9
21.08.2022,11:30,9
21.08.2022,11:45,9
21.08.2022,12:00,9
21.08.2022,12:15,9
21.08.2022,12:30,9
21.08.2022,12:45,9
21.08.2022,13:00,9
21.08.2022,13:15,9
21.08.2022,13:30,9
21.08.2022,13:45,9
21.08.2022,14:00,9
21.08.2022,14:15,9
21.08.2022,14:30,9
21.08.2022,14:45,9
21.08.2022,15:00,9
21.08.2022,15:15,9
21.08.2022,15:30,9
21.08.2022,15:45,9
21.08.2022,16:00,9
21.08.2022,16:15,9
21.08.2022,16:30,9
21.08.2022,16:45,9
21.08.2022,17:00,9
21.08.2022,17:15,9
21.08.2022,17:30,8
21.08.2022,17:45,8
21.08.2022,18:00,8
21.08.2022,18:15,8
21.08.2022,18:30,8
21.08.2022,18:45,8
21.08.2022,19:00,8
21.08.2022,19:15,8
21.08.2022,19:30,8
21.08.2022,19:45,8
21.08.2022,20:00,8
21.08.2022,20:15,8
21.08.2022,20:30,8
21.08.2022,20:45,8
21.08.2022,21:00,8
21.08.2022,21:15,8
21.08.2022,21:30,8
21.08.2022,21:45,8
21.08.2022,22:00,8
21.08.2022,22:15,8
21.08.2022,22:30,8
21.08.2022,22:45,8
21.08.2022,23:00,8
21.08.2022,23:15,8
21.08.2022,23:30,8
21.08.2022,23:45,8
22.08.2022,00:00,8
22.08.2022,00:15,8
22.08.2022,00:30,8
22.08.2022,00:45,8
22.08.2022,01:00,8
22.08.2022,01:15,8
22.08.2022,01:30,8
22.08.2022,01:45,8
22.08.2022,02:00,8
22.08.2022,02:15,8
22.08.2022,02:30,8
22.08.2022,02:45,8
22.08.2022,03:00,8
22.08.2022,03:15,8
22.08.2022,03:30,8
22.08.2022,03:45,8
22.08.2022,04:00,8
22.08.2022,04:15,8
22.08.2022,04:30,8
22.08.2022,04:45,8
22.08.2022,05:00,8
22.08.2022,05:15,8
22.08.2022,05:30,8
22.08.2022,05:45,8
22.08.2022,06:00,8
22.08.2022,06:15,8
22.08.2022,06:30,8
22.08.2022,06:45,8
22.08.2022,07:00,8
22.08.2022,07:15,8
22.08.2022,07:30,8
22.08.2022,07:45,8
22.08.2022,08:00,8
22.08.2022,08:15,8
22.08.2022,08:30,8
22.08.2022,08:45,8
22.08.2022,09:00,8
22.08.2022,09:15,8
22.08.2022,09:30,8
22.08.2022,09:45,8
22.08.2022,10:00,8
22.08.2022,10:15,8
22.08.2022,10:30,8
22.08.2022,10:45,8
22.08.2022,11:00,8
22.08.2022,11:15,8
22.08.2022,11:30,8
22.08.2022,11:45,8
22.08.2022,12:00,8
22.08.2022,12:15,8
22.08.2022,12:30,8
22.08.2022,12:45,8
22.08.2022,13:00,8
22.08.2022,13:15,8
22.08.2022,13:30,8
22.08.2022,13:45,8
22.08.2022,14:00,8
22.08.2022,14:15,8
22.08.2022,14:30,8
22.08.2022,14:45,8
22.08.2022,15:00,8
22.08.2022,15:15,8
22.08.2022,15:30,8
22.08.2022,15:45,8
22.08.2022,16:00,8
22.08.2022,16:15,8
22.08.2022,16:30,8
22.08.2022,16:45,8
22.08.2022,17:00,8
22.08.2022,17:15,8
22.08.2022,17:30,8
22.08.2022,17:45,8
22.08.2022,18:00,8
22.08.2022,18:15,8
22.08.2022,18:30,8
22.08.2022,18:45,8
22.08.2022,19:00,8
22.08.2022,19:15,8
22.08.2022,19:30,8
22.08.2022,19:45,8
22.08.2022,20:00,7
22.08.2022,20:15,8
22.08.2022,20:30,8
22.08.2022,20:45,8
22.08.2022,21:00,7
22.08.2022,21:15,8
22.08.2022,21:30,7
22.08.2022,21:45,8
22.08.2022,22:00,7
22.08.2022,22:15,7
22.08.2022,22:30,7
22.08.2022,22:45,7
22.08.2022,23:00,7
22.08.2022,23:15,7
22.08.2022,23:30,7
22.08.2022,23:45,7
23.08.2022,00:00,7
23.08.2022,00:15,7
23.08.2022,00:30,7
23.08.2022,00:45,7
23.08.2022,01:00,7
23.08.2022,01:15,7
23.08.2022,01:30,7
23.08.2022,01:45,7
23.08.2022,02:00,7
23.08.2022,02:15,7
23.08.2022,02:30,7
23.08.2022,02:45,7
23.08.2022,03:00,7
23.08.2022,03:15,7
23.08.2022,03:30,7
23.08.2022,03:45,7
23.08.2022,04:00,7
23.08.2022,04:15,7
23.08.2022,04:30,7
23.08.2022,04:45,7
23.08.2022,05:00,7
23.08.2022,05:15,7
23.08.2022,05:30,7
23.08.2022,05:45,7
23.08.2022,06:00,7
23.08.2022,06:15,7
23.08.2022,06:30,7
23.08.2022,06:45,8
23.08.2022,07:00,8
23.08.2022,07:15,7
23.08.2022,07:30,8
23.08.2022,07:45,8
23.08.2022,08:00,8
23.08.2022,08:15,8
23.08.2022,08:30,8
23.08.2022,08:45,8
23.08.2022,09:00,8
23.08.2022,09:15,8
23.08.2022,09:30,8
23.08.2022,09:45,8
23.08.2022,10:00,8
23.08.2022,10:15,8
23.08.2022,10:30,8
23.08.2022,10:45,8
23.08.2022,11:00,7
23.08.2022,11:15,7
23.08.2022,11:30,7
23.08.2022,11:45,7
23.08.2022,12:00,7
23.08.2022,12:15,7
23.08.2022,12:30,7
23.08.2022,12:45,7
23.08.2022,13:00,7
23.08.2022,13:15,7
23.08.2022,13:30,7
23.08.2022,13:45,7
23.08.2022,14:00,7
23.08.2022,14:15,7
23.08.2022,14:30,7
23.08.2022,14:45,7
23.08.2022,15:00,7
23.08.2022,15:15,7
23.08.2022,15:30,7
23.08.2022,15:45,7
23.08.2022,16:00,7
23.08.2022,16:15,7
23.08.2022,16:30,7
23.08.2022,16:45,7
23.08.2022,17:00,7
23.08.2022,17:15,7
23.08.2022,17:30,7
23.08.2022,17:45,7
23.08.2022,18:00,7
23.08.2022,18:15,7
23.08.2022,18:30,7
23.08.2022,18:45,7
23.08.2022,19:00,7
23.08.2022,19:15,7
23.08.2022,19:30,7
23.08.2022,19:45,7
23.08.2022,20:00,7
23.08.2022,20:15,7
23.08.2022,20:30,7
23.08.2022,20:45,7
23.08.2022,21:00,7
23.08.2022,21:15,7
23.08.2022,21:30,7
23.08.2022,21:45,7
23.08.2022,22:00,7
23.08.2022,22:15,7
23.08.2022,22:30,7
23.08.2022,22:45,7
23.08.2022,23:00,7
23.08.2022,23:15,7
23.08.2022,23:30,7
23.08.2022,23:45,7
24.08.2022,00:00,7
24.08.2022,00:15,7
24.08.2022,00:30,7
24.08.2022,00:45,7
24.08.2022,01:00,7
24.08.2022,01:15,7
24.08.2022,01:30,7
24.08.2022,01:45,7
24.08.2022,02:00,7
24.08.2022,02:15,7
24.08.2022,02:30,7
24.08.2022,02:45,7
24.08.2022,03:00,7
24.08.2022,03:15,7
24.08.2022,03:30,7
24.08.2022,03:45,7
24.08.2022,04:00,7
24.08.2022,04:15,7
24.08.2022,04:30,7
24.08.2022,04:45,7
24.08.2022,05:00,7
24.08.2022,05:15,7
24.08.2022,05:30,7
24.08.2022,05:45,7
24.08.2022,06:00,7
24.08.2022,06:15,7
24.08.2022,06:30,7
24.08.2022,06:45,7
24.08.2022,07:00,7
24.08.2022,07:15,7
24.08.2022,07:30,7
24.08.2022,07:45,7
24.08.2022,08:00,7
24.08.2022,08:15,7
24.08.2022,08:30,7
24.08.2022,08:45,7
24.08.2022,09:00,7
24.08.2022,09:15,7
24.08.2022,09:30,7
24.08.2022,09:45,7
24.08.2022,10:00,7
24.08.2022,10:15,7
24.08.2022,10:30,7
24.08.2022,10:45,7
24.08.2022,11:00,7
24.08.2022,11:15,7
24.08.2022,11:30,7
24.08.2022,11:45,7
24.08.2022,12:00,7
24.08.2022,12:15,7
24.08.2022,12:30,7
24.08.2022,12:45,7
24.08.2022,13:00,7
24.08.2022,13:15,7
24.08.2022,13:30,7
24.08.2022,13:45,7
24.08.2022,14:00,7
24.08.2022,14:15,7
24.08.2022,14:30,7
24.08.2022,14:45,7
24.08.2022,15:00,7
24.08.2022,15:15,7
24.08.2022,15:30,7
24.08.2022,15:45,7
24.08.2022,16:00,7
24.08.2022,16:15,7
24.08.2022,16:30,7
24.08.2022,16:45,7
24.08.2022,17:00,7
24.08.2022,17:15,7
24.08.2022,17:30,7
24.08.2022,17:45,7
24.08.2022,18:00,7
24.08.2022,18:15,7
24.08.2022,18:30,7
24.08.2022,18:45,7
24.08.2022,19:00,7
24.08.2022,19:15,7
24.08.2022,19:30,7
24.08.2022,19:45,7
24.08.2022,20:00,7
24.08.2022,20:15,7
24.08.2022,20:30,7
24.08.2022,20:45,7
24.08.2022,21:00,7
24.08.2022,21:15,7
24.08.2022,21:30,7
24.08.2022,21:45,7
24.08.2022,22:00,7
24.08.2022,22:15,7
24.08.2022,22:30,7
24.08.2022,22:45,7
24.08.2022,23:00,7
24.08.2022,23:15,7
24.08.2022,23:30,7
24.08.2022,23:45,7
25.08.2022,00:00,7
25.08.2022,00:15,7
25.08.2022,00:30,7
25.08.2022,00:45,7
25.08.2022,01:00,7
25.08.2022,01:15,7
25.08.2022,01:30,7
25.08.2022,01:45,7
25.08.2022,02:00,7
25.08.2022,02:15,7
25.08.2022,02:30,7
25.08.2022,02:45,7
25.08.2022,03:00,7
25.08.2022,03:15,6
25.08.2022,03:30,7
25.08.2022,03:45,7
25.08.2022,04:00,7
25.08.2022,04:15,7
25.08.2022,04:30,7
25.08.2022,04:45,7
25.08.2022,05:00,6
25.08.2022,05:15,6
25.08.2022,05:30,6
25.08.2022,05:45,6
25.08.2022,06:00,6
25.08.2022,06:15,6
25.08.2022,06:30,6
25.08.2022,06:45,6
25.08.2022,07:00,6
25.08.2022,07:15,6
25.08.2022,07:30,6
25.08.2022,07:45,6
25.08.2022,08:00,6
25.08.2022,08:15,6
25.08.2022,08:30,6
25.08.2022,08:45,6
25.08.2022,09:00,6
25.08.2022,09:15,6
25.08.2022,09:30,6
25.08.2022,09:45,6
25.08.2022,10:00,6
25.08.2022,10:15,6
25.08.2022,10:30,6
25.08.2022,10:45,6
25.08.2022,11:00,6
25.08.2022,11:15,6
25.08.2022,11:30,6
25.08.2022,11:45,6
25.08.2022,12:00,6
25.08.2022,12:15,6
25.08.2022,12:30,6
25.08.2022,12:45,6
25.08.2022,13:00,6
25.08.2022,13:15,6
25.08.2022,13:30,6
25.08.2022,13:45,6
25.08.2022,14:00,6
25.08.2022,14:15,6
25.08.2022,14:30,6
25.08.2022,14:45,6
25.08.2022,15:00,6
25.08.2022,15:15,6
25.08.2022,15:30,7
25.08.2022,15:45,6
25.08.2022,16:00,6
25.08.2022,16:15,7
25.08.2022,16:30,6
25.08.2022,16:45,6
25.08.2022,17:00,6
25.08.2022,17:15,6
25.08.2022,17:30,6
25.08.2022,17:45,6
25.08.2022,18:00,6
25.08.2022,18:15,6
25.08.2022,18:30,6
25.08.2022,18:45,6
25.08.2022,19:00,6
25.08.2022,19:15,6
25.08.2022,19:30,6
25.08.2022,19:45,6
25.08.2022,20:00,6
25.08.2022,20:15,6
25.08.2022,20:30,6
25.08.2022,20:45,6
25.08.2022,21:00,6
25.08.2022,21:15,7
25.08.2022,21:30,6
25.08.2022,21:45,6
25.08.2022,22:00,6
25.08.2022,22:15,6
25.08.2022,22:30,6
25.08.2022,22:45,6
25.08.2022,23:00,6
25.08.2022,23:15,6
25.08.2022,23:30,6
25.08.2022,23:45,6
26.08.2022,00:00,6
26.08.2022,00:15,6
26.08.2022,00:30,6
26.08.2022,00:45,6
26.08.2022,01:00,6
26.08.2022,01:15,6
26.08.2022,01:30,6
26.08.2022,01:45,6
26.08.2022,02:00,6
26.08.2022,02:15,6
26.08.2022,02:30,6
26.08.2022,02:45,6
26.08.2022,03:00,6
26.08.2022,03:15,6
26.08.2022,03:30,6
26.08.2022,03:45,6
26.08.2022,04:00,6
26.08.2022,04:15,6
26.08.2022,04:30,6
26.08.2022,04:45,6
26.08.2022,05:00,6
26.08.2022,05:15,6
26.08.2022,05:30,6
26.08.2022,05:45,6
26.08.2022,06:00,6
26.08.2022,06:15,6
26.08.2022,06:30,6
26.08.2022,06:45,6
26.08.2022,07:00,6
26.08.2022,07:15,6
26.08.2022,07:30,6
26.08.2022,07:45,6
26.08.2022,08:00,6
26.08.2022,08:15,6
26.08.2022,08:30,6
26.08.2022,08:45,6
26.08.2022,09:00,6
26.08.2022,09:15,6
26.08.2022,09:30,6
26.08.2022,09:45,6
26.08.2022,10:00,6
26.08.2022,10:15,6
26.08.2022,10:30,6
26.08.2022,10:45,6
26.08.2022,11:00,6
26.08.2022,11:15,6
26.08.2022,11:30,6
26.08.2022,11:45,6
26.08.2022,12:00,6
26.08.2022,12:15,6
26.08.2022,12:30,6
26.08.2022,12:45,6
26.08.2022,13:00,6
26.08.2022,13:15,6
26.08.2022,13:30,6
26.08.2022,13:45,6
26.08.2022,14:00,6
26.08.2022,14:15,6
26.08.2022,14:30,6
26.08.2022,14:45,6
26.08.2022,15:00,6
26.08.2022,15:15,6
26.08.2022,15:30,6
26.08.2022,15:45,6
26.08.2022,16:00,6
26.08.2022,16:15,6
26.08.2022,16:30,6
26.08.2022,16:45,6
26.08.2022,17:00,6
26.08.2022,17:15,6
26.08.2022,17:30,6
26.08.2022,17:45,6
26.08.2022,18:00,6
26.08.2022,18:15,6
26.08.2022,18:30,6
26.08.2022,18:45,6
26.08.2022,19:00,6
26.08.2022,19:15,6
26.08.2022,19:30,6
26.08.2022,19:45,6
26.08.2022,20:00,6
26.08.2022,20:15,6
26.08.2022,20:30,6
26.08.2022,20:45,6
26.08.2022,21:00,6
26.08.2022,21:15,6
26.08.2022,21:30,6
26.08.2022,21:45,6
26.08.2022,22:00,6
26.08.2022,22:15,6
26.08.2022,22:30,6
26.08.2022,22:45,6
26.08.2022,23:00,6
26.08.2022,23:15,6
26.08.2022,23:30,6
26.08.2022,23:45,6
27.08.2022,00:00,6
27.08.2022,00:15,6
27.08.2022,00:30,6
27.08.2022,00:45,6
27.08.2022,01:00,6
27.08.2022,01:15,6
27.08.2022,01:30,6
27.08.2022,01:45,6
27.08.2022,02:00,6
27.08.2022,02:15,6
27.08.2022,02:30,6
27.08.2022,02:45,6
27.08.2022,03:00,6
27.08.2022,03:15,6
27.08.2022,03:30,6
27.08.2022,03:45,6
27.08.2022,04:00,6
27.08.2022,04:15,6
27.08.2022,04:30,6
27.08.2022,04:45,6
27.08.2022,05:00,6
27.08.2022,05:15,6
27.08.2022,05:30,6
27.08.2022,05:45,6
27.08.2022,06:00,6
27.08.2022,06:15,6
27.08.2022,06:30,6
27.08.2022,06:45,6
27.08.2022,07:00,6
27.08.2022,07:15,6
27.08.2022,07:30,6
27.08.2022,07:45,6
27.08.2022,08:00,6
27.08.2022,08:15,6
27.08.2022,08:30,6
27.08.2022,08:45,6
27.08.2022,09:00,6
27.08.2022,09:15,6
27.08.2022,09:30,6
27.08.2022,09:45,6
27.08.2022,10:00,6
27.08.2022,10:15,6
27.08.2022,10:30,7
27.08.2022,10:45,6
27.08.2022,11:00,7
27.08.2022,11:15,7
27.08.2022,11:30,7
27.08.2022,11:45,7
27.08.2022,12:00,7
27.08.2022,12:15,7
27.08.2022,12:30,7
27.08.2022,12:45,7
27.08.2022,13:00,7
27.08.2022,13:15,7
27.08.2022,13:30,7
27.08.2022,13:45,7
27.08.2022,14:00,7
27.08.2022,14:15,7
27.08.2022,14:30,7
27.08.2022,14:45,7
27.08.2022,15:00,7
27.08.2022,15:15,7
27.08.2022,15:30,7
27.08.2022,15:45,7
27.08.2022,16:00,7
27.08.2022,16:15,7
27.08.2022,16:30,7
27.08.2022,16:45,7
27.08.2022,17:00,7
27.08.2022,17:15,7
27.08.2022,17:30,7
27.08.2022,17:45,7
27.08.2022,18:00,7
27.08.2022,18:15,7
27.08.2022,18:30,7
27.08.2022,18:45,7
27.08.2022,19:00,7
27.08.2022,19:15,7
27.08.2022,19:30,7
27.08.2022,19:45,7
27.08.2022,20:00,7
27.08.2022,20:15,7
27.08.2022,20:30,7
27.08.2022,20:45,7
27.08.2022,21:00,7
27.08.2022,21:15,7
27.08.2022,21:30,7
27.08.2022,21:45,7
27.08.2022,22:00,7
27.08.2022,22:15,7
27.08.2022,22:30,7
27.08.2022,22:45,7
27.08.2022,23:00,7
27.08.2022,23:15,7
27.08.2022,23:30,7
27.08.2022,23:45,7
28.08.2022,00:00,7
28.08.2022,00:15,7
28.08.2022,00:30,7
28.08.2022,00:45,7
28.08.2022,01:00,7
28.08.2022,01:15,7
28.08.2022,01:30,7
28.08.2022,01:45,7
28.08.2022,02:00,7
28.08.2022,02:15,7
28.08.2022,02:30,7
28.08.2022,02:45,7
28.08.2022,03:00,7
28.08.2022,03:15,7
28.08.2022,03:30,7
28.08.2022,03:45,7
28.08.2022,04:00,7
28.08.2022,04:15,7
28.08.2022,04:30,7
28.08.2022,04:45,7
28.08.2022,05:00,7
28.08.2022,05:15,7
28.08.2022,05:30,7
28.08.2022,05:45,7
28.08.2022,06:00,7
28.08.2022,06:15,7
28.08.2022,06:30,7
28.08.2022,06:45,7
28.08.2022,07:00,7
28.08.2022,07:15,7
28.08.2022,07:30,8
28.08.2022,07:45,8
28.08.2022,08:00,8
28.08.2022,08:15,8
28.08.2022,08:30,8
28.08.2022,08:45,8
28.08.2022,09:00,8
28.08.2022,09:15,8
28.08.2022,09:30,8
28.08.2022,09:45,8
28.08.2022,10:00,8
28.08.2022,10:15,8
28.08.2022,10:30,8
28.08.2022,10:45,8
28.08.2022,11:00,8
28.08.2022,11:15,8
28.08.2022,11:30,8
28.08.2022,11:45,8
28.08.2022,12:00,8
28.08.2022,12:15,8
28.08.2022,12:30,8
28.08.2022,12:45,8
28.08.2022,13:00,8
28.08.2022,13:15,8
28.08.2022,13:30,8
28.08.2022,13:45,8
28.08.2022,14:00,8
28.08.2022,14:15,8
28.08.2022,14:30,8
28.08.2022,14:45,8
28.08.2022,15:00,8
28.08.2022,15:15,8
28.08.2022,15:30,8
28.08.2022,15:45,8
28.08.2022,16:00,8
28.08.2022,16:15,8
28.08.2022,16:30,8
28.08.2022,16:45,8
28.08.2022,17:00,8
28.08.2022,17:15,8
28.08.2022,17:30,8
28.08.2022,17:45,8
28.08.2022,18:00,8
28.08.2022,18:15,8
28.08.2022,18:30,8
28.08.2022,18:45,8
28.08.2022,19:00,8
28.08.2022,19:15,7
28.08.2022,19:30,8
28.08.2022,19:45,8
28.08.2022,20:00,7
28.08.2022,20:15,7
28.08.2022,20:30,7
28.08.2022,20:45,7
28.08.2022,21:00,7
28.08.2022,21:15,7
28.08.2022,21:30,7
28.08.2022,21:45,7
28.08.2022,22:00,7
28.08.2022,22:15,7
28.08.2022,22:30,7
28.08.2022,22:45,7
28.08.2022,23:00,7
28.08.2022,23:15,7
28.08.2022,23:30,7
28.08.2022,23:45,7
29.08.2022,00:00,7
29.08.2022,00:15,7
29.08.2022,00:30,7
29.08.2022,00:45,7
29.08.2022,01:00,7
29.08.2022,01:15,7
29.08.2022,01:30,7
29.08.2022,01:45,7
29.08.2022,02:00,7
29.08.2022,02:15,7
29.08.2022,02:30,7
29.08.2022,02:45,7
29.08.2022,03:00,7
29.08.2022,03:15,7
29.08.2022,03:30,7
29.08.2022,03:45,7
29.08.2022,04:00,7
29.08.2022,04:15,7
29.08.2022,04:30,7
29.08.2022,04:45,7
29.08.2022,05:00,7
29.08.2022,05:15,7
29.08.2022,05:30,7
29.08.2022,05:45,7
29.08.2022,06:00,7
29.08.2022,06:15,7
29.08.2022,06:30,7
29.08.2022,06:45,7
29.08.2022,07:00,7
29.08.2022,07:15,7
29.08.2022,07:30,7
29.08.2022,07:45,7
29.08.2022,08:00,7
29.08.2022,08:15,7
29.08.2022,08:30,7
29.08.2022,08:45,7
29.08.2022,09:00,7
29.08.2022,09:15,7
29.08.2022,09:30,8
29.08.2022,09:45,8
29.08.2022,10:00,7
29.08.2022,10:15,8
29.08.2022,10:30,8
29.08.2022,10:45,8
29.08.2022,11:00,8
29.08.2022,11:15,8
29.08.2022,11:30,8
29.08.2022,11:45,8
29.08.2022,12:00,8
29.08.2022,12:15,8
29.08.2022,12:30,8
29.08.2022,12:45,7
29.08.2022,13:00,7
29.08.2022,13:15,7
29.08.2022,13:30,7
29.08.2022,13:45,7
29.08.2022,14:00,7
29.08.2022,14:15,7
29.08.2022,14:30,7
29.08.2022,14:45,7
29.08.2022,15:00,7
29.08.2022,15:15,7
29.08.2022,15:30,7
29.08.2022,15:45,7
29.08.2022,16:00,7
29.08.2022,16:15,7
29.08.2022,16:30,7
29.08.2022,16:45,7
29.08.2022,17:00,7
29.08.2022,17:15,7
29.08.2022,17:30,7
29.08.2022,17:45,7
29.08.2022,18:00,7
29.08.2022,18:15,7
29.08.2022,18:30,7
29.08.2022,18:45,7
29.08.2022,19:00,7
29.08.2022,19:15,7
29.08.2022,19:30,7
29.08.2022,19:45,7
29.08.2022,20:00,7
29.08.2022,20:15,7
29.08.2022,20:30,7
29.08.2022,20:45,7
29.08.2022,21:00,7
29.08.2022,21:15,7
29.08.2022,21:30,7
29.08.2022,21:45,7
29.08.2022,22:00,7
29.08.2022,22:15,7
29.08.2022,22:30,7
29.08.2022,22:45,7
29.08.2022,23:00,7
29.08.2022,23:15,7
29.08.2022,23:30,7
29.08.2022,23:45,7
30.08.2022,00:00,7
30.08.2022,00:15,7
30.08.2022,00:30,7
30.08.2022,00:45,7
30.08.2022,01:00,7
30.08.2022,01:15,7
30.08.2022,01:30,7
30.08.2022,01:45,7
30.08.2022,02:00,7
30.08.2022,02:15,7
30.08.2022,02:30,7
30.08.2022,02:45,7
30.08.2022,03:00,7
30.08.2022,03:15,7
30.08.2022,03:30,7
30.08.2022,03:45,7
30.08.2022,04:00,7
30.08.2022,04:15,7
30.08.2022,04:30,7
30.08.2022,04:45,7
30.08.2022,05:00,7
30.08.2022,05:15,7
30.08.2022,05:30,7
30.08.2022,05:45,7
30.08.2022,06:00,7
30.08.2022,06:15,7
30.08.2022,06:30,7
30.08.2022,06:45,7
30.08.2022,07:00,7
30.08.2022,07:15,7
30.08.2022,07:30,7
30.08.2022,07:45,7
30.08.2022,08:00,7
30.08.2022,08:15,7
30.08.2022,08:30,7
30.08.2022,08:45,7
30.08.2022,09:00,7
30.08.2022,09:15,7
30.08.2022,09:30,7
30.08.2022,09:45,7
30.08.2022,10:00,7
30.08.2022,10:15,7
30.08.2022,10:30,7
30.08.2022,10:45,7
30.08.2022,11:00,7
30.08.2022,11:15,7
30.08.2022,11:30,7
30.08.2022,11:45,7
30.08.2022,12:00,7
30.08.2022,12:15,7
30.08.2022,12:30,7
30.08.2022,12:45,7
30.08.2022,13:00,7
30.08.2022,13:15,7
30.08.2022,13:30,7
30.08.2022,13:45,7
30.08.2022,14:00,7
30.08.2022,14:15,7
30.08.2022,14:30,7
30.08.2022,14:45,7
30.08.2022,15:00,7
30.08.2022,15:15,7
30.08.2022,15:30,7
30.08.2022,15:45,7
30.08.2022,16:00,7
30.08.2022,16:15,7
30.08.2022,16:30,7
30.08.2022,16:45,7
30.08.2022,17:00,7
30.08.2022,17:15,7
30.08.2022,17:30,7
30.08.2022,17:45,7
30.08.2022,18:00,7
30.08.2022,18:15,7
30.08.2022,18:30,7
30.08.2022,18:45,7
30.08.2022,19:00,7
30.08.2022,19:15,7
30.08.2022,19:30,7
30.08.2022,19:45,7
30.08.2022,20:00,7
30.08.2022,20:15,7
30.08.2022,20:30,7
30.08.2022,20:45,7
30.08.2022,21:00,7
30.08.2022,21:15,7
30.08.2022,21:30,7
30.08.2022,21:45,7
30.08.2022,22:00,7
30.08.2022,22:15,7
30.08.2022,22:30,7
30.08.2022,22:45,7
30.08.2022,23:00,7
30.08.2022,23:15,7
30.08.2022,23:30,7
30.08.2022,23:45,7
31.08.2022,00:00,7
31.08.2022,00:15,7
31.08.2022,00:30,7
31.08.2022,00:45,7
31.08.2022,01:00,7
31.08.2022,01:15,7
31.08.2022,01:30,7
31.08.2022,01:45,7
31.08.2022,02:00,7
31.08.2022,02:15,6
31.08.2022,02:30,7
31.08.2022,02:45,7
31.08.2022,03:00,6
31.08.2022,03:15,7
31.08.2022,03:30,7
31.08.2022,03:45,7
31.08.2022,04:00,6
31.08.2022,04:15,6
31.08.2022,04:30,6
31.08.2022,04:45,6
31.08.2022,05:00,6
31.08.2022,05:15,6
31.08.2022,05:30,6
31.08.2022,05:45,6
31.08.2022,06:00,6
31.08.2022,06:15,6
31.08.2022,06:30,6
31.08.2022,06:45,6
31.08.2022,07:00,6
31.08.2022,07:15,6
31.08.2022,07:30,6
31.08.2022,07:45,6
31.08.2022,08:00,6
31.08.2022,08:15,6
31.08.2022,08:30,6
31.08.2022,08:45,6
31.08.2022,09:00,6
31.08.2022,09:15,6
31.08.2022,09:30,6
31.08.2022,09:45,6
31.08.2022,10:00,6
31.08.2022,10:15,6
31.08.2022,10:30,6
31.08.2022,10:45,6
31.08.2022,11:00,6
31.08.2022,11:15,6
31.08.2022,11:30,6
31.08.2022,11:45,6
31.08.2022,12:00,6
31.08.2022,12:15,6
31.08.2022,12:30,6
31.08.2022,12:45,6
31.08.2022,13:00,6
31.08.2022,13:15,6
31.08.2022,13:30,6
31.08.2022,13:45,6
31.08.2022,14:00,6
31.08.2022,14:15,6
31.08.2022,14:30,6
31.08.2022,14:45,6
31.08.2022,15:00,6
31.08.2022,15:15,6
31.08.2022,15:30,6
31.08.2022,15:45,6
31.08.2022,16:00,6
31.08.2022,16:15,6
31.08.2022,16:30,6
31.08.2022,16:45,6
31.08.2022,17:00,6
31.08.2022,17:15,6
31.08.2022,17:30,6
31.08.2022,17:45,6
31.08.2022,18:00,6
31.08.2022,18:15,6
31.08.2022,18:30,6
31.08.2022,18:45,6
31.08.2022,19:00,6
31.08.2022,19:15,6
31.08.2022,19:30,6
31.08.2022,19:45,6
31.08.2022,20:00,6
31.08.2022,20:15,6
31.08.2022,20:30,6
31.08.2022,20:45,6
31.08.2022,21:00,6
31.08.2022,21:15,6
31.08.2022,21:30,7
31.08.2022,21:45,7
31.08.2022,22:00,7
31.08.2022,22:15,7
31.08.2022,22:30,7
31.08.2022,22:45,7
31.08.2022,23:00,7
31.08.2022,23:15,7
31.08.2022,23:30,7
31.08.2022,23:45,7
01.09.2022,00:00,7
01.09.2022,00:15,7
01.09.2022,00:30,7
01.09.2022,00:45,7
01.09.2022,01:00,7
01.09.2022,01:15,7
01.09.2022,01:30,7
01.09.2022,01:45,7
01.09.2022,02:00,7
01.09.2022,02:15,7
01.09.2022,02:30,7
01.09.2022,02:45,7
01.09.2022,03:00,7
01.09.2022,03:15,8
01.09.2022,03:30,8
01.09.2022,03:45,8
01.09.2022,04:00,8
01.09.2022,04:15,8
01.09.2022,04:30,8
01.09.2022,04:45,8
01.09.2022,05:00,8
01.09.2022,05:15,8
01.09.2022,05:30,8
01.09.2022,05:45,8
01.09.2022,06:00,8
01.09.2022,06:15,8
01.09.2022,06:30,8
01.09.2022,06:45,8
01.09.2022,07:00,8
01.09.2022,07:15,8
01.09.2022,07:30,8
01.09.2022,07:45,8
01.09.2022,08:00,8
01.09.2022,08:15,8
01.09.2022,08:30,8
01.09.2022,08:45,8
01.09.2022,09:00,8
01.09.2022,09:15,7
01.09.2022,09:30,7
01.09.2022,09:45,8
01.09.2022,10:00,7
01.09.2022,10:15,7
01.09.2022,10:30,8
01.09.2022,10:45,8
01.09.2022,11:00,7
01.09.2022,11:15,7
01.09.2022,11:30,7
01.09.2022,11:45,7
01.09.2022,12:00,7
01.09.2022,12:15,7
01.09.2022,12:30,7
01.09.2022,12:45,7
01.09.2022,13:00,7
01.09.2022,13:15,7
01.09.2022,13:30,7
01.09.2022,13:45,7
01.09.2022,14:00,7
01.09.2022,14:15,7
01.09.2022,14:30,7
01.09.2022,14:45,7
01.09.2022,15:00,7
01.09.2022,15:15,8
01.09.2022,15:30,8
01.09.2022,15:45,8
01.09.2022,16:00,8
01.09.2022,16:15,8
01.09.2022,16:30,8
01.09.2022,16:45,8
01.09.2022,17:00,8
01.09.2022,17:15,8
01.09.2022,17:30,8
01.09.2022,17:45,8
01.09.2022,18:00,8
01.09.2022,18:15,8
01.09.2022,18:30,8
01.09.2022,18:45,8
01.09.2022,19:00,8
01.09.2022,19:15,8
01.09.2022,19:30,8
01.09.2022,19:45,8
01.09.2022,20:00,8
01.09.2022,20:15,8
01.09.2022,20:30,8
01.09.2022,20:45,8
01.09.2022,21:00,8
01.09.2022,21:15,8
01.09.2022,21:30,8
01.09.2022,21:45,8
01.09.2022,22:00,8
01.09.2022,22:15,8
01.09.2022,22:30,8
01.09.2022,22:45,8
01.09.2022,23:00,8
01.09.2022,23:15,8
01.09.2022,23:30,7
01.09.2022,23:45,8
02.09.2022,00:00,8
02.09.2022,00:15,8
02.09.2022,00:30,7
02.09.2022,00:45,7
02.09.2022,01:00,7
02.09.2022,01:15,7
02.09.2022,01:30,7
02.09.2022,01:45,7
02.09.2022,02:00,7
02.09.2022,02:15,7
02.09.2022,02:30,7
02.09.2022,02:45,7
02.09.2022,03:00,7
02.09.2022,03:15,7
02.09.2022,03:30,8
02.09.2022,03:45,8
02.09.2022,04:00,8
02.09.2022,04:15,8
02.09.2022,04:30,7
02.09.2022,04:45,7
02.09.2022,05:00,7
02.09.2022,05:15,7
02.09.2022,05:30,8
02.09.2022,05:45,7
02.09.2022,06:00,7
02.09.2022,06:15,7
02.09.2022,06:30,7
02.09.2022,06:45,7
02.09.2022,07:00,7
02.09.2022,07:15,7
02.09.2022,07:30,7
02.09.2022,07:45,7
02.09.2022,08:00,7
02.09.2022,08:15,7
02.09.2022,08:30,7
02.09.2022,08:45,7
02.09.2022,09:00,7
02.09.2022,09:15,7
02.09.2022,09:30,7
02.09.2022,09:45,7
02.09.2022,10:00,7
02.09.2022,10:15,7
02.09.2022,10:30,7
02.09.2022,10:45,7
02.09.2022,11:00,7
02.09.2022,11:15,7
02.09.2022,11:30,7
02.09.2022,11:45,8
02.09.2022,12:00,8
02.09.2022,12:15,8
02.09.2022,12:30,8
02.09.2022,12:45,8
02.09.2022,13:00,8
02.09.2022,13:15,8
02.09.2022,13:30,8
02.09.2022,13:45,8
02.09.2022,14:00,8
02.09.2022,14:15,8
02.09.2022,14:30,8
02.09.2022,14:45,8
02.09.2022,15:00,8
02.09.2022,15:15,8
02.09.2022,15:30,8
02.09.2022,15:45,8
02.09.2022,16:00,8
02.09.2022,16:15,7
02.09.2022,16:30,8
02.09.2022,16:45,8
02.09.2022,17:00,7
02.09.2022,17:15,7
02.09.2022,17:30,7
02.09.2022,17:45,7
02.09.2022,18:00,7
02.09.2022,18:15,7
02.09.2022,18:30,7
02.09.2022,18:45,7
02.09.2022,19:00,7
02.09.2022,19:15,7
02.09.2022,19:30,7
02.09.2022,19:45,7
02.09.2022,20:00,7
02.09.2022,20:15,7
02.09.2022,20:30,7
02.09.2022,20:45,7
02.09.2022,21:00,7
02.09.2022,21:15,7
02.09.2022,21:30,7
02.09.2022,21:45,7
02.09.2022,22:00,7
02.09.2022,22:15,7
02.09.2022,22:30,7
02.09.2022,22:45,7
02.09.2022,23:00,7
02.09.2022,23:15,7
02.09.2022,23:30,7
02.09.2022,23:45,7
03.09.2022,00:00,7
03.09.2022,00:15,7
03.09.2022,00:30,7
03.09.2022,00:45,7
03.09.2022,01:00,7
03.09.2022,01:15,7
03.09.2022,01:30,7
03.09.2022,01:45,7
03.09.2022,02:00,7
03.09.2022,02:15,7
03.09.2022,02:30,7
03.09.2022,02:45,7
03.09.2022,03:00,7
03.09.2022,03:15,7
03.09.2022,03:30,7
03.09.2022,03:45,7
03.09.2022,04:00,7
03.09.2022,04:15,7
03.09.2022,04:30,7
03.09.2022,04:45,7
03.09.2022,05:00,7
03.09.2022,05:15,7
03.09.2022,05:30,7
03.09.2022,05:45,7
03.09.2022,06:00,7
03.09.2022,06:15,7
03.09.2022,06:30,7
03.09.2022,06:45,7
03.09.2022,07:00,7
03.09.2022,07:15,7
03.09.2022,07:30,7
03.09.2022,07:45,7
03.09.2022,08:00,7
03.09.2022,08:15,7
03.09.2022,08:30,7
03.09.2022,08:45,7
03.09.2022,09:00,7
03.09.2022,09:15,7
03.09.2022,09:30,7
03.09.2022,09:45,7
03.09.2022,10:00,7
03.09.2022,10:15,7
03.09.2022,10:30,7
03.09.2022,10:45,7
03.09.2022,11:00,7
03.09.2022,11:15,7
03.09.2022,11:30,7
03.09.2022,11:45,7
03.09.2022,12:00,7
03.09.2022,12:15,7
03.09.2022,12:30,7
03.09.2022,12:45,7
03.09.2022,13:00,7
03.09.2022,13:15,7
03.09.2022,13:30,7
03.09.2022,13:45,7
03.09.2022,14:00,7
03.09.2022,14:15,7
03.09.2022,14:30,7
03.09.2022,14:45,7
03.09.2022,15:00,7
03.09.2022,15:15,7
03.09.2022,15:30,7
03.09.2022,15:45,7
03.09.2022,16:00,7
03.09.2022,16:15,7
03.09.2022,16:30,7
03.09.2022,16:45,7
03.09.2022,17:00,7
03.09.2022,17:15,7
03.09.2022,17:30,7
03.09.2022,17:45,7
03.09.2022,18:00,7
03.09.2022,18:15,7
03.09.2022,18:30,7
03.09.2022,18:45,7
03.09.2022,19:00,7
03.09.2022,19:15,7
03.09.2022,19:30,7
03.09.2022,19:45,7
03.09.2022,20:00,7
03.09.2022,20:15,7
03.09.2022,20:30,7
03.09.2022,20:45,7
03.09.2022,21:00,7
03.09.2022,21:15,7
03.09.2022,21:30,7
03.09.2022,21:45,7
03.09.2022,22:00,7
03.09.2022,22:15,7
03.09.2022,22:30,7
03.09.2022,22:45,7
03.09.2022,23:00,7
03.09.2022,23:15,7
03.09.2022,23:30,7
03.09.2022,23:45,7
04.09.2022,00:00,7
04.09.2022,00:15,7
04.09.2022,00:30,7
04.09.2022,00:45,7
04.09.2022,01:00,7
04.09.2022,01:15,7
04.09.2022,01:30,7
04.09.2022,01:45,7
04.09.2022,02:00,7
04.09.2022,02:15,7
04.09.2022,02:30,7
04.09.2022,02:45,7
04.09.2022,03:00,7
04.09.2022,03:15,7
04.09.2022,03:30,7
04.09.2022,03:45,7
04.09.2022,04:00,8
04.09.2022,04:15,8
04.09.2022,04:30,8
04.09.2022,04:45,8
04.09.2022,05:00,8
04.09.2022,05:15,8
04.09.2022,05:30,8
04.09.2022,05:45,8
04.09.2022,06:00,8
04.09.2022,06:15,8
04.09.2022,06:30,8
04.09.2022,06:45,8
04.09.2022,07:00,8
04.09.2022,07:15,8
04.09.2022,07:30,8
04.09.2022,07:45,8
04.09.2022,08:00,8
04.09.2022,08:15,8
04.09.2022,08:30,8
04.09.2022,08:45,8
04.09.2022,09:00,8
04.09.2022,09:15,8
04.09.2022,09:30,8
04.09.2022,09:45,8
04.09.2022,10:00,8
04.09.2022,10:15,8
04.09.2022,10:30,8
04.09.2022,10:45,8
04.09.2022,11:00,8
04.09.2022,11:15,8
04.09.2022,11:30,8
04.09.2022,11:45,8
04.09.2022,12:00,8
04.09.2022,12:15,8
04.09.2022,12:30,8
04.09.2022,12:45,8
04.09.2022,13:00,8
04.09.2022,13:15,8
04.09.2022,13:30,8
04.09.2022,13:45,8
04.09.2022,14:00,8
04.09.2022,14:15,8
04.09.2022,14:30,8
04.09.2022,14:45,8
04.09.2022,15:00,7
04.09.2022,15:15,7
04.09.2022,15:30,7
04.09.2022,15:45,7
04.09.2022,16:00,7
04.09.2022,16:15,7
04.09.2022,16:30,7
04.09.2022,16:45,7
04.09.2022,17:00,7
04.09.2022,17:15,7
04.09.2022,17:30,7
04.09.2022,17:45,7
04.09.2022,18:00,7
04.09.2022,18:15,7
04.09.2022,18:30,7
04.09.2022,18:45,7
04.09.2022,19:00,7
04.09.2022,19:15,7
04.09.2022,19:30,7
04.09.2022,19:45,7
04.09.2022,20:00,7
04.09.2022,20:15,7
04.09.2022,20:30,7
04.09.2022,20:45,7
04.09.2022,21:00,7
04.09.2022,21:15,7
04.09.2022,21:30,7
04.09.2022,21:45,7
04.09.2022,22:00,7
04.09.2022,22:15,7
04.09.2022,22:30,7
04.09.2022,22:45,7
04.09.2022,23:00,7
04.09.2022,23:15,7
04.09.2022,23:30,7
04.09.2022,23:45,7
05.09.2022,00:00,7
05.09.2022,00:15,7
05.09.2022,00:30,7
05.09.2022,00:45,7
05.09.2022,01:00,7
05.09.2022,01:15,7
05.09.2022,01:30,7
05.09.2022,01:45,7
05.09.2022,02:00,7
05.09.2022,02:15,7
05.09.2022,02:30,7
05.09.2022,02:45,7
05.09.2022,03:00,7
05.09.2022,03:15,7
05.09.2022,03:30,7
05.09.2022,03:45,7
05.09.2022,04:00,7
05.09.2022,04:15,7
05.09.2022,04:30,7
05.09.2022,04:45,7
05.09.2022,05:00,7
05.09.2022,05:15,7
05.09.2022,05:30,8
05.09.2022,05:45,8
05.09.2022,06:00,8
05.09.2022,06:15,8
05.09.2022,06:30,8
05.09.2022,06:45,8
05.09.2022,07:00,8
05.09.2022,07:15,8
05.09.2022,07:30,8
05.09.2022,07:45,8
05.09.2022,08:00,8
05.09.2022,08:15,8
05.09.2022,08:30,8
05.09.2022,08:45,8
05.09.2022,09:00,8
05.09.2022,09:15,9
05.09.2022,09:30,8
05.09.2022,09:45,8
05.09.2022,10:00,8
05.09.2022,10:15,9
05.09.2022,10:30,9
05.09.2022,10:45,8
05.09.2022,11:00,8
05.09.2022,11:15,8
05.09.2022,11:30,8
05.09.2022,11:45,8
05.09.2022,12:00,8
05.09.2022,12:15,8
05.09.2022,12:30,8
05.09.2022,12:45,8
05.09.2022,13:00,8
05.09.2022,13:15,8
05.09.2022,13:30,8
05.09.2022,13:45,8
05.09.2022,14:00,8
05.09.2022,14:15,8
05.09.2022,14:30,8
05.09.2022,14:45,8
05.09.2022,15:00,8
05.09.2022,15:15,8
05.09.2022,15:30,8
05.09.2022,15:45,8
05.09.2022,16:00,8
05.09.2022,16:15,8
05.09.2022,16:30,8
05.09.2022,16:45,8
05.09.2022,17:00,8
05.09.2022,17:15,8
05.09.2022,17:30,8
24.09.2022,17:45,26
24.09.2022,18:00,26
24.09.2022,18:15,26
24.09.2022,18:30,26
24.09.2022,18:45,26
24.09.2022,19:00,26
24.09.2022,19:15,26
24.09.2022,19:30,26
24.09.2022,19:45,26
24.09.2022,20:00,26
24.09.2022,20:15,26
24.09.2022,20:30,26
24.09.2022,20:45,26
24.09.2022,21:00,26
24.09.2022,21:15,26
24.09.2022,21:30,26
24.09.2022,21:45,26
24.09.2022,22:00,26
24.09.2022,22:15,26
24.09.2022,22:30,26
24.09.2022,22:45,26
24.09.2022,23:00,26
24.09.2022,23:15,26
24.09.2022,23:30,26
24.09.2022,23:45,26
25.09.2022,00:00,26
25.09.2022,00:15,26
25.09.2022,00:30,26
25.09.2022,00:45,26
25.09.2022,01:00,26
25.09.2022,01:15,26
25.09.2022,01:30,26
25.09.2022,01:45,26
25.09.2022,02:00,26
25.09.2022,02:15,26
25.09.2022,02:30,26
25.09.2022,02:45,26
25.09.2022,03:00,26
25.09.2022,03:15,26
25.09.2022,03:30,26
25.09.2022,03:45,26
25.09.2022,04:00,26
25.09.2022,04:15,26
25.09.2022,04:30,26
25.09.2022,04:45,26
25.09.2022,05:00,26
25.09.2022,05:15,26
25.09.2022,05:30,26
25.09.2022,05:45,26
25.09.2022,06:00,26
25.09.2022,06:15,26
25.09.2022,06:30,26
25.09.2022,06:45,26
25.09.2022,07:00,26
25.09.2022,07:15,26
25.09.2022,07:30,26
25.09.2022,07:45,26
25.09.2022,08:00,26
25.09.2022,08:15,26
25.09.2022,08:30,26
25.09.2022,08:45,26
25.09.2022,09:00,26
25.09.2022,09:15,26
25.09.2022,09:30,26
25.09.2022,09:45,26
25.09.2022,10:00,26
25.09.2022,10:15,26
25.09.2022,10:30,26
25.09.2022,10:45,26
25.09.2022,11:00,26
25.09.2022,11:15,26
25.09.2022,11:30,26
25.09.2022,11:45,26
25.09.2022,12:00,26
25.09.2022,12:15,26
25.09.2022,12:30,26
25.09.2022,12:45,26
25.09.2022,13:00,26
25.09.2022,13:15,26
25.09.2022,13:30,26
25.09.2022,13:45,26
25.09.2022,14:00,26
25.09.2022,14:15,26
25.09.2022,14:30,26
25.09.2022,14:45,26
25.09.2022,15:00,26
25.09.2022,15:15,26
25.09.2022,15:30,26
25.09.2022,15:45,26
25.09.2022,16:00,26
25.09.2022,16:15,26
25.09.2022,16:30,26
25.09.2022,16:45,26
25.09.2022,17:00,26
25.09.2022,17:15,26
25.09.2022,17:30,26
25.09.2022,17:45,26
25.09.2022,18:00,26
25.09.2022,18:15,26
25.09.2022,18:30,26
25.09.2022,18:45,26
25.09.2022,19:00,26
25.09.2022,19:15,26
25.09.2022,19:30,26
25.09.2022,19:45,26
25.09.2022,20:00,26
25.09.2022,20:15,25
25.09.2022,20:30,25
25.09.2022,20:45,25
25.09.2022,21:00,25
25.09.2022,21:15,25
25.09.2022,21:30,25
25.09.2022,21:45,25
25.09.2022,22:00,25
25.09.2022,22:15,25
25.09.2022,22:30,25
25.09.2022,22:45,25
25.09.2022,23:00,25
25.09.2022,23:15,25
25.09.2022,23:30,25
25.09.2022,23:45,25
26.09.2022,00:00,25
26.09.2022,00:15,25
26.09.2022,00:30,25
26.09.2022,00:45,25
26.09.2022,01:00,25
26.09.2022,01:15,25
26.09.2022,01:30,25
26.09.2022,01:45,25
26.09.2022,02:00,25
26.09.2022,02:15,25
26.09.2022,02:30,25
26.09.2022,02:45,25
26.09.2022,03:00,25
26.09.2022,03:15,25
26.09.2022,03:30,25
26.09.2022,03:45,25
26.09.2022,04:00,25
26.09.2022,04:15,25
26.09.2022,04:30,25
26.09.2022,04:45,25
26.09.2022,05:00,25
26.09.2022,05:15,25
26.09.2022,05:30,25
26.09.2022,05:45,25
26.09.2022,06:00,25
26.09.2022,06:15,25
26.09.2022,06:30,25
26.09.2022,06:45,25
26.09.2022,07:00,25
26.09.2022,07:15,25
26.09.2022,07:30,25
26.09.2022,07:45,25
26.09.2022,08:00,25
26.09.2022,08:15,25
26.09.2022,08:30,25
26.09.2022,08:45,25
26.09.2022,09:00,25
26.09.2022,09:15,24
26.09.2022,09:30,25
26.09.2022,09:45,25
26.09.2022,10:00,25
26.09.2022,10:15,25
26.09.2022,10:30,25
26.09.2022,10:45,26
26.09.2022,11:00,26
26.09.2022,11:15,25
26.09.2022,11:30,25
26.09.2022,11:45,25
26.09.2022,12:00,25
26.09.2022,12:15,25
26.09.2022,12:30,25
26.09.2022,12:45,24
26.09.2022,13:00,24
26.09.2022,13:15,24
26.09.2022,13:30,24
26.09.2022,13:45,24
26.09.2022,14:00,25
26.09.2022,14:15,25
26.09.2022,14:30,24
26.09.2022,14:45,24
26.09.2022,15:00,24
26.09.2022,15:15,25
26.09.2022,15:30,25
26.09.2022,15:45,25
26.09.2022,16:00,25
26.09.2022,16:15,25
26.09.2022,16:30,25
26.09.2022,16:45,25
26.09.2022,17:00,25
26.09.2022,17:15,25
26.09.2022,17:30,25
26.09.2022,17:45,25
26.09.2022,18:00,24
26.09.2022,18:15,24
26.09.2022,18:30,24
26.09.2022,18:45,23
26.09.2022,19:00,24
26.09.2022,19:15,25
26.09.2022,19:30,25
26.09.2022,19:45,25
26.09.2022,20:00,25
26.09.2022,20:15,25
26.09.2022,20:30,26
26.09.2022,20:45,26
26.09.2022,21:00,26
26.09.2022,21:15,26
26.09.2022,21:30,26
26.09.2022,21:45,26
26.09.2022,22:00,27
26.09.2022,22:15,27
26.09.2022,22:30,27
26.09.2022,22:45,27
26.09.2022,23:00,27
26.09.2022,23:15,27
26.09.2022,23:30,27
26.09.2022,23:45,27
27.09.2022,00:00,27
27.09.2022,00:15,27
27.09.2022,00:30,28
27.09.2022,00:45,28
27.09.2022,01:00,28
27.09.2022,01:15,28
27.09.2022,01:30,28
27.09.2022,01:45,28
27.09.2022,02:00,28
27.09.2022,02:15,29
27.09.2022,02:30,29
27.09.2022,02:45,29
27.09.2022,03:00,29
27.09.2022,03:15,29
27.09.2022,03:30,29
27.09.2022,03:45,29
27.09.2022,04:00,29
27.09.2022,04:15,29
27.09.2022,04:30,29
27.09.2022,04:45,30
27.09.2022,05:00,30
27.09.2022,05:15,30
27.09.2022,05:30,30
27.09.2022,05:45,30
27.09.2022,06:00,30
27.09.2022,06:15,30
27.09.2022,06:30,30
27.09.2022,06:45,30
27.09.2022,07:00,30
27.09.2022,07:15,30
27.09.2022,07:30,30
27.09.2022,07:45,30
27.09.2022,08:00,30
27.09.2022,08:15,30
27.09.2022,08:30,30
27.09.2022,08:45,30
27.09.2022,09:00,30
27.09.2022,09:15,30
27.09.2022,09:30,30
27.09.2022,09:45,30
27.09.2022,10:00,30
27.09.2022,10:15,30
27.09.2022,10:30,30
27.09.2022,10:45,30
27.09.2022,11:00,30
27.09.2022,11:15,30
27.09.2022,11:30,30
27.09.2022,11:45,30
27.09.2022,12:00,30
27.09.2022,12:15,30
27.09.2022,12:30,30
27.09.2022,12:45,30
27.09.2022,13:00,30
27.09.2022,13:15,30
27.09.2022,13:30,31
27.09.2022,13:45,30
27.09.2022,14:00,30
27.09.2022,14:15,30
27.09.2022,14:30,30
27.09.2022,14:45,30
27.09.2022,15:00,30
27.09.2022,15:15,30
27.09.2022,15:30,30
27.09.2022,15:45,30
27.09.2022,16:00,29
27.09.2022,16:15,29
27.09.2022,16:30,29
27.09.2022,16:45,29
27.09.2022,17:00,29
27.09.2022,17:15,29
27.09.2022,17:30,29
27.09.2022,17:45,29
27.09.2022,18:00,29
27.09.2022,18:15,29
27.09.2022,18:30,29
27.09.2022,18:45,29
27.09.2022,19:00,29
27.09.2022,19:15,29
27.09.2022,19:30,29
27.09.2022,19:45,29
27.09.2022,20:00,29
27.09.2022,20:15,29
27.09.2022,20:30,29
27.09.2022,20:45,29
27.09.2022,21:00,29
27.09.2022,21:15,29
27.09.2022,21:30,29
27.09.2022,21:45,29
27.09.2022,22:00,29
27.09.2022,22:15,29
27.09.2022,22:30,29
27.09.2022,22:45,29
27.09.2022,23:00,29
27.09.2022,23:15,29
27.09.2022,23:30,29
27.09.2022,23:45,29
28.09.2022,00:00,29
28.09.2022,00:15,29
28.09.2022,00:30,29
28.09.2022,00:45,29
28.09.2022,01:00,29
28.09.2022,01:15,29
28.09.2022,01:30,29
28.09.2022,01:45,29
28.09.2022,02:00,29
28.09.2022,02:15,29
28.09.2022,02:30,29
28.09.2022,02:45,29
28.09.2022,03:00,29
28.09.2022,03:15,29
28.09.2022,03:30,29
28.09.2022,03:45,29
28.09.2022,04:00,29
28.09.2022,04:15,29
28.09.2022,04:30,29
28.09.2022,04:45,29
28.09.2022,05:00,29
28.09.2022,05:15,29
28.09.2022,05:30,29
28.09.2022,05:45,29
28.09.2022,06:00,29
28.09.2022,06:15,29
28.09.2022,06:30,29
28.09.2022,06:45,30
28.09.2022,07:00,30
28.09.2022,07:15,30
28.09.2022,07:30,30
28.09.2022,07:45,30
28.09.2022,08:00,30
28.09.2022,08:15,30
28.09.2022,08:30,30
28.09.2022,08:45,30
28.09.2022,09:00,30
28.09.2022,09:15,30
28.09.2022,09:30,30
28.09.2022,09:45,30
28.09.2022,10:00,30
28.09.2022,10:15,30
28.09.2022,10:30,30
28.09.2022,10:45,30
28.09.2022,11:00,30
28.09.2022,11:15,30
28.09.2022,11:30,30
28.09.2022,11:45,30
28.09.2022,12:00,30
28.09.2022,12:15,30
28.09.2022,12:30,30
28.09.2022,12:45,30
28.09.2022,13:00,30
28.09.2022,13:15,30
28.09.2022,13:30,30
28.09.2022,13:45,30
28.09.2022,14:00,30
28.09.2022,14:15,30
28.09.2022,14:30,30
28.09.2022,14:45,30
28.09.2022,15:00,30
28.09.2022,15:15,30
28.09.2022,15:30,30
28.09.2022,15:45,30
28.09.2022,16:00,30
28.09.2022,16:15,30
28.09.2022,16:30,30
28.09.2022,16:45,30
28.09.2022,17:00,30
28.09.2022,17:15,30
28.09.2022,17:30,30
28.09.2022,17:45,30
28.09.2022,18:00,30
28.09.2022,18:15,30
28.09.2022,18:30,30
28.09.2022,18:45,30
28.09.2022,19:00,30
28.09.2022,19:15,30
28.09.2022,19:30,30
28.09.2022,19:45,30
28.09.2022,20:00,30
28.09.2022,20:15,30
28.09.2022,20:30,30
28.09.2022,20:45,30
28.09.2022,21:00,30
28.09.2022,21:15,30
28.09.2022,21:30,30
28.09.2022,21:45,30
28.09.2022,22:00,30
28.09.2022,22:15,29
28.09.2022,22:30,29
28.09.2022,22:45,29
28.09.2022,23:00,29
28.09.2022,23:15,29
28.09.2022,23:30,29
28.09.2022,23:45,29
29.09.2022,00:00,29
29.09.2022,00:15,29
29.09.2022,00:30,29
29.09.2022,00:45,29
29.09.2022,01:00,29
29.09.2022,01:15,29
29.09.2022,01:30,29
29.09.2022,01:45,29
29.09.2022,02:00,29
29.09.2022,02:15,29
29.09.2022,02:30,29
29.09.2022,02:45,29
29.09.2022,03:00,29
29.09.2022,03:15,29
29.09.2022,03:30,29
29.09.2022,03:45,29
29.09.2022,04:00,29
29.09.2022,04:15,29
29.09.2022,04:30,29
29.09.2022,04:45,29
29.09.2022,05:00,29
29.09.2022,05:15,29
29.09.2022,05:30,29
29.09.2022,05:45,29
29.09.2022,06:00,29
29.09.2022,06:15,29
29.09.2022,06:30,29
29.09.2022,06:45,29
29.09.2022,07:00,29
29.09.2022,07:15,29
29.09.2022,07:30,29
29.09.2022,07:45,29
29.09.2022,08:00,29
29.09.2022,08:15,29
29.09.2022,08:30,29
29.09.2022,08:45,29
29.09.2022,09:00,29
29.09.2022,09:15,29
29.09.2022,09:30,29
29.09.2022,09:45,29
29.09.2022,10:00,29
29.09.2022,10:15,29
29.09.2022,10:30,29
29.09.2022,10:45,29
29.09.2022,11:00,29
29.09.2022,11:15,29
29.09.2022,11:30,28
29.09.2022,11:45,28
29.09.2022,12:00,28
29.09.2022,12:15,28
29.09.2022,12:30,28
29.09.2022,12:45,28
29.09.2022,13:00,28
29.09.2022,13:15,28
29.09.2022,13:30,28
29.09.2022,13:45,28
29.09.2022,14:00,28
29.09.2022,14:15,28
29.09.2022,14:30,28
29.09.2022,14:45,27
29.09.2022,15:00,27
29.09.2022,15:15,27
29.09.2022,15:30,27
29.09.2022,15:45,27
29.09.2022,16:00,28
29.09.2022,16:15,28
29.09.2022,16:30,28
29.09.2022,16:45,27
29.09.2022,17:00,27
29.09.2022,17:15,27
29.09.2022,17:30,27
29.09.2022,17:45,27
29.09.2022,18:00,27
29.09.2022,18:15,27
29.09.2022,18:30,27
29.09.2022,18:45,27
29.09.2022,19:00,27
29.09.2022,19:15,27
29.09.2022,19:30,27
29.09.2022,19:45,27
29.09.2022,20:00,28
29.09.2022,20:15,28
29.09.2022,20:30,28
29.09.2022,20:45,28
29.09.2022,21:00,28
29.09.2022,21:15,28
29.09.2022,21:30,28
29.09.2022,21:45,28
29.09.2022,22:00,28
29.09.2022,22:15,28
29.09.2022,22:30,28
29.09.2022,22:45,28
29.09.2022,23:00,28
29.09.2022,23:15,28
29.09.2022,23:30,28
29.09.2022,23:45,28
30.09.2022,00:00,28
30.09.2022,00:15,28
30.09.2022,00:30,28
30.09.2022,00:45,28
30.09.2022,01:00,28
30.09.2022,01:15,28
30.09.2022,01:30,28
30.09.2022,01:45,28
30.09.2022,02:00,28
30.09.2022,02:15,28
30.09.2022,02:30,28
30.09.2022,02:45,28
30.09.2022,03:00,28
30.09.2022,03:15,28
30.09.2022,03:30,28
30.09.2022,03:45,28
30.09.2022,04:00,28
30.09.2022,04:15,27
30.09.2022,04:30,27
30.09.2022,04:45,27
30.09.2022,05:00,27
30.09.2022,05:15,27
30.09.2022,05:30,27
30.09.2022,05:45,27
30.09.2022,06:00,27
30.09.2022,06:15,27
30.09.2022,06:30,27
30.09.2022,06:45,27
30.09.2022,07:00,27
30.09.2022,07:15,27
30.09.2022,07:30,27
30.09.2022,07:45,27
30.09.2022,08:00,27
30.09.2022,08:15,27
30.09.2022,08:30,27
30.09.2022,08:45,27
30.09.2022,09:00,27
30.09.2022,09:15,27
30.09.2022,09:30,27
30.09.2022,09:45,27
30.09.2022,10:00,27
30.09.2022,10:15,27
30.09.2022,10:30,27
30.09.2022,10:45,27
30.09.2022,11:00,27
30.09.2022,11:15,27
30.09.2022,11:30,27
30.09.2022,11:45,27
30.09.2022,12:00,27
30.09.2022,12:15,27
30.09.2022,12:30,27
30.09.2022,12:45,27
30.09.2022,13:00,27
30.09.2022,13:15,27
30.09.2022,13:30,27
30.09.2022,13:45,27
30.09.2022,14:00,27
30.09.2022,14:15,27
30.09.2022,14:30,27
30.09.2022,14:45,27
30.09.2022,15:00,27
30.09.2022,15:15,27
30.09.2022,15:30,27
30.09.2022,15:45,27
30.09.2022,16:00,27
30.09.2022,16:15,27
30.09.2022,16:30,27
30.09.2022,16:45,27
30.09.2022,17:00,27
30.09.2022,17:15,27
30.09.2022,17:30,27
30.09.2022,17:45,27
30.09.2022,18:00,27
30.09.2022,18:15,27
30.09.2022,18:30,27
30.09.2022,18:45,27
30.09.2022,19:00,27
30.09.2022,19:15,27
30.09.2022,19:30,27
30.09.2022,19:45,27
30.09.2022,20:00,27
30.09.2022,20:15,27
30.09.2022,20:30,27
30.09.2022,20:45,27
30.09.2022,21:00,27
30.09.2022,21:15,27
30.09.2022,21:30,27
30.09.2022,21:45,26
30.09.2022,22:00,26
30.09.2022,22:15,26
30.09.2022,22:30,26
30.09.2022,22:45,26
30.09.2022,23:00,26
30.09.2022,23:15,26
30.09.2022,23:30,26
30.09.2022,23:45,26
01.10.2022,00:00,26
01.10.2022,00:15,26
01.10.2022,00:30,26
01.10.2022,00:45,26
01.10.2022,01:00,26
01.10.2022,01:15,26
01.10.2022,01:30,26
01.10.2022,01:45,26
01.10.2022,02:00,26
01.10.2022,02:15,26
01.10.2022,02:30,26
01.10.2022,02:45,26
01.10.2022,03:00,26
01.10.2022,03:15,26
01.10.2022,03:30,26
01.10.2022,03:45,26
01.10.2022,04:00,26
01.10.2022,04:15,26
01.10.2022,04:30,26
01.10.2022,04:45,26
01.10.2022,05:00,26
01.10.2022,05:15,26
01.10.2022,05:30,26
01.10.2022,05:45,27
01.10.2022,06:00,27
01.10.2022,06:15,27
01.10.2022,06:30,27
01.10.2022,06:45,27
01.10.2022,07:00,27
01.10.2022,07:15,27
01.10.2022,07:30,27
01.10.2022,07:45,27
01.10.2022,08:00,28
01.10.2022,08:15,28
01.10.2022,08:30,28
01.10.2022,08:45,28
01.10.2022,09:00,28
01.10.2022,09:15,28
01.10.2022,09:30,29
01.10.2022,09:45,29
01.10.2022,10:00,29
01.10.2022,10:15,29
01.10.2022,10:30,30
01.10.2022,10:45,30
01.10.2022,11:00,30
01.10.2022,11:15,30
01.10.2022,11:30,31
01.10.2022,11:45,31
01.10.2022,12:00,31
01.10.2022,12:15,32
01.10.2022,12:30,32
01.10.2022,12:45,32
01.10.2022,13:00,32
01.10.2022,13:15,33
01.10.2022,13:30,33
01.10.2022,13:45,33
01.10.2022,14:00,33
01.10.2022,14:15,34
01.10.2022,14:30,34
01.10.2022,14:45,34
01.10.2022,15:00,34
01.10.2022,15:15,34
01.10.2022,15:30,34
01.10.2022,15:45,34
01.10.2022,16:00,34
01.10.2022,16:15,34
01.10.2022,16:30,34
01.10.2022,16:45,34
01.10.2022,17:00,34
01.10.2022,17:15,34
01.10.2022,17:30,34
01.10.2022,17:45,34
01.10.2022,18:00,34
01.10.2022,18:15,34
01.10.2022,18:30,34
01.10.2022,18:45,34
01.10.2022,19:00,34
01.10.2022,19:15,34
01.10.2022,19:30,34
01.10.2022,19:45,34
01.10.2022,20:00,34
01.10.2022,20:15,34
01.10.2022,20:30,34
01.10.2022,20:45,34
01.10.2022,21:00,34
01.10.2022,21:15,34
01.10.2022,21:30,33
01.10.2022,21:45,33
01.10.2022,22:00,33
01.10.2022,22:15,33
01.10.2022,22:30,33
01.10.2022,22:45,33
01.10.2022,23:00,33
01.10.2022,23:15,33
01.10.2022,23:30,33
01.10.2022,23:45,33
02.10.2022,00:00,33
02.10.2022,00:15,33
02.10.2022,00:30,33
02.10.2022,00:45,33
02.10.2022,01:00,33
02.10.2022,01:15,33
02.10.2022,01:30,33
02.10.2022,01:45,33
02.10.2022,02:00,33
02.10.2022,02:15,33
02.10.2022,02:30,33
02.10.2022,02:45,33
02.10.2022,03:00,33
02.10.2022,03:15,33
02.10.2022,03:30,33
02.10.2022,03:45,34
02.10.2022,04:00,34
02.10.2022,04:15,34
02.10.2022,04:30,34
02.10.2022,04:45,34
02.10.2022,05:00,34
02.10.2022,05:15,34
02.10.2022,05:30,34
02.10.2022,05:45,34
02.10.2022,06:00,34
02.10.2022,06:15,34
02.10.2022,06:30,34
02.10.2022,06:45,34
02.10.2022,07:00,34
02.10.2022,07:15,34
02.10.2022,07:30,34
02.10.2022,07:45,34
02.10.2022,08:00,34
02.10.2022,08:15,34
02.10.2022,08:30,34
02.10.2022,08:45,34
02.10.2022,09:00,34
02.10.2022,09:15,34
02.10.2022,09:30,34
02.10.2022,09:45,34
02.10.2022,10:00,34
02.10.2022,10:15,34
02.10.2022,10:30,34
02.10.2022,10:45,34
02.10.2022,11:00,34
02.10.2022,11:15,34
02.10.2022,11:30,34
02.10.2022,11:45,35
02.10.2022,12:00,35
02.10.2022,12:15,35
02.10.2022,12:30,35
02.10.2022,12:45,35
02.10.2022,13:00,36
02.10.2022,13:15,36
02.10.2022,13:30,36
02.10.2022,13:45,37
02.10.2022,14:00,37
02.10.2022,14:15,37
02.10.2022,14:30,37
02.10.2022,14:45,38
02.10.2022,15:00,38
02.10.2022,15:15,39
02.10.2022,15:30,39
02.10.2022,15:45,40
02.10.2022,16:00,40
02.10.2022,16:15,41
02.10.2022,16:30,41
02.10.2022,16:45,41
02.10.2022,17:00,41
02.10.2022,17:15,42
02.10.2022,17:30,42
02.10.2022,17:45,42
02.10.2022,18:00,42
02.10.2022,18:15,42
02.10.2022,18:30,42
02.10.2022,18:45,42
02.10.2022,19:00,43
02.10.2022,19:15,43
02.10.2022,19:30,43
02.10.2022,19:45,42
02.10.2022,20:00,42
02.10.2022,20:15,42
02.10.2022,20:30,42
02.10.2022,20:45,42
02.10.2022,21:00,42
02.10.2022,21:15,42
02.10.2022,21:30,42
02.10.2022,21:45,42
02.10.2022,22:00,42
02.10.2022,22:15,42
02.10.2022,22:30,42
02.10.2022,22:45,42
02.10.2022,23:00,42
02.10.2022,23:15,41
02.10.2022,23:30,41
02.10.2022,23:45,41
03.10.2022,00:00,41
03.10.2022,00:15,41
03.10.2022,00:30,41
03.10.2022,00:45,41
03.10.2022,01:00,41
03.10.2022,01:15,41
03.10.2022,01:30,41
03.10.2022,01:45,41
03.10.2022,02:00,41
03.10.2022,02:15,41
03.10.2022,02:30,41
03.10.2022,02:45,40
03.10.2022,03:00,40
03.10.2022,03:15,40
03.10.2022,03:30,40
03.10.2022,03:45,40
03.10.2022,04:00,40
03.10.2022,04:15,40
03.10.2022,04:30,40
03.10.2022,04:45,40
03.10.2022,05:00,40
03.10.2022,05:15,40
03.10.2022,05:30,40
03.10.2022,05:45,40
03.10.2022,06:00,40
03.10.2022,06:15,40
03.10.2022,06:30,40
03.10.2022,06:45,40
03.10.2022,07:00,40
03.10.2022,07:15,40
03.10.2022,07:30,40
03.10.2022,07:45,40
03.10.2022,08:00,39
03.10.2022,08:15,39
03.10.2022,08:30,39
03.10.2022,08:45,39
03.10.2022,09:00,39
03.10.2022,09:15,39
03.10.2022,09:30,39
03.10.2022,09:45,39
03.10.2022,10:00,39
03.10.2022,10:15,39
03.10.2022,10:30,39
03.10.2022,10:45,39
03.10.2022,11:00,39
03.10.2022,11:15,39
03.10.2022,11:30,39
03.10.2022,11:45,39
03.10.2022,12:00,39
03.10.2022,12:15,39
03.10.2022,12:30,39
03.10.2022,12:45,39
03.10.2022,13:00,39
03.10.2022,13:15,39
03.10.2022,13:30,38
03.10.2022,13:45,38
03.10.2022,14:00,38
03.10.2022,14:15,38
03.10.2022,14:30,38
03.10.2022,14:45,38
03.10.2022,15:00,38
03.10.2022,15:15,38
03.10.2022,15:30,38
03.10.2022,15:45,38
03.10.2022,16:00,38
03.10.2022,16:15,38
03.10.2022,16:30,38
03.10.2022,16:45,38
03.10.2022,17:00,38
03.10.2022,17:15,38
03.10.2022,17:30,38
03.10.2022,17:45,38
03.10.2022,18:00,38
03.10.2022,18:15,38
03.10.2022,18:30,38
03.10.2022,18:45,38
03.10.2022,19:00,38
03.10.2022,19:15,38
03.10.2022,19:30,37
03.10.2022,19:45,37
03.10.2022,20:00,37
03.10.2022,20:15,37
03.10.2022,20:30,37
03.10.2022,20:45,37
03.10.2022,21:00,37
03.10.2022,21:15,37
03.10.2022,21:30,37
03.10.2022,21:45,37
03.10.2022,22:00,37
03.10.2022,22:15,37
03.10.2022,22:30,37
03.10.2022,22:45,37
03.10.2022,23:00,37
03.10.2022,23:15,37
03.10.2022,23:30,37
03.10.2022,23:45,37
04.10.2022,00:00,37
04.10.2022,00:15,37
04.10.2022,00:30,37
04.10.2022,00:45,37
04.10.2022,01:00,37
04.10.2022,01:15,37
04.10.2022,01:30,37
04.10.2022,01:45,37
04.10.2022,02:00,37
04.10.2022,02:15,37
04.10.2022,02:30,37
04.10.2022,02:45,37
04.10.2022,03:00,36
04.10.2022,03:15,36
04.10.2022,03:30,36
04.10.2022,03:45,36
04.10.2022,04:00,36
04.10.2022,04:15,36
04.10.2022,04:30,36
04.10.2022,04:45,36
04.10.2022,05:00,36
04.10.2022,05:15,36
04.10.2022,05:30,36
04.10.2022,05:45,36
04.10.2022,06:00,36
04.10.2022,06:15,36
04.10.2022,06:30,36
04.10.2022,06:45,36
04.10.2022,07:00,36
04.10.2022,07:15,36
04.10.2022,07:30,36
04.10.2022,07:45,36
04.10.2022,08:00,36
04.10.2022,08:15,36
04.10.2022,08:30,36
04.10.2022,08:45,36
04.10.2022,09:00,36
04.10.2022,09:15,36
04.10.2022,09:30,36
04.10.2022,09:45,36
04.10.2022,10:00,36
04.10.2022,10:15,36
04.10.2022,10:30,36
04.10.2022,10:45,36
04.10.2022,11:00,36
04.10.2022,11:15,36
04.10.2022,11:30,35
04.10.2022,11:45,35
04.10.2022,12:00,35
04.10.2022,12:15,35
04.10.2022,12:30,35
04.10.2022,12:45,35
04.10.2022,13:00,35
04.10.2022,13:15,35
04.10.2022,13:30,35
04.10.2022,13:45,35
04.10.2022,14:00,35
04.10.2022,14:15,35
04.10.2022,14:30,35
04.10.2022,14:45,35
04.10.2022,15:00,35
04.10.2022,15:15,35
04.10.2022,15:30,35
04.10.2022,15:45,35
04.10.2022,16:00,35
04.10.2022,16:15,35
04.10.2022,16:30,35
04.10.2022,16:45,35
04.10.2022,17:00,35
04.10.2022,17:15,35
04.10.2022,17:30,35
04.10.2022,17:45,35
04.10.2022,18:00,35
04.10.2022,18:15,35
04.10.2022,18:30,34
04.10.2022,18:45,34
04.10.2022,19:00,34
04.10.2022,19:15,34
04.10.2022,19:30,34
04.10.2022,19:45,34
04.10.2022,20:00,34
04.10.2022,20:15,34
04.10.2022,20:30,34
04.10.2022,20:45,34
04.10.2022,21:00,34
04.10.2022,21:15,34
04.10.2022,21:30,34
04.10.2022,21:45,34
04.10.2022,22:00,34
04.10.2022,22:15,34
04.10.2022,22:30,34
04.10.2022,22:45,34
04.10.2022,23:00,34
04.10.2022,23:15,34
04.10.2022,23:30,34
04.10.2022,23:45,34
05.10.2022,00:00,34
05.10.2022,00:15,34
05.10.2022,00:30,34
05.10.2022,00:45,34
05.10.2022,01:00,34
05.10.2022,01:15,34
05.10.2022,01:30,34
05.10.2022,01:45,34
05.10.2022,02:00,34
05.10.2022,02:15,34
05.10.2022,02:30,33
05.10.2022,02:45,33
05.10.2022,03:00,33
05.10.2022,03:15,33
05.10.2022,03:30,33
05.10.2022,03:45,33
05.10.2022,04:00,33
05.10.2022,04:15,33
05.10.2022,04:30,33
05.10.2022,04:45,33
05.10.2022,05:00,33
05.10.2022,05:15,33
05.10.2022,05:30,33
05.10.2022,05:45,33
05.10.2022,06:00,33
05.10.2022,06:15,33
05.10.2022,06:30,33
05.10.2022,06:45,33
05.10.2022,07:00,33
05.10.2022,07:15,33
05.10.2022,07:30,33
05.10.2022,07:45,33
05.10.2022,08:00,33
05.10.2022,08:15,33
05.10.2022,08:30,33
05.10.2022,08:45,33
05.10.2022,09:00,33
05.10.2022,09:15,33
05.10.2022,09:30,33
05.10.2022,09:45,33
05.10.2022,10:00,33
05.10.2022,10:15,33
05.10.2022,10:30,33
05.10.2022,10:45,33
05.10.2022,11:00,33
05.10.2022,11:15,33
05.10.2022,11:30,33
05.10.2022,11:45,33
05.10.2022,12:00,33
05.10.2022,12:15,33
05.10.2022,12:30,33
05.10.2022,12:45,33
05.10.2022,13:00,33
05.10.2022,13:15,33
05.10.2022,13:30,33
05.10.2022,13:45,33
05.10.2022,14:00,33
05.10.2022,14:15,32
05.10.2022,14:30,32
05.10.2022,14:45,32
05.10.2022,15:00,32
05.10.2022,15:15,32
05.10.2022,15:30,32
05.10.2022,15:45,32
05.10.2022,16:00,32
05.10.2022,16:15,32
05.10.2022,16:30,32
05.10.2022,16:45,32
05.10.2022,17:00,32
05.10.2022,17:15,32
05.10.2022,17:30,32
05.10.2022,17:45,32
05.10.2022,18:00,32
05.10.2022,18:15,32
05.10.2022,18:30,32
05.10.2022,18:45,32
05.10.2022,19:00,32
05.10.2022,19:15,32
05.10.2022,19:30,32
05.10.2022,19:45,32
05.10.2022,20:00,32
05.10.2022,20:15,32
05.10.2022,20:30,32
05.10.2022,20:45,32
05.10.2022,21:00,32
05.10.2022,21:15,32
05.10.2022,21:30,32
05.10.2022,21:45,32
05.10.2022,22:00,32
05.10.2022,22:15,32
05.10.2022,22:30,32
05.10.2022,22:45,32
05.10.2022,23:00,32
05.10.2022,23:15,32
05.10.2022,23:30,32
05.10.2022,23:45,32
06.10.2022,00:00,32
06.10.2022,00:15,32
06.10.2022,00:30,32
06.10.2022,00:45,32
06.10.2022,01:00,31
06.10.2022,01:15,31
06.10.2022,01:30,31
06.10.2022,01:45,31
06.10.2022,02:00,31
06.10.2022,02:15,31
06.10.2022,02:30,31
06.10.2022,02:45,31
06.10.2022,03:00,31
06.10.2022,03:15,31
06.10.2022,03:30,31
06.10.2022,03:45,31
06.10.2022,04:00,31
06.10.2022,04:15,31
06.10.2022,04:30,31
06.10.2022,04:45,31
06.10.2022,05:00,31
06.10.2022,05:15,31
06.10.2022,05:30,31
06.10.2022,05:45,31
06.10.2022,06:00,31
06.10.2022,06:15,31
06.10.2022,06:30,31
06.10.2022,06:45,31
06.10.2022,07:00,31
06.10.2022,07:15,31
06.10.2022,07:30,31
06.10.2022,07:45,31
06.10.2022,08:00,31
06.10.2022,08:15,31
06.10.2022,08:30,31
06.10.2022,08:45,31
06.10.2022,09:00,31
06.10.2022,09:15,31
06.10.2022,09:30,31
06.10.2022,09:45,31
06.10.2022,10:00,31
06.10.2022,10:15,31
06.10.2022,10:30,31
06.10.2022,10:45,31
06.10.2022,11:00,31
06.10.2022,11:15,31
06.10.2022,11:30,31
06.10.2022,11:45,31
06.10.2022,12:00,31
06.10.2022,12:15,31
06.10.2022,12:30,31
06.10.2022,12:45,30
06.10.2022,13:00,30
06.10.2022,13:15,30
06.10.2022,13:30,30
06.10.2022,13:45,30
06.10.2022,14:00,30
06.10.2022,14:15,30
06.10.2022,14:30,30
06.10.2022,14:45,30
06.10.2022,15:00,30
06.10.2022,15:15,30
06.10.2022,15:30,30
06.10.2022,15:45,30
06.10.2022,16:00,30
06.10.2022,16:15,30
06.10.2022,16:30,30
06.10.2022,16:45,30
06.10.2022,17:00,30
06.10.2022,17:15,30
06.10.2022,17:30,30
06.10.2022,17:45,30
06.10.2022,18:00,30
06.10.2022,18:15,30
06.10.2022,18:30,30
06.10.2022,18:45,30
06.10.2022,19:00,30
06.10.2022,19:15,30
06.10.2022,19:30,30
06.10.2022,19:45,30
06.10.2022,20:00,30
06.10.2022,20:15,30
06.10.2022,20:30,30
06.10.2022,20:45,30
06.10.2022,21:00,30
06.10.2022,21:15,30
06.10.2022,21:30,30
06.10.2022,21:45,30
06.10.2022,22:00,30
06.10.2022,22:15,29
06.10.2022,22:30,29
06.10.2022,22:45,29
06.10.2022,23:00,29
06.10.2022,23:15,29
06.10.2022,23:30,29
06.10.2022,23:45,29
07.10.2022,00:00,29
07.10.2022,00:15,29
07.10.2022,00:30,29
07.10.2022,00:45,29
07.10.2022,01:00,29
07.10.2022,01:15,29
07.10.2022,01:30,29
07.10.2022,01:45,29
07.10.2022,02:00,29
07.10.2022,02:15,29
07.10.2022,02:30,29
07.10.2022,02:45,29
07.10.2022,03:00,29
07.10.2022,03:15,29
07.10.2022,03:30,29
07.10.2022,03:45,29
07.10.2022,04:00,29
07.10.2022,04:15,29
07.10.2022,04:30,29
07.10.2022,04:45,29
07.10.2022,05:00,29
07.10.2022,05:15,29
07.10.2022,05:30,29
07.10.2022,05:45,29
07.10.2022,06:00,29
07.10.2022,06:15,29
07.10.2022,06:30,29
07.10.2022,06:45,29
07.10.2022,07:00,29
07.10.2022,07:15,29
07.10.2022,07:30,29
07.10.2022,07:45,29
07.10.2022,08:00,29
07.10.2022,08:15,29
07.10.2022,08:30,29
07.10.2022,08:45,29
07.10.2022,09:00,29
07.10.2022,09:15,29
07.10.2022,09:30,29
07.10.2022,09:45,29
07.10.2022,10:00,29
07.10.2022,10:15,29
07.10.2022,10:30,29
07.10.2022,10:45,29
07.10.2022,11:00,29
07.10.2022,11:15,29
07.10.2022,11:30,29
07.10.2022,11:45,29
07.10.2022,12:00,29
07.10.2022,12:15,29
07.10.2022,12:30,29
07.10.2022,12:45,29
07.10.2022,13:00,29
07.10.2022,13:15,29
07.10.2022,13:30,29
07.10.2022,13:45,29
07.10.2022,14:00,29
07.10.2022,14:15,29
07.10.2022,14:30,29
07.10.2022,14:45,29
07.10.2022,15:00,29
07.10.2022,15:15,29
07.10.2022,15:30,29
07.10.2022,15:45,29
07.10.2022,16:00,29
07.10.2022,16:15,29
07.10.2022,16:30,29
07.10.2022,16:45,29
07.10.2022,17:00,29
07.10.2022,17:15,29
07.10.2022,17:30,29
07.10.2022,17:45,29
07.10.2022,18:00,29
07.10.2022,18:15,29
07.10.2022,18:30,29
07.10.2022,18:45,29
07.10.2022,19:00,29
07.10.2022,19:15,29
07.10.2022,19:30,29
07.10.2022,19:45,29
07.10.2022,20:00,29
07.10.2022,20:15,28
07.10.2022,20:30,29
07.10.2022,20:45,28
07.10.2022,21:00,28
07.10.2022,21:15,28
07.10.2022,21:30,28
07.10.2022,21:45,28
07.10.2022,22:00,28
07.10.2022,22:15,28
07.10.2022,22:30,28
07.10.2022,22:45,28
07.10.2022,23:00,28
07.10.2022,23:15,28
07.10.2022,23:30,28
07.10.2022,23:45,28
08.10.2022,00:00,28
08.10.2022,00:15,28
08.10.2022,00:30,28
08.10.2022,00:45,28
08.10.2022,01:00,28
08.10.2022,01:15,28
08.10.2022,01:30,28
08.10.2022,01:45,28
08.10.2022,02:00,28
08.10.2022,02:15,28
08.10.2022,02:30,28
08.10.2022,02:45,28
08.10.2022,03:00,28
08.10.2022,03:15,28
08.10.2022,03:30,28
08.10.2022,03:45,28
08.10.2022,04:00,28
08.10.2022,04:15,28
08.10.2022,04:30,28
08.10.2022,04:45,28
08.10.2022,05:00,28
08.10.2022,05:15,28
08.10.2022,05:30,28
08.10.2022,05:45,28
08.10.2022,06:00,28
08.10.2022,06:15,28
08.10.2022,06:30,28
08.10.2022,06:45,28
08.10.2022,07:00,28
08.10.2022,07:15,28
08.10.2022,07:30,28
08.10.2022,07:45,28
08.10.2022,08:00,28
08.10.2022,08:15,28
08.10.2022,08:30,28
08.10.2022,08:45,28
08.10.2022,09:00,28
08.10.2022,09:15,28
08.10.2022,09:30,28
08.10.2022,09:45,28
08.10.2022,10:00,28
08.10.2022,10:15,28
08.10.2022,10:30,28
08.10.2022,10:45,28
08.10.2022,11:00,28
08.10.2022,11:15,28
08.10.2022,11:30,28
08.10.2022,11:45,28
08.10.2022,12:00,28
08.10.2022,12:15,28
08.10.2022,12:30,28
08.10.2022,12:45,28
08.10.2022,13:00,28
08.10.2022,13:15,28
08.10.2022,13:30,28
08.10.2022,13:45,28
08.10.2022,14:00,28
08.10.2022,14:15,28
08.10.2022,14:30,28
08.10.2022,14:45,28
08.10.2022,15:00,28
08.10.2022,15:15,28
08.10.2022,15:30,28
08.10.2022,15:45,28
08.10.2022,16:00,28
08.10.2022,16:15,28
08.10.2022,16:30,28
08.10.2022,16:45,28
08.10.2022,17:00,28
08.10.2022,17:15,28
08.10.2022,17:30,28
08.10.2022,17:45,28
08.10.2022,18:00,28
08.10.2022,18:15,28
08.10.2022,18:30,28
08.10.2022,18:45,28
08.10.2022,19:00,28
08.10.2022,19:15,28
08.10.2022,19:30,28
08.10.2022,19:45,28
08.10.2022,20:00,27
08.10.2022,20:15,27
08.10.2022,20:30,27
08.10.2022,20:45,27
08.10.2022,21:00,27
08.10.2022,21:15,27
08.10.2022,21:30,27
08.10.2022,21:45,27
08.10.2022,22:00,27
08.10.2022,22:15,27
08.10.2022,22:30,27
08.10.2022,22:45,27
08.10.2022,23:00,27
08.10.2022,23:15,27
08.10.2022,23:30,27
08.10.2022,23:45,27
09.10.2022,00:00,27
09.10.2022,00:15,27
09.10.2022,00:30,27
09.10.2022,00:45,27
09.10.2022,01:00,27
09.10.2022,01:15,27
09.10.2022,01:30,27
09.10.2022,01:45,27
09.10.2022,02:00,27
09.10.2022,02:15,27
09.10.2022,02:30,27
09.10.2022,02:45,27
09.10.2022,03:00,27
09.10.2022,03:15,27
09.10.2022,03:30,27
09.10.2022,03:45,27
09.10.2022,04:00,27
09.10.2022,04:15,27
09.10.2022,04:30,27
09.10.2022,04:45,27
09.10.2022,05:00,27
09.10.2022,05:15,27
09.10.2022,05:30,27
09.10.2022,05:45,27
09.10.2022,06:00,27
09.10.2022,06:15,27
09.10.2022,06:30,27
09.10.2022,06:45,27
09.10.2022,07:00,27
09.10.2022,07:15,27
09.10.2022,07:30,27
09.10.2022,07:45,27
09.10.2022,08:00,27
09.10.2022,08:15,27
09.10.2022,08:30,27
09.10.2022,08:45,27
09.10.2022,09:00,27
09.10.2022,09:15,27
09.10.2022,09:30,27
09.10.2022,09:45,27
09.10.2022,10:00,27
09.10.2022,10:15,27
09.10.2022,10:30,27
09.10.2022,10:45,27
09.10.2022,11:00,27
09.10.2022,11:15,27
09.10.2022,11:30,27
09.10.2022,11:45,27
09.10.2022,12:00,27
09.10.2022,12:15,27
09.10.2022,12:30,27
09.10.2022,12:45,27
09.10.2022,13:00,27
09.10.2022,13:15,27
09.10.2022,13:30,27
09.10.2022,13:45,27
09.10.2022,14:00,27
09.10.2022,14:15,27
09.10.2022,14:30,27
09.10.2022,14:45,27
09.10.2022,15:00,27
09.10.2022,15:15,27
09.10.2022,15:30,27
09.10.2022,15:45,27
09.10.2022,16:00,27
09.10.2022,16:15,27
09.10.2022,16:30,27
09.10.2022,16:45,27
09.10.2022,17:00,27
09.10.2022,17:15,27
09.10.2022,17:30,27
09.10.2022,17:45,27
09.10.2022,18:00,27
09.10.2022,18:15,27
09.10.2022,18:30,27
09.10.2022,18:45,27
09.10.2022,19:00,27
09.10.2022,19:15,27
09.10.2022,19:30,27
09.10.2022,19:45,27
09.10.2022,20:00,27
09.10.2022,20:15,27
09.10.2022,20:30,27
09.10.2022,20:45,26
09.10.2022,21:00,26
09.10.2022,21:15,26
09.10.2022,21:30,26
09.10.2022,21:45,26
09.10.2022,22:00,26
09.10.2022,22:15,26
09.10.2022,22:30,26
09.10.2022,22:45,26
09.10.2022,23:00,26
09.10.2022,23:15,26
09.10.2022,23:30,26
09.10.2022,23:45,26
10.10.2022,00:00,26
10.10.2022,00:15,26
10.10.2022,00:30,26
10.10.2022,00:45,26
10.10.2022,01:00,26
10.10.2022,01:15,26
10.10.2022,01:30,26
10.10.2022,01:45,26
10.10.2022,02:00,26
10.10.2022,02:15,26
10.10.2022,02:30,26
10.10.2022,02:45,26
10.10.2022,03:00,26
10.10.2022,03:15,26
10.10.2022,03:30,26
10.10.2022,03:45,26
10.10.2022,04:00,26
10.10.2022,04:15,26
10.10.2022,04:30,26
10.10.2022,04:45,26
10.10.2022,05:00,26
10.10.2022,05:15,26
10.10.2022,05:30,26
10.10.2022,05:45,26
10.10.2022,06:00,26
10.10.2022,06:15,26
10.10.2022,06:30,26
10.10.2022,06:45,26
10.10.2022,07:00,26
10.10.2022,07:15,26
10.10.2022,07:30,26
10.10.2022,07:45,26
10.10.2022,08:00,26
10.10.2022,08:15,26
10.10.2022,08:30,26
10.10.2022,08:45,26
10.10.2022,09:00,26
10.10.2022,09:15,26
10.10.2022,09:30,26
10.10.2022,09:45,26
10.10.2022,10:00,26
10.10.2022,10:15,26
10.10.2022,10:30,26
10.10.2022,10:45,26
10.10.2022,11:00,26
10.10.2022,11:15,26
10.10.2022,11:30,26
10.10.2022,11:45,26
10.10.2022,12:00,26
10.10.2022,12:15,26
10.10.2022,12:30,26
10.10.2022,12:45,26
10.10.2022,13:00,26
10.10.2022,13:15,26
10.10.2022,13:30,26
10.10.2022,13:45,26
10.10.2022,14:00,26
10.10.2022,14:15,26
10.10.2022,14:30,26
10.10.2022,14:45,26
10.10.2022,15:00,26
10.10.2022,15:15,26
10.10.2022,15:30,26
10.10.2022,15:45,26
10.10.2022,16:00,26
10.10.2022,16:15,26
10.10.2022,16:30,26
10.10.2022,16:45,26
10.10.2022,17:00,26
10.10.2022,17:15,26
10.10.2022,17:30,26
10.10.2022,17:45,26
10.10.2022,18:00,26
10.10.2022,18:15,26
10.10.2022,18:30,26
10.10.2022,18:45,26
10.10.2022,19:00,26
10.10.2022,19:15,26
10.10.2022,19:30,26
10.10.2022,19:45,26
10.10.2022,20:00,26
10.10.2022,20:15,26
10.10.2022,20:30,26
10.10.2022,20:45,26
10.10.2022,21:00,26
10.10.2022,21:15,26
10.10.2022,21:30,26
10.10.2022,21:45,26
10.10.2022,22:00,26
10.10.2022,22:15,26
10.10.2022,22:30,26
10.10.2022,22:45,26
10.10.2022,23:00,26
10.10.2022,23:15,26
10.10.2022,23:30,26
10.10.2022,23:45,26
11.10.2022,00:00,26
11.10.2022,00:15,26
11.10.2022,00:30,26
11.10.2022,00:45,26
11.10.2022,01:00,26
11.10.2022,01:15,26
11.10.2022,01:30,26
11.10.2022,01:45,26
11.10.2022,02:00,26
11.10.2022,02:15,26
11.10.2022,02:30,26
11.10.2022,02:45,26
11.10.2022,03:00,26
11.10.2022,03:15,26
11.10.2022,03:30,26
11.10.2022,03:45,26
11.10.2022,04:00,26
11.10.2022,04:15,26
11.10.2022,04:30,26
11.10.2022,04:45,26
11.10.2022,05:00,26
11.10.2022,05:15,26
11.10.2022,05:30,26
11.10.2022,05:45,26
11.10.2022,06:00,26
11.10.2022,06:15,26
11.10.2022,06:30,26
11.10.2022,06:45,26
11.10.2022,07:00,26
11.10.2022,07:15,26
11.10.2022,07:30,26
11.10.2022,07:45,26
11.10.2022,08:00,26
11.10.2022,08:15,26
11.10.2022,08:30,26
11.10.2022,08:45,26
11.10.2022,09:00,26
11.10.2022,09:15,26
11.10.2022,09:30,26
11.10.2022,09:45,26
11.10.2022,10:00,26
11.10.2022,10:15,26
11.10.2022,10:30,26
11.10.2022,10:45,26
11.10.2022,11:00,26
11.10.2022,11:15,26
11.10.2022,11:30,26
11.10.2022,11:45,26
11.10.2022,12:00,26
11.10.2022,12:15,26
11.10.2022,12:30,26
11.10.2022,12:45,26
11.10.2022,13:00,26
11.10.2022,13:15,26
11.10.2022,13:30,26
11.10.2022,13:45,26
11.10.2022,14:00,26
11.10.2022,14:15,26
11.10.2022,14:30,26
11.10.2022,14:45,26
11.10.2022,15:00,26
11.10.2022,15:15,26
11.10.2022,15:30,26
11.10.2022,15:45,26
11.10.2022,16:00,26
11.10.2022,16:15,26
11.10.2022,16:30,26
11.10.2022,16:45,26
11.10.2022,17:00,26
11.10.2022,17:15,26
11.10.2022,17:30,26
11.10.2022,17:45,26
11.10.2022,18:00,26
11.10.2022,18:15,26
11.10.2022,18:30,26
11.10.2022,18:45,26
11.10.2022,19:00,26
11.10.2022,19:15,26
11.10.2022,19:30,26
11.10.2022,19:45,26
11.10.2022,20:00,25
11.10.2022,20:15,25
11.10.2022,20:30,25
11.10.2022,20:45,25
11.10.2022,21:00,25
11.10.2022,21:15,25
11.10.2022,21:30,25
11.10.2022,21:45,25
11.10.2022,22:00,25
11.10.2022,22:15,25
11.10.2022,22:30,25
11.10.2022,22:45,25
11.10.2022,23:00,25
11.10.2022,23:15,25
11.10.2022,23:30,25
11.10.2022,23:45,25
12.10.2022,00:00,25
12.10.2022,00:15,25
12.10.2022,00:30,25
12.10.2022,00:45,25
12.10.2022,01:00,25
12.10.2022,01:15,25
12.10.2022,01:30,25
12.10.2022,01:45,25
12.10.2022,02:00,25
12.10.2022,02:15,25
12.10.2022,02:30,25
12.10.2022,02:45,25
12.10.2022,03:00,25
12.10.2022,03:15,25
12.10.2022,03:30,25
12.10.2022,03:45,25
12.10.2022,04:00,25
12.10.2022,04:15,25
12.10.2022,04:30,25
12.10.2022,04:45,25
12.10.2022,05:00,25
12.10.2022,05:15,25
12.10.2022,05:30,25
12.10.2022,05:45,25
12.10.2022,06:00,25
12.10.2022,06:15,25
12.10.2022,06:30,25
12.10.2022,06:45,25
12.10.2022,07:00,25
12.10.2022,07:15,25
12.10.2022,07:30,25
12.10.2022,07:45,25
12.10.2022,08:00,25
12.10.2022,08:15,25
12.10.2022,08:30,25
12.10.2022,08:45,25
12.10.2022,09:00,25
12.10.2022,09:15,25
12.10.2022,09:30,25
12.10.2022,09:45,25
12.10.2022,10:00,25
12.10.2022,10:15,25
12.10.2022,10:30,25
12.10.2022,10:45,25
12.10.2022,11:00,25
12.10.2022,11:15,25
12.10.2022,11:30,25
12.10.2022,11:45,25
12.10.2022,12:00,25
12.10.2022,12:15,25
12.10.2022,12:30,25
12.10.2022,12:45,25
12.10.2022,13:00,25
12.10.2022,13:15,25
12.10.2022,13:30,25
12.10.2022,13:45,25
12.10.2022,14:00,25
12.10.2022,14:15,25
12.10.2022,14:30,25
12.10.2022,14:45,25
12.10.2022,15:00,25
12.10.2022,15:15,25
12.10.2022,15:30,25
12.10.2022,15:45,25
12.10.2022,16:00,25
12.10.2022,16:15,25
12.10.2022,16:30,25
12.10.2022,16:45,25
12.10.2022,17:00,25
12.10.2022,17:15,25
12.10.2022,17:30,25
12.10.2022,17:45,25
12.10.2022,18:00,25
12.10.2022,18:15,25
12.10.2022,18:30,25
12.10.2022,18:45,25
12.10.2022,19:00,25
12.10.2022,19:15,25
12.10.2022,19:30,25
12.10.2022,19:45,24
12.10.2022,20:00,24
12.10.2022,20:15,24
12.10.2022,20:30,25
12.10.2022,20:45,24
12.10.2022,21:00,25
12.10.2022,21:15,24
12.10.2022,21:30,25
12.10.2022,21:45,25
12.10.2022,22:00,25
12.10.2022,22:15,25
12.10.2022,22:30,25
12.10.2022,22:45,25
12.10.2022,23:00,25
12.10.2022,23:15,25
12.10.2022,23:30,25
12.10.2022,23:45,25
13.10.2022,00:00,25
13.10.2022,00:15,25
13.10.2022,00:30,25
13.10.2022,00:45,24
13.10.2022,01:00,24
13.10.2022,01:15,24
13.10.2022,01:30,24
13.10.2022,01:45,24
13.10.2022,02:00,24
13.10.2022,02:15,24
13.10.2022,02:30,24
13.10.2022,02:45,24
13.10.2022,03:00,24
13.10.2022,03:15,24
13.10.2022,03:30,24
13.10.2022,03:45,24
13.10.2022,04:00,24
13.10.2022,04:15,24
13.10.2022,04:30,25
13.10.2022,04:45,25
13.10.2022,05:00,24
13.10.2022,05:15,25
13.10.2022,05:30,24
13.10.2022,05:45,24
13.10.2022,06:00,24
13.10.2022,06:15,24
13.10.2022,06:30,24
13.10.2022,06:45,24
13.10.2022,07:00,24
13.10.2022,07:15,24
13.10.2022,07:30,24
13.10.2022,07:45,24
13.10.2022,08:00,24
13.10.2022,08:15,24
13.10.2022,08:30,24
13.10.2022,08:45,24
13.10.2022,09:00,24
13.10.2022,09:15,24
13.10.2022,09:30,24
13.10.2022,09:45,24
13.10.2022,10:00,24
13.10.2022,10:15,25
13.10.2022,10:30,24
13.10.2022,10:45,25
13.10.2022,11:00,25
13.10.2022,11:15,24
13.10.2022,11:30,24
13.10.2022,11:45,24
13.10.2022,12:00,24
13.10.2022,12:15,24
13.10.2022,12:30,24
13.10.2022,12:45,24
13.10.2022,13:00,24
13.10.2022,13:15,24
13.10.2022,13:30,24
13.10.2022,13:45,24
13.10.2022,14:00,24
13.10.2022,14:15,24
13.10.2022,14:30,24
13.10.2022,14:45,24
13.10.2022,15:00,24
13.10.2022,15:15,24
13.10.2022,15:30,24
13.10.2022,15:45,24
13.10.2022,16:00,24
13.10.2022,16:15,24
13.10.2022,16:30,24
13.10.2022,16:45,24
13.10.2022,17:00,24
13.10.2022,17:15,24
13.10.2022,17:30,24
13.10.2022,17:45,24
13.10.2022,18:00,24
13.10.2022,18:15,24
13.10.2022,18:30,24
13.10.2022,18:45,24
13.10.2022,19:00,24
13.10.2022,19:15,24
13.10.2022,19:30,24
13.10.2022,19:45,24
13.10.2022,20:00,24
13.10.2022,20:15,24
13.10.2022,20:30,24
13.10.2022,20:45,24
13.10.2022,21:00,24
13.10.2022,21:15,24
13.10.2022,21:30,24
13.10.2022,21:45,24
13.10.2022,22:00,24
13.10.2022,22:15,24
13.10.2022,22:30,24
13.10.2022,22:45,24
13.10.2022,23:00,24
13.10.2022,23:15,24
13.10.2022,23:30,24
13.10.2022,23:45,24
14.10.2022,00:00,24
14.10.2022,00:15,24
14.10.2022,00:30,24
14.10.2022,00:45,24
14.10.2022,01:00,25
14.10.2022,01:15,25
14.10.2022,01:30,24
14.10.2022,01:45,24
14.10.2022,02:00,24
14.10.2022,02:15,24
14.10.2022,02:30,24
14.10.2022,02:45,25
14.10.2022,03:00,25
14.10.2022,03:15,25
14.10.2022,03:30,25
14.10.2022,03:45,25
14.10.2022,04:00,25
14.10.2022,04:15,25
14.10.2022,04:30,25
14.10.2022,04:45,25
14.10.2022,05:00,25
14.10.2022,05:15,25
14.10.2022,05:30,24
14.10.2022,05:45,24
14.10.2022,06:00,25
14.10.2022,06:15,25
14.10.2022,06:30,25
14.10.2022,06:45,25
14.10.2022,07:00,25
14.10.2022,07:15,25
14.10.2022,07:30,25
14.10.2022,07:45,25
14.10.2022,08:00,25
14.10.2022,08:15,25
14.10.2022,08:30,25
14.10.2022,08:45,25
14.10.2022,09:00,25
14.10.2022,09:15,25
14.10.2022,09:30,25
14.10.2022,09:45,25
14.10.2022,10:00,25
14.10.2022,10:15,25
14.10.2022,10:30,25
14.10.2022,10:45,25
14.10.2022,11:00,25
14.10.2022,11:15,25
14.10.2022,11:30,25
14.10.2022,11:45,25
14.10.2022,12:00,25
14.10.2022,12:15,25
14.10.2022,12:30,25
14.10.2022,12:45,25
14.10.2022,13:00,25
14.10.2022,13:15,25
14.10.2022,13:30,25
14.10.2022,13:45,25
14.10.2022,14:00,25
14.10.2022,14:15,25
14.10.2022,14:30,25
14.10.2022,14:45,25
14.10.2022,15:00,25
14.10.2022,15:15,25
14.10.2022,15:30,25
14.10.2022,15:45,25
14.10.2022,16:00,25
14.10.2022,16:15,25
14.10.2022,16:30,25
14.10.2022,16:45,25
14.10.2022,17:00,25
14.10.2022,17:15,25
14.10.2022,17:30,25
14.10.2022,17:45,25
14.10.2022,18:00,25
14.10.2022,18:15,25
14.10.2022,18:30,25
14.10.2022,18:45,25
14.10.2022,19:00,25
14.10.2022,19:15,25
14.10.2022,19:30,25
14.10.2022,19:45,25
14.10.2022,20:00,25
14.10.2022,20:15,25
14.10.2022,20:30,25
14.10.2022,20:45,25
14.10.2022,21:00,25
14.10.2022,21:15,25
14.10.2022,21:30,25
14.10.2022,21:45,25
14.10.2022,22:00,25
14.10.2022,22:15,25
14.10.2022,22:30,25
14.10.2022,22:45,25
14.10.2022,23:00,26
14.10.2022,23:15,26
14.10.2022,23:30,26
14.10.2022,23:45,26
15.10.2022,00:00,26
15.10.2022,00:15,26
15.10.2022,00:30,26
15.10.2022,00:45,26
15.10.2022,01:00,26
15.10.2022,01:15,26
15.10.2022,01:30,26
15.10.2022,01:45,26
15.10.2022,02:00,26
15.10.2022,02:15,26
15.10.2022,02:30,26
15.10.2022,02:45,26
15.10.2022,03:00,26
15.10.2022,03:15,26
15.10.2022,03:30,26
15.10.2022,03:45,26
15.10.2022,04:00,26
15.10.2022,04:15,26
15.10.2022,04:30,26
15.10.2022,04:45,26
15.10.2022,05:00,26
15.10.2022,05:15,26
15.10.2022,05:30,26
15.10.2022,05:45,26
15.10.2022,06:00,26
15.10.2022,06:15,26
15.10.2022,06:30,26
15.10.2022,06:45,26
15.10.2022,07:00,26
15.10.2022,07:15,26
15.10.2022,07:30,26
15.10.2022,07:45,26
15.10.2022,08:00,26
15.10.2022,08:15,26
15.10.2022,08:30,26
15.10.2022,08:45,26
15.10.2022,09:00,26
15.10.2022,09:15,26
15.10.2022,09:30,26
15.10.2022,09:45,26
15.10.2022,10:00,26
15.10.2022,10:15,26
15.10.2022,10:30,26
15.10.2022,10:45,26
15.10.2022,11:00,26
15.10.2022,11:15,26
15.10.2022,11:30,26
15.10.2022,11:45,27
15.10.2022,12:00,28
15.10.2022,12:15,28
15.10.2022,12:30,28
15.10.2022,12:45,28
15.10.2022,13:00,27
15.10.2022,13:15,27
15.10.2022,13:30,27
15.10.2022,13:45,27
15.10.2022,14:00,27
15.10.2022,14:15,27
15.10.2022,14:30,27
15.10.2022,14:45,27
15.10.2022,15:00,27
15.10.2022,15:15,27
15.10.2022,15:30,26
15.10.2022,15:45,27
15.10.2022,16:00,27
15.10.2022,16:15,27
15.10.2022,16:30,27
15.10.2022,16:45,27
15.10.2022,17:00,26
15.10.2022,17:15,26
15.10.2022,17:30,26
15.10.2022,17:45,26
15.10.2022,18:00,26
15.10.2022,18:15,27
15.10.2022,18:30,27
15.10.2022,18:45,27
15.10.2022,19:00,27
15.10.2022,19:15,27
15.10.2022,19:30,27
15.10.2022,19:45,27
15.10.2022,20:00,27
15.10.2022,20:15,27
15.10.2022,20:30,27
15.10.2022,20:45,27
15.10.2022,21:00,27
15.10.2022,21:15,27
15.10.2022,21:30,27
15.10.2022,21:45,27
15.10.2022,22:00,27
15.10.2022,22:15,27
15.10.2022,22:30,27
15.10.2022,22:45,27
15.10.2022,23:00,27
15.10.2022,23:15,27
15.10.2022,23:30,27
15.10.2022,23:45,27
16.10.2022,00:00,27
16.10.2022,00:15,27
16.10.2022,00:30,27
16.10.2022,00:45,27
16.10.2022,01:00,27
16.10.2022,01:15,27
16.10.2022,01:30,27
16.10.2022,01:45,27
16.10.2022,02:00,27
16.10.2022,02:15,27
16.10.2022,02:30,27
16.10.2022,02:45,27
16.10.2022,03:00,27
16.10.2022,03:15,27
16.10.2022,03:30,27
16.10.2022,03:45,27
16.10.2022,04:00,27
16.10.2022,04:15,27
16.10.2022,04:30,27
16.10.2022,04:45,27
16.10.2022,05:00,27
16.10.2022,05:15,27
16.10.2022,05:30,27
16.10.2022,05:45,27
16.10.2022,06:00,27
16.10.2022,06:15,27
16.10.2022,06:30,27
16.10.2022,06:45,27
16.10.2022,07:00,27
16.10.2022,07:15,27
16.10.2022,07:30,27
16.10.2022,07:45,27
16.10.2022,08:00,27
16.10.2022,08:15,27
16.10.2022,08:30,27
16.10.2022,08:45,27
16.10.2022,09:00,27
16.10.2022,09:15,27
16.10.2022,09:30,27
16.10.2022,09:45,27
16.10.2022,10:00,27
16.10.2022,10:15,27
16.10.2022,10:30,27
16.10.2022,10:45,27
16.10.2022,11:00,27
16.10.2022,11:15,27
16.10.2022,11:30,27
16.10.2022,11:45,27
16.10.2022,12:00,27
16.10.2022,12:15,27
16.10.2022,12:30,27
16.10.2022,12:45,27
16.10.2022,13:00,27
16.10.2022,13:15,27
16.10.2022,13:30,27
16.10.2022,13:45,27
16.10.2022,14:00,27
16.10.2022,14:15,27
16.10.2022,14:30,27
16.10.2022,14:45,27
16.10.2022,15:00,27
16.10.2022,15:15,27
16.10.2022,15:30,27
16.10.2022,15:45,27
16.10.2022,16:00,27
16.10.2022,16:15,26
16.10.2022,16:30,26
16.10.2022,16:45,26
16.10.2022,17:00,26
16.10.2022,17:15,26
16.10.2022,17:30,26
16.10.2022,17:45,26
16.10.2022,18:00,26
16.10.2022,18:15,26
16.10.2022,18:30,26
16.10.2022,18:45,26
16.10.2022,19:00,26
16.10.2022,19:15,26
16.10.2022,19:30,26
16.10.2022,19:45,26
16.10.2022,20:00,26
16.10.2022,20:15,26
16.10.2022,20:30,26
16.10.2022,20:45,26
16.10.2022,21:00,26
16.10.2022,21:15,26
16.10.2022,21:30,26
16.10.2022,21:45,26
16.10.2022,22:00,26
16.10.2022,22:15,26
16.10.2022,22:30,26
16.10.2022,22:45,26
16.10.2022,23:00,26
16.10.2022,23:15,26
16.10.2022,23:30,26
16.10.2022,23:45,26
17.10.2022,00:00,26
17.10.2022,00:15,26
17.10.2022,00:30,26
17.10.2022,00:45,26
17.10.2022,01:00,26
17.10.2022,01:15,26
17.10.2022,01:30,26
17.10.2022,01:45,26
17.10.2022,02:00,26
17.10.2022,02:15,26
17.10.2022,02:30,26
17.10.2022,02:45,26
17.10.2022,03:00,26
17.10.2022,03:15,26
17.10.2022,03:30,26
17.10.2022,03:45,26
17.10.2022,04:00,26
17.10.2022,04:15,26
17.10.2022,04:30,26
17.10.2022,04:45,26
17.10.2022,05:00,26
17.10.2022,05:15,26
17.10.2022,05:30,26
17.10.2022,05:45,26
17.10.2022,06:00,26
17.10.2022,06:15,26
17.10.2022,06:30,26
17.10.2022,06:45,26
17.10.2022,07:00,26
17.10.2022,07:15,26
17.10.2022,07:30,26
17.10.2022,07:45,26
17.10.2022,08:00,26
17.10.2022,08:15,26
17.10.2022,08:30,26
17.10.2022,08:45,26
17.10.2022,09:00,26
17.10.2022,09:15,25
17.10.2022,09:30,25
17.10.2022,09:45,25
17.10.2022,10:00,25
17.10.2022,10:15,25
17.10.2022,10:30,25
17.10.2022,10:45,25
17.10.2022,11:00,25
17.10.2022,11:15,25
17.10.2022,11:30,25
17.10.2022,11:45,25
17.10.2022,12:00,25
17.10.2022,12:15,25
17.10.2022,12:30,25
17.10.2022,12:45,25
17.10.2022,13:00,25
17.10.2022,13:15,25
17.10.2022,13:30,25
17.10.2022,13:45,25
17.10.2022,14:00,25
17.10.2022,14:15,25
17.10.2022,14:30,25
17.10.2022,14:45,25
17.10.2022,15:00,25
17.10.2022,15:15,25
17.10.2022,15:30,25
17.10.2022,15:45,25
17.10.2022,16:00,25
17.10.2022,16:15,25
17.10.2022,16:30,25
17.10.2022,16:45,25
17.10.2022,17:00,25
17.10.2022,17:15,25
17.10.2022,17:30,25
17.10.2022,17:45,25
17.10.2022,18:00,25
17.10.2022,18:15,25
17.10.2022,18:30,25
17.10.2022,18:45,25
17.10.2022,19:00,25
17.10.2022,19:15,25
17.10.2022,19:30,25
17.10.2022,19:45,25
17.10.2022,20:00,25
17.10.2022,20:15,25
17.10.2022,20:30,25
17.10.2022,20:45,25
17.10.2022,21:00,25
17.10.2022,21:15,25
17.10.2022,21:30,25
17.10.2022,21:45,25
17.10.2022,22:00,25
17.10.2022,22:15,24
17.10.2022,22:30,24
17.10.2022,22:45,24
17.10.2022,23:00,24
17.10.2022,23:15,24
17.10.2022,23:30,25
17.10.2022,23:45,25
18.10.2022,00:00,25
18.10.2022,00:15,25
18.10.2022,00:30,25
18.10.2022,00:45,25
18.10.2022,01:00,25
18.10.2022,01:15,25
18.10.2022,01:30,25
18.10.2022,01:45,25
18.10.2022,02:00,25
18.10.2022,02:15,25
18.10.2022,02:30,26
18.10.2022,02:45,26
18.10.2022,03:00,26
18.10.2022,03:15,26
18.10.2022,03:30,26
18.10.2022,03:45,26
18.10.2022,04:00,26
18.10.2022,04:15,26
18.10.2022,04:30,27
18.10.2022,04:45,27
18.10.2022,05:00,27
18.10.2022,05:15,27
18.10.2022,05:30,28
18.10.2022,05:45,28
18.10.2022,06:00,28
18.10.2022,06:15,28
18.10.2022,06:30,28
18.10.2022,06:45,29
18.10.2022,07:00,29
18.10.2022,07:15,29
18.10.2022,07:30,29
18.10.2022,07:45,29
18.10.2022,08:00,30
18.10.2022,08:15,30
18.10.2022,08:30,31
18.10.2022,08:45,31
18.10.2022,09:00,31
18.10.2022,09:15,31
18.10.2022,09:30,31
18.10.2022,09:45,32
18.10.2022,10:00,32
18.10.2022,10:15,33
18.10.2022,10:30,33
18.10.2022,10:45,33
18.10.2022,11:00,34
18.10.2022,11:15,34
18.10.2022,11:30,34
18.10.2022,11:45,34
18.10.2022,12:00,34
18.10.2022,12:15,34
18.10.2022,12:30,34
18.10.2022,12:45,34
18.10.2022,13:00,35
18.10.2022,13:15,35
18.10.2022,13:30,35
18.10.2022,13:45,35
18.10.2022,14:00,35
18.10.2022,14:15,35
18.10.2022,14:30,35
18.10.2022,14:45,35
18.10.2022,15:00,34
18.10.2022,15:15,34
18.10.2022,15:30,34
18.10.2022,15:45,34
18.10.2022,16:00,34
18.10.2022,16:15,34
18.10.2022,16:30,34
18.10.2022,16:45,34
18.10.2022,17:00,34
18.10.2022,17:15,34
18.10.2022,17:30,34
18.10.2022,17:45,34
18.10.2022,18:00,34
18.10.2022,18:15,34
18.10.2022,18:30,34
18.10.2022,18:45,33
18.10.2022,19:00,33
18.10.2022,19:15,33
18.10.2022,19:30,33
18.10.2022,19:45,33
18.10.2022,20:00,33
18.10.2022,20:15,33
18.10.2022,20:30,33
18.10.2022,20:45,33
18.10.2022,21:00,33
18.10.2022,21:15,33
18.10.2022,21:30,33
18.10.2022,21:45,33
18.10.2022,22:00,33
18.10.2022,22:15,33
18.10.2022,22:30,33
18.10.2022,22:45,33
18.10.2022,23:00,32
18.10.2022,23:15,32
18.10.2022,23:30,32
18.10.2022,23:45,32
19.10.2022,00:00,32
19.10.2022,00:15,32
19.10.2022,00:30,32
19.10.2022,00:45,32
19.10.2022,01:00,32
19.10.2022,01:15,32
19.10.2022,01:30,32
19.10.2022,01:45,32
19.10.2022,02:00,32
19.10.2022,02:15,32
19.10.2022,02:30,32
19.10.2022,02:45,32
19.10.2022,03:00,32
19.10.2022,03:15,32
19.10.2022,03:30,32
19.10.2022,03:45,32
19.10.2022,04:00,32
19.10.2022,04:15,32
19.10.2022,04:30,32
19.10.2022,04:45,32
19.10.2022,05:00,32
19.10.2022,05:15,32
19.10.2022,05:30,32
19.10.2022,05:45,32
19.10.2022,06:00,32
19.10.2022,06:15,32
19.10.2022,06:30,32
19.10.2022,06:45,32
19.10.2022,07:00,32
19.10.2022,07:15,32
19.10.2022,07:30,31
19.10.2022,07:45,31
19.10.2022,08:00,31
19.10.2022,08:15,31
19.10.2022,08:30,31
19.10.2022,08:45,31
19.10.2022,09:00,31
19.10.2022,09:15,31
19.10.2022,09:30,31
19.10.2022,09:45,31
19.10.2022,10:00,31
19.10.2022,10:15,31
19.10.2022,10:30,31
19.10.2022,10:45,31
19.10.2022,11:00,31
19.10.2022,11:15,31
19.10.2022,11:30,31
19.10.2022,11:45,31
19.10.2022,12:00,31
19.10.2022,12:15,31
19.10.2022,12:30,31
19.10.2022,12:45,31
19.10.2022,13:00,31
19.10.2022,13:15,31
19.10.2022,13:30,31
19.10.2022,13:45,31
19.10.2022,14:00,31
19.10.2022,14:15,31
19.10.2022,14:30,31
19.10.2022,14:45,31
19.10.2022,15:00,31
19.10.2022,15:15,31
19.10.2022,15:30,31
19.10.2022,15:45,31
19.10.2022,16:00,31
19.10.2022,16:15,31
19.10.2022,16:30,31
19.10.2022,16:45,31
19.10.2022,17:00,31
19.10.2022,17:15,31
19.10.2022,17:30,31
19.10.2022,17:45,31
19.10.2022,18:00,31
19.10.2022,18:15,31
19.10.2022,18:30,31
19.10.2022,18:45,31
19.10.2022,19:00,31
19.10.2022,19:15,31
19.10.2022,19:30,31
19.10.2022,19:45,31
19.10.2022,20:00,31
19.10.2022,20:15,31
19.10.2022,20:30,31
19.10.2022,20:45,31
19.10.2022,21:00,31
19.10.2022,21:15,31
19.10.2022,21:30,31
19.10.2022,21:45,31
19.10.2022,22:00,31
19.10.2022,22:15,30
19.10.2022,22:30,30
19.10.2022,22:45,30
19.10.2022,23:00,30
19.10.2022,23:15,30
19.10.2022,23:30,30
19.10.2022,23:45,30
20.10.2022,00:00,30
20.10.2022,00:15,30
20.10.2022,00:30,30
20.10.2022,00:45,30
20.10.2022,01:00,30
20.10.2022,01:15,30
20.10.2022,01:30,30
20.10.2022,01:45,30
20.10.2022,02:00,30
20.10.2022,02:15,30
20.10.2022,02:30,30
20.10.2022,02:45,30
20.10.2022,03:00,30
20.10.2022,03:15,30
20.10.2022,03:30,30
20.10.2022,03:45,30
20.10.2022,04:00,30
20.10.2022,04:15,30
20.10.2022,04:30,30
20.10.2022,04:45,30
20.10.2022,05:00,30
20.10.2022,05:15,30
20.10.2022,05:30,30
20.10.2022,05:45,30
20.10.2022,06:00,30
20.10.2022,06:15,30
20.10.2022,06:30,30
20.10.2022,06:45,30
20.10.2022,07:00,30
20.10.2022,07:15,30
20.10.2022,07:30,30
20.10.2022,07:45,30
20.10.2022,08:00,30
20.10.2022,08:15,30
20.10.2022,08:30,30
20.10.2022,08:45,30
20.10.2022,09:00,30
20.10.2022,09:15,30
20.10.2022,09:30,30
20.10.2022,09:45,30
20.10.2022,10:00,30
20.10.2022,10:15,30
20.10.2022,10:30,30
20.10.2022,10:45,30
20.10.2022,11:00,30
20.10.2022,11:15,30
20.10.2022,11:30,30
20.10.2022,12:00,30
20.10.2022,12:15,30
20.10.2022,12:30,30
20.10.2022,12:45,30
20.10.2022,13:00,30
20.10.2022,13:15,30
20.10.2022,13:30,30
20.10.2022,13:45,30
20.10.2022,14:00,30
20.10.2022,14:15,30
20.10.2022,14:30,30
20.10.2022,14:45,30
20.10.2022,15:00,30
20.10.2022,15:15,30
20.10.2022,15:30,30
20.10.2022,15:45,30
20.10.2022,16:00,30
20.10.2022,16:15,30
20.10.2022,16:30,30
20.10.2022,16:45,30
20.10.2022,17:00,30
20.10.2022,17:15,30
20.10.2022,17:30,30
20.10.2022,17:45,30
20.10.2022,18:00,30
20.10.2022,18:15,30
20.10.2022,18:30,30
20.10.2022,18:45,30
20.10.2022,19:00,30
20.10.2022,19:15,30
20.10.2022,19:30,30
20.10.2022,19:45,30
20.10.2022,20:00,30
20.10.2022,20:15,30
20.10.2022,20:30,30
20.10.2022,20:45,30
20.10.2022,21:00,30
20.10.2022,21:15,30
20.10.2022,21:30,30
20.10.2022,21:45,30
20.10.2022,22:00,30
20.10.2022,22:15,30
20.10.2022,22:30,30
20.10.2022,22:45,30
20.10.2022,23:00,30
20.10.2022,23:15,30
20.10.2022,23:30,30
20.10.2022,23:45,33
21.10.2022,00:00,32
21.10.2022,00:15,30
21.10.2022,00:30,30
21.10.2022,00:45,30
21.10.2022,01:00,31
21.10.2022,01:15,31
21.10.2022,01:30,31
21.10.2022,01:45,31
21.10.2022,02:00,30
21.10.2022,02:15,30
21.10.2022,02:30,30
21.10.2022,02:45,30
21.10.2022,03:00,30
21.10.2022,03:15,30
21.10.2022,03:30,30
21.10.2022,03:45,30
21.10.2022,04:00,30
21.10.2022,04:15,31
21.10.2022,04:30,31
21.10.2022,04:45,31
21.10.2022,05:00,31
21.10.2022,05:15,31
21.10.2022,05:30,31
21.10.2022,05:45,31
21.10.2022,06:00,31
21.10.2022,06:15,31
21.10.2022,06:30,31
21.10.2022,06:45,31
21.10.2022,07:00,31
21.10.2022,07:15,31
21.10.2022,07:30,31
21.10.2022,07:45,31
21.10.2022,08:00,31
21.10.2022,08:15,34
21.10.2022,08:30,34
21.10.2022,08:45,33
21.10.2022,09:00,33
21.10.2022,09:15,34
21.10.2022,09:30,36
21.10.2022,09:45,36
21.10.2022,10:00,36
21.10.2022,10:15,36
21.10.2022,10:30,36
21.10.2022,10:45,37
21.10.2022,11:00,37
21.10.2022,11:15,39
21.10.2022,11:30,40
21.10.2022,11:45,41
21.10.2022,12:00,42
21.10.2022,12:15,42
21.10.2022,12:30,43
21.10.2022,12:45,44
21.10.2022,13:00,45
21.10.2022,13:15,45
21.10.2022,13:30,46
21.10.2022,13:45,47
21.10.2022,14:00,47
21.10.2022,14:15,47
21.10.2022,14:30,48
21.10.2022,14:45,48
21.10.2022,15:00,48
21.10.2022,15:15,48
21.10.2022,15:30,48
21.10.2022,15:45,48
21.10.2022,16:00,47
21.10.2022,16:15,47
21.10.2022,16:30,47
21.10.2022,16:45,47
21.10.2022,17:00,47
21.10.2022,17:15,47
21.10.2022,17:30,46
21.10.2022,17:45,46
21.10.2022,18:00,46
21.10.2022,18:15,46
21.10.2022,18:30,46
21.10.2022,18:45,46
21.10.2022,19:00,45
21.10.2022,19:15,45
21.10.2022,19:30,45
21.10.2022,19:45,45
21.10.2022,20:00,45
21.10.2022,20:15,45
21.10.2022,20:30,45
21.10.2022,20:45,45
21.10.2022,21:00,44
21.10.2022,21:15,44
21.10.2022,21:30,44
21.10.2022,21:45,44
21.10.2022,22:00,44
21.10.2022,22:15,44
21.10.2022,22:30,44
21.10.2022,22:45,44
21.10.2022,23:00,44
21.10.2022,23:15,43
21.10.2022,23:30,43
21.10.2022,23:45,43
22.10.2022,00:00,43
22.10.2022,00:15,43
22.10.2022,00:30,43
22.10.2022,00:45,43
22.10.2022,01:00,43
22.10.2022,01:15,43
22.10.2022,01:30,43
22.10.2022,01:45,43
22.10.2022,02:00,43
22.10.2022,02:15,43
22.10.2022,02:30,42
22.10.2022,02:45,42
22.10.2022,03:00,42
22.10.2022,03:15,42
22.10.2022,03:30,42
22.10.2022,03:45,42
22.10.2022,04:00,42
22.10.2022,04:15,42
22.10.2022,04:30,42
22.10.2022,04:45,42
22.10.2022,05:00,42
22.10.2022,05:15,42
22.10.2022,05:30,42
22.10.2022,05:45,42
22.10.2022,06:00,42
22.10.2022,06:15,42
22.10.2022,06:30,42
22.10.2022,06:45,41
22.10.2022,07:00,41
22.10.2022,07:15,41
22.10.2022,07:30,41
22.10.2022,07:45,41
22.10.2022,08:00,41
22.10.2022,08:15,41
22.10.2022,08:30,41
22.10.2022,08:45,41
22.10.2022,09:00,41
22.10.2022,09:15,41
22.10.2022,09:30,41
22.10.2022,09:45,41
22.10.2022,10:00,41
22.10.2022,10:15,41
22.10.2022,10:30,41
22.10.2022,10:45,41
22.10.2022,11:00,41
22.10.2022,11:15,41
22.10.2022,11:30,41
22.10.2022,11:45,41
22.10.2022,12:00,41
22.10.2022,12:15,40
22.10.2022,12:30,40
22.10.2022,12:45,40
22.10.2022,13:00,40
22.10.2022,13:15,40
22.10.2022,13:30,40
22.10.2022,13:45,40
22.10.2022,14:00,40
22.10.2022,14:15,40
22.10.2022,14:30,40
22.10.2022,14:45,40
22.10.2022,15:00,40
22.10.2022,15:15,40
22.10.2022,15:30,40
22.10.2022,15:45,40
22.10.2022,16:00,40
22.10.2022,16:15,40
22.10.2022,16:30,40
22.10.2022,16:45,40
22.10.2022,17:00,40
22.10.2022,17:15,40
22.10.2022,17:30,40
22.10.2022,17:45,40
22.10.2022,18:00,39
22.10.2022,18:15,39
22.10.2022,18:30,39
22.10.2022,18:45,39
22.10.2022,19:00,39
22.10.2022,19:15,39
22.10.2022,19:30,39
22.10.2022,19:45,39
22.10.2022,20:00,39
22.10.2022,20:15,39
22.10.2022,20:30,39
22.10.2022,20:45,39
22.10.2022,21:00,39
22.10.2022,21:15,39
22.10.2022,21:30,39
22.10.2022,21:45,39
22.10.2022,22:00,39
22.10.2022,22:15,39
22.10.2022,22:30,39
22.10.2022,22:45,39
22.10.2022,23:00,39
22.10.2022,23:15,39
22.10.2022,23:30,39
22.10.2022,23:45,39
23.10.2022,00:00,39
23.10.2022,00:15,39
23.10.2022,00:30,39
23.10.2022,00:45,39
23.10.2022,01:00,38
23.10.2022,01:15,38
23.10.2022,01:30,38
23.10.2022,01:45,38
23.10.2022,02:00,38
23.10.2022,02:15,38
23.10.2022,02:30,38
23.10.2022,02:45,38
23.10.2022,03:00,38
23.10.2022,03:15,38
23.10.2022,03:30,38
23.10.2022,03:45,38
23.10.2022,04:00,38
23.10.2022,04:15,38
23.10.2022,04:30,38
23.10.2022,04:45,38
23.10.2022,05:00,38
23.10.2022,05:15,38
23.10.2022,05:30,38
23.10.2022,05:45,38
23.10.2022,06:00,38
23.10.2022,06:15,38
23.10.2022,06:30,38
23.10.2022,06:45,38
23.10.2022,07:00,38
23.10.2022,07:15,38
23.10.2022,07:30,38
23.10.2022,07:45,38
23.10.2022,08:00,38
23.10.2022,08:15,38
23.10.2022,08:30,38
23.10.2022,08:45,37
23.10.2022,09:00,37
23.10.2022,09:15,37
23.10.2022,09:30,37
23.10.2022,09:45,37
23.10.2022,10:00,37
23.10.2022,10:15,37
23.10.2022,10:30,37
23.10.2022,10:45,37
23.10.2022,11:00,37
23.10.2022,11:15,37
23.10.2022,11:30,37
23.10.2022,11:45,37
23.10.2022,12:00,37
23.10.2022,12:15,37
23.10.2022,12:30,37
23.10.2022,12:45,37
23.10.2022,13:00,37
23.10.2022,13:15,37
23.10.2022,13:30,37
23.10.2022,13:45,37
23.10.2022,14:00,37
23.10.2022,14:15,37
23.10.2022,14:30,37
23.10.2022,14:45,37
23.10.2022,15:00,37
23.10.2022,15:15,37
23.10.2022,15:30,37
23.10.2022,15:45,37
23.10.2022,16:00,37
23.10.2022,16:15,37
23.10.2022,16:30,37
23.10.2022,16:45,37
23.10.2022,17:00,37
23.10.2022,17:15,37
23.10.2022,17:30,37
23.10.2022,17:45,37
23.10.2022,18:00,36
23.10.2022,18:15,37
23.10.2022,18:30,40
23.10.2022,18:45,39
23.10.2022,19:00,38
23.10.2022,19:15,40
23.10.2022,19:30,42
23.10.2022,19:45,42
23.10.2022,20:00,43
23.10.2022,20:15,43
23.10.2022,20:30,44
23.10.2022,20:45,47
23.10.2022,21:00,49
23.10.2022,21:15,50
23.10.2022,21:30,51
23.10.2022,21:45,52
23.10.2022,22:00,53
23.10.2022,22:15,54
23.10.2022,22:30,54
23.10.2022,22:45,55
23.10.2022,23:00,55
23.10.2022,23:15,55
23.10.2022,23:30,55
23.10.2022,23:45,55
24.10.2022,00:00,55
24.10.2022,00:15,54
24.10.2022,00:30,54
24.10.2022,00:45,54
24.10.2022,01:00,54
24.10.2022,01:15,54
24.10.2022,01:30,53
24.10.2022,01:45,53
24.10.2022,02:00,53
24.10.2022,02:15,53
24.10.2022,02:30,52
24.10.2022,02:45,52
24.10.2022,03:00,52
24.10.2022,03:15,52
24.10.2022,03:30,52
24.10.2022,03:45,51
24.10.2022,04:00,51
24.10.2022,04:15,51
24.10.2022,04:30,51
24.10.2022,04:45,51
24.10.2022,05:00,51
24.10.2022,05:15,50
24.10.2022,05:30,50
24.10.2022,05:45,50
24.10.2022,06:00,50
24.10.2022,06:15,50
24.10.2022,06:30,50
24.10.2022,06:45,50
24.10.2022,07:00,49
24.10.2022,07:15,49
24.10.2022,07:30,49
24.10.2022,07:45,49
24.10.2022,08:00,49
24.10.2022,08:15,49
24.10.2022,08:30,49
24.10.2022,08:45,49
24.10.2022,09:00,49
24.10.2022,09:15,49
24.10.2022,09:30,49
24.10.2022,09:45,48
24.10.2022,10:00,48
24.10.2022,10:15,48
24.10.2022,10:30,48
24.10.2022,10:45,48
24.10.2022,11:00,48
24.10.2022,11:15,48
24.10.2022,11:30,48
24.10.2022,11:45,48
24.10.2022,12:00,48
24.10.2022,12:15,48
24.10.2022,12:30,48
24.10.2022,12:45,47
24.10.2022,13:00,47
24.10.2022,13:15,47
24.10.2022,13:30,47
24.10.2022,13:45,47
24.10.2022,14:00,47
24.10.2022,14:15,47
24.10.2022,14:30,47
24.10.2022,14:45,47
24.10.2022,15:00,47
24.10.2022,15:15,47
24.10.2022,15:30,47
24.10.2022,15:45,47
24.10.2022,16:00,46
24.10.2022,16:15,46
24.10.2022,16:30,46
24.10.2022,16:45,46
24.10.2022,17:00,46
24.10.2022,17:15,46
24.10.2022,17:30,46
24.10.2022,17:45,46
24.10.2022,18:00,46
24.10.2022,18:15,46
24.10.2022,18:30,46
24.10.2022,18:45,46
24.10.2022,19:00,46
24.10.2022,19:15,45
24.10.2022,19:30,45
24.10.2022,19:45,45
24.10.2022,20:00,45
24.10.2022,20:15,45
24.10.2022,20:30,45
24.10.2022,20:45,45
24.10.2022,21:00,45
24.10.2022,21:15,45
24.10.2022,21:30,45
24.10.2022,21:45,45
24.10.2022,22:00,45
24.10.2022,22:15,45
24.10.2022,22:30,45
24.10.2022,22:45,45
24.10.2022,23:00,45
24.10.2022,23:15,45
24.10.2022,23:30,44
24.10.2022,23:45,44
25.10.2022,00:00,44
25.10.2022,00:15,44
25.10.2022,00:30,44
25.10.2022,00:45,44
25.10.2022,01:00,44
25.10.2022,01:15,44
25.10.2022,01:30,44
25.10.2022,01:45,44
25.10.2022,02:00,44
25.10.2022,02:15,44
25.10.2022,02:30,44
25.10.2022,02:45,44
25.10.2022,03:00,44
25.10.2022,03:15,44
25.10.2022,03:30,43
25.10.2022,03:45,43
25.10.2022,04:00,43
25.10.2022,04:15,43
25.10.2022,04:30,43
25.10.2022,04:45,43
25.10.2022,05:00,43
25.10.2022,05:15,43
25.10.2022,05:30,43
25.10.2022,05:45,43
25.10.2022,06:00,43
25.10.2022,06:15,43
25.10.2022,06:30,43
25.10.2022,06:45,43
25.10.2022,07:00,43
25.10.2022,07:15,43
25.10.2022,07:30,43
25.10.2022,07:45,43
25.10.2022,08:00,43
25.10.2022,08:15,42
25.10.2022,08:30,42
25.10.2022,08:45,42
25.10.2022,09:00,42
25.10.2022,09:15,42
25.10.2022,09:30,42
25.10.2022,09:45,42
25.10.2022,10:00,42
25.10.2022,10:15,42
25.10.2022,10:30,42
25.10.2022,10:45,42
25.10.2022,11:00,42
25.10.2022,11:15,42
25.10.2022,11:30,42
25.10.2022,11:45,42
25.10.2022,12:00,42
25.10.2022,12:15,42
25.10.2022,12:30,41
25.10.2022,12:45,41
25.10.2022,13:00,41
25.10.2022,13:15,41
25.10.2022,13:30,41
25.10.2022,13:45,41
25.10.2022,14:00,41
25.10.2022,14:15,41
25.10.2022,14:30,41
25.10.2022,14:45,41
25.10.2022,15:00,41
25.10.2022,15:15,41
25.10.2022,15:30,41
25.10.2022,15:45,41
25.10.2022,16:00,41
25.10.2022,16:15,41
25.10.2022,16:30,41
25.10.2022,16:45,41
25.10.2022,17:00,41
25.10.2022,17:15,41
25.10.2022,17:30,40
25.10.2022,17:45,40
25.10.2022,18:00,40
25.10.2022,18:15,40
25.10.2022,18:30,40
25.10.2022,18:45,40
25.10.2022,19:00,40
25.10.2022,19:15,40
25.10.2022,19:30,40
25.10.2022,19:45,40
25.10.2022,20:00,40
25.10.2022,20:15,40
25.10.2022,20:30,40
25.10.2022,20:45,40
25.10.2022,21:00,40
25.10.2022,21:15,40
25.10.2022,21:30,40
25.10.2022,21:45,40
25.10.2022,22:00,40
25.10.2022,22:15,40
25.10.2022,22:30,40
25.10.2022,22:45,40
25.10.2022,23:00,40
25.10.2022,23:15,40
25.10.2022,23:30,40
25.10.2022,23:45,39
26.10.2022,00:00,39
26.10.2022,00:15,39
26.10.2022,00:30,39
26.10.2022,00:45,39
26.10.2022,01:00,39
26.10.2022,01:15,39
26.10.2022,01:30,39
26.10.2022,01:45,39
26.10.2022,02:00,39
26.10.2022,02:15,39
26.10.2022,02:30,39
26.10.2022,02:45,39
26.10.2022,03:00,39
26.10.2022,03:15,39
26.10.2022,03:30,39
26.10.2022,03:45,39
26.10.2022,04:00,39
26.10.2022,04:15,39
26.10.2022,04:30,39
26.10.2022,04:45,39
26.10.2022,05:00,39
26.10.2022,05:15,39
26.10.2022,05:30,39
26.10.2022,05:45,39
26.10.2022,06:00,39
26.10.2022,06:15,39
26.10.2022,06:30,39
26.10.2022,06:45,39
26.10.2022,07:00,38
26.10.2022,07:15,38
26.10.2022,07:30,38
26.10.2022,07:45,38
26.10.2022,08:00,38
26.10.2022,08:15,38
26.10.2022,08:30,38
26.10.2022,08:45,38
26.10.2022,09:00,38
26.10.2022,09:15,38
26.10.2022,09:30,38
26.10.2022,09:45,38
26.10.2022,10:00,38
26.10.2022,10:15,38
26.10.2022,10:30,38
26.10.2022,10:45,38
26.10.2022,11:00,38
26.10.2022,11:15,38
26.10.2022,11:30,38
26.10.2022,11:45,38
26.10.2022,12:00,38
26.10.2022,12:15,38
26.10.2022,12:30,38
26.10.2022,12:45,38
26.10.2022,13:00,38
26.10.2022,13:15,38
26.10.2022,13:30,37
26.10.2022,13:45,37
26.10.2022,14:00,37
26.10.2022,14:15,37
26.10.2022,14:30,37
26.10.2022,14:45,37
26.10.2022,15:00,37
26.10.2022,15:15,37
26.10.2022,15:30,37
26.10.2022,15:45,37
26.10.2022,16:00,37
26.10.2022,16:15,37
26.10.2022,16:30,37
26.10.2022,16:45,37
26.10.2022,17:00,37
26.10.2022,17:15,37
26.10.2022,17:30,37
26.10.2022,17:45,37
26.10.2022,18:00,37
26.10.2022,18:15,37
26.10.2022,18:30,37
26.10.2022,18:45,37
26.10.2022,19:00,37
26.10.2022,19:15,37
26.10.2022,19:30,37
26.10.2022,19:45,36
26.10.2022,20:00,36
26.10.2022,20:15,36
26.10.2022,20:30,36
26.10.2022,20:45,36
26.10.2022,21:00,36
26.10.2022,21:15,36
26.10.2022,21:30,36
26.10.2022,21:45,36
26.10.2022,22:00,36
26.10.2022,22:15,36
26.10.2022,22:30,36
26.10.2022,22:45,36
26.10.2022,23:00,36
26.10.2022,23:15,36
26.10.2022,23:30,36
26.10.2022,23:45,36
27.10.2022,00:00,36
27.10.2022,00:15,36
27.10.2022,00:30,36
27.10.2022,00:45,36
27.10.2022,01:00,36
27.10.2022,01:15,36
27.10.2022,01:30,36
27.10.2022,01:45,36
27.10.2022,02:00,36
27.10.2022,02:15,36
27.10.2022,02:30,36
27.10.2022,02:45,36
27.10.2022,03:00,36
27.10.2022,03:15,36
27.10.2022,03:30,36
27.10.2022,03:45,36
27.10.2022,04:00,35
27.10.2022,04:15,35
27.10.2022,04:30,35
27.10.2022,04:45,35
27.10.2022,05:00,35
27.10.2022,05:15,35
27.10.2022,05:30,35
27.10.2022,05:45,35
27.10.2022,06:00,35
27.10.2022,06:15,35
27.10.2022,06:30,35
27.10.2022,06:45,35
27.10.2022,07:00,35
27.10.2022,07:15,35
27.10.2022,07:30,35
27.10.2022,07:45,35
27.10.2022,08:00,35
27.10.2022,08:15,35
27.10.2022,08:30,35
27.10.2022,08:45,35
27.10.2022,09:00,35
27.10.2022,09:15,35
27.10.2022,09:30,35
27.10.2022,09:45,35
27.10.2022,10:00,35
27.10.2022,10:15,35
27.10.2022,10:30,35
27.10.2022,10:45,35
27.10.2022,11:00,35
27.10.2022,11:15,35
27.10.2022,11:30,35
27.10.2022,11:45,35
27.10.2022,12:00,35
27.10.2022,12:15,35
27.10.2022,12:30,35
27.10.2022,12:45,35
27.10.2022,13:00,35
27.10.2022,13:15,35
27.10.2022,13:30,35
27.10.2022,13:45,35
27.10.2022,14:00,35
27.10.2022,14:15,34
27.10.2022,14:30,34
27.10.2022,14:45,34
27.10.2022,15:00,34
27.10.2022,15:15,34
27.10.2022,15:30,34
27.10.2022,15:45,34
27.10.2022,16:00,34
27.10.2022,16:15,34
27.10.2022,16:30,34
27.10.2022,16:45,34
27.10.2022,17:00,34
27.10.2022,17:15,34
27.10.2022,17:30,34
27.10.2022,17:45,34
27.10.2022,18:00,34
27.10.2022,18:15,34
27.10.2022,18:30,34
27.10.2022,18:45,34
27.10.2022,19:00,34
27.10.2022,19:15,34
27.10.2022,19:30,34
27.10.2022,19:45,34
27.10.2022,20:00,34
27.10.2022,20:15,34
27.10.2022,20:30,34
27.10.2022,20:45,34
27.10.2022,21:00,34
27.10.2022,21:15,34
27.10.2022,21:30,34
27.10.2022,21:45,34
27.10.2022,22:00,34
27.10.2022,22:15,34
27.10.2022,22:30,34
27.10.2022,22:45,34
27.10.2022,23:00,34
27.10.2022,23:15,34
27.10.2022,23:30,34
27.10.2022,23:45,34
28.10.2022,00:00,34
28.10.2022,00:15,34
28.10.2022,00:30,34
28.10.2022,00:45,34
28.10.2022,01:00,34
28.10.2022,01:15,34
28.10.2022,01:30,34
28.10.2022,01:45,33
28.10.2022,02:00,33
28.10.2022,02:15,33
28.10.2022,02:30,33
28.10.2022,02:45,33
28.10.2022,03:00,33
28.10.2022,03:15,33
28.10.2022,03:30,33
28.10.2022,03:45,33
28.10.2022,04:00,33
28.10.2022,04:15,33
28.10.2022,04:30,33
28.10.2022,04:45,33
28.10.2022,05:00,33
28.10.2022,05:15,33
28.10.2022,05:30,33
28.10.2022,05:45,33
28.10.2022,06:00,33
28.10.2022,06:15,33
28.10.2022,06:30,33
28.10.2022,06:45,33
28.10.2022,07:00,33
28.10.2022,07:15,33
28.10.2022,07:30,33
28.10.2022,07:45,33
28.10.2022,08:00,33
28.10.2022,08:15,33
28.10.2022,08:30,33
28.10.2022,08:45,33
28.10.2022,09:00,33
28.10.2022,09:15,33
28.10.2022,09:30,33
28.10.2022,09:45,33
28.10.2022,10:00,33
28.10.2022,10:15,33
28.10.2022,10:30,33
28.10.2022,10:45,33
28.10.2022,11:00,33
28.10.2022,11:15,33
28.10.2022,11:30,33
28.10.2022,11:45,33
28.10.2022,12:00,33
28.10.2022,12:15,33
28.10.2022,12:30,33
28.10.2022,12:45,33
28.10.2022,13:00,33
28.10.2022,13:15,33
28.10.2022,13:30,33
28.10.2022,13:45,33
28.10.2022,14:00,33
28.10.2022,14:15,32
28.10.2022,14:30,32
28.10.2022,14:45,32
28.10.2022,15:00,32
28.10.2022,15:15,32
28.10.2022,15:30,32
28.10.2022,15:45,32
28.10.2022,16:00,32
28.10.2022,16:15,32
28.10.2022,16:30,32
28.10.2022,16:45,32
28.10.2022,17:00,32
28.10.2022,17:15,32
28.10.2022,17:30,32
28.10.2022,17:45,32
28.10.2022,18:00,32
28.10.2022,18:15,32
28.10.2022,18:30,32
28.10.2022,18:45,32
28.10.2022,19:00,32
28.10.2022,19:15,32
28.10.2022,19:30,32
28.10.2022,19:45,32
28.10.2022,20:00,32
28.10.2022,20:15,32
28.10.2022,20:30,32
28.10.2022,20:45,32
28.10.2022,21:00,32
28.10.2022,21:15,32
28.10.2022,21:30,32
28.10.2022,21:45,32
28.10.2022,22:00,32
28.10.2022,22:15,32
28.10.2022,22:30,32
28.10.2022,22:45,32
28.10.2022,23:00,32
28.10.2022,23:15,32
28.10.2022,23:30,32
28.10.2022,23:45,32
29.10.2022,00:00,32
29.10.2022,00:15,32
29.10.2022,00:30,32
29.10.2022,00:45,32
29.10.2022,01:00,32
29.10.2022,01:15,32
29.10.2022,01:30,32
29.10.2022,01:45,32
29.10.2022,02:00,32
29.10.2022,02:15,32
29.10.2022,02:30,32
29.10.2022,02:45,32
29.10.2022,03:00,32
29.10.2022,03:15,32
29.10.2022,03:30,32
29.10.2022,03:45,32
29.10.2022,04:00,32
29.10.2022,04:15,32
29.10.2022,04:30,32
29.10.2022,04:45,32
29.10.2022,05:00,31
29.10.2022,05:15,32
29.10.2022,05:30,32
29.10.2022,05:45,31
29.10.2022,06:00,32
29.10.2022,06:15,31
29.10.2022,06:30,31
29.10.2022,06:45,31
29.10.2022,07:00,31
29.10.2022,07:15,31
29.10.2022,07:30,31
29.10.2022,07:45,31
29.10.2022,08:00,31
29.10.2022,08:15,31
29.10.2022,08:30,31
29.10.2022,08:45,31
29.10.2022,09:00,31
29.10.2022,09:15,31
29.10.2022,09:30,31
29.10.2022,09:45,31
29.10.2022,10:00,31
29.10.2022,10:15,31
29.10.2022,10:30,31
29.10.2022,10:45,31
29.10.2022,11:00,31
29.10.2022,11:15,31
29.10.2022,11:30,31
29.10.2022,11:45,31
29.10.2022,12:00,31
29.10.2022,12:15,31
29.10.2022,12:30,31
29.10.2022,12:45,31
29.10.2022,13:00,31
29.10.2022,13:15,31
29.10.2022,13:30,31
29.10.2022,13:45,31
29.10.2022,14:00,31
29.10.2022,14:15,31
29.10.2022,14:30,31
29.10.2022,14:45,31
29.10.2022,15:00,31
29.10.2022,15:15,31
29.10.2022,15:30,31
29.10.2022,15:45,31
29.10.2022,16:00,31
29.10.2022,16:15,31
29.10.2022,16:30,31
29.10.2022,16:45,31
29.10.2022,17:00,31
29.10.2022,17:15,31
29.10.2022,17:30,31
29.10.2022,17:45,31
29.10.2022,18:00,31
29.10.2022,18:15,31
29.10.2022,18:30,31
29.10.2022,18:45,31
29.10.2022,19:00,31
29.10.2022,19:15,31
29.10.2022,19:30,31
29.10.2022,19:45,31
29.10.2022,20:00,31
29.10.2022,20:15,31
29.10.2022,20:30,31
29.10.2022,20:45,31
29.10.2022,21:00,31
29.10.2022,21:15,31
29.10.2022,21:30,31
29.10.2022,21:45,31
29.10.2022,22:00,31
29.10.2022,22:15,31
29.10.2022,22:30,31
29.10.2022,22:45,31
29.10.2022,23:00,31
29.10.2022,23:15,31
29.10.2022,23:30,31
29.10.2022,23:45,30
30.10.2022,00:00,30
30.10.2022,00:15,30
30.10.2022,00:30,30
30.10.2022,00:45,30
30.10.2022,01:00,30
30.10.2022,01:15,30
30.10.2022,01:30,30
30.10.2022,01:45,30
30.10.2022,02:00,30
30.10.2022,02:15,30
30.10.2022,02:30,30
28.10.2022,13:15,32
28.10.2022,13:30,32
28.10.2022,13:45,32
28.10.2022,14:00,32
29.10.2022,04:00,31
29.10.2022,04:45,31
29.10.2022,05:00,32
29.10.2022,05:15,31
29.10.2022,05:30,31
29.10.2022,06:00,31
29.10.2022,22:45,30
29.10.2022,23:00,30
29.10.2022,23:15,30
29.10.2022,23:30,30
30.10.2022,02:45,30
30.10.2022,03:00,30
30.10.2022,03:15,30
30.10.2022,03:30,30
30.10.2022,03:45,30
30.10.2022,04:00,30
30.10.2022,04:15,30
30.10.2022,04:30,30
30.10.2022,04:45,30
30.10.2022,05:00,30
30.10.2022,05:15,30
30.10.2022,05:30,30
30.10.2022,05:45,30
30.10.2022,06:00,30
30.10.2022,06:15,30
30.10.2022,06:30,30
30.10.2022,06:45,30
30.10.2022,07:00,30
30.10.2022,07:15,30
30.10.2022,07:30,30
30.10.2022,07:45,30
30.10.2022,08:00,30
30.10.2022,08:15,30
30.10.2022,08:30,30
30.10.2022,08:45,30
30.10.2022,09:00,30
30.10.2022,09:15,30
30.10.2022,09:30,30
30.10.2022,09:45,30
30.10.2022,10:00,30
30.10.2022,10:15,30
30.10.2022,10:30,30
30.10.2022,10:45,30
30.10.2022,11:00,30
30.10.2022,11:15,30
30.10.2022,11:30,30
30.10.2022,11:45,30
30.10.2022,12:00,30
30.10.2022,12:15,30
30.10.2022,12:30,30
30.10.2022,12:45,30
30.10.2022,13:00,30
30.10.2022,13:15,30
30.10.2022,13:30,30
30.10.2022,13:45,30
30.10.2022,14:00,30
30.10.2022,14:15,30
30.10.2022,14:30,30
30.10.2022,14:45,30
30.10.2022,15:00,30
30.10.2022,15:15,30
30.10.2022,15:30,30
30.10.2022,15:45,30
30.10.2022,16:00,30
30.10.2022,16:15,30
30.10.2022,16:30,30
30.10.2022,16:45,30
30.10.2022,17:00,30
30.10.2022,17:15,30
30.10.2022,17:30,30
30.10.2022,17:45,30
30.10.2022,18:00,30
30.10.2022,18:15,30
30.10.2022,18:30,30
30.10.2022,18:45,30
30.10.2022,19:00,30
30.10.2022,19:15,30
30.10.2022,19:30,30
30.10.2022,19:45,30
30.10.2022,20:00,30
30.10.2022,20:15,30
30.10.2022,20:30,30
30.10.2022,20:45,30
30.10.2022,21:00,30
30.10.2022,21:15,30
30.10.2022,21:30,30
30.10.2022,21:45,30
30.10.2022,22:00,30
30.10.2022,22:15,30
30.10.2022,22:30,30
30.10.2022,22:45,29
30.10.2022,23:00,29
30.10.2022,23:15,29
30.10.2022,23:30,30
30.10.2022,23:45,29
31.10.2022,00:00,29
31.10.2022,00:15,29
31.10.2022,00:30,29
31.10.2022,00:45,29
31.10.2022,01:00,29
31.10.2022,01:15,29
31.10.2022,01:30,29
31.10.2022,01:45,29
31.10.2022,02:00,29
31.10.2022,02:15,29
31.10.2022,02:30,29
31.10.2022,02:45,29
31.10.2022,03:00,29
31.10.2022,03:15,29
31.10.2022,03:30,29
31.10.2022,03:45,29
31.10.2022,04:00,29
31.10.2022,04:15,29
31.10.2022,04:30,29
31.10.2022,04:45,29
31.10.2022,05:00,29
31.10.2022,05:15,29
31.10.2022,05:30,29
31.10.2022,05:45,29
31.10.2022,06:00,29
31.10.2022,06:15,29
31.10.2022,06:30,29
31.10.2022,06:45,29
31.10.2022,07:00,29
31.10.2022,07:15,29
31.10.2022,07:30,29
31.10.2022,07:45,29
31.10.2022,08:00,29
31.10.2022,08:15,29
31.10.2022,08:30,29
31.10.2022,08:45,29
31.10.2022,09:00,29
31.10.2022,09:15,29
31.10.2022,09:30,29
31.10.2022,09:45,29
31.10.2022,10:00,29
31.10.2022,10:15,29
31.10.2022,10:30,29
31.10.2022,10:45,29
31.10.2022,11:00,29
31.10.2022,11:15,29
31.10.2022,11:30,29
31.10.2022,11:45,29
31.10.2022,12:00,29
31.10.2022,12:15,29
31.10.2022,12:30,29
31.10.2022,12:45,29
31.10.2022,13:00,29
31.10.2022,13:15,29
31.10.2022,13:30,29
31.10.2022,13:45,29
31.10.2022,14:00,29
31.10.2022,14:15,29
31.10.2022,14:30,29
31.10.2022,14:45,29
31.10.2022,15:00,29
31.10.2022,15:15,29
31.10.2022,15:30,29
31.10.2022,15:45,29
31.10.2022,16:00,29
31.10.2022,16:15,29
31.10.2022,16:30,29
31.10.2022,16:45,29
31.10.2022,17:00,29
31.10.2022,17:15,29
31.10.2022,17:30,29
31.10.2022,17:45,29
31.10.2022,18:00,29
31.10.2022,18:15,29
31.10.2022,18:30,29
31.10.2022,18:45,29
31.10.2022,19:00,29
31.10.2022,19:15,29
31.10.2022,19:30,29
31.10.2022,19:45,29
31.10.2022,20:00,29
31.10.2022,20:15,29
31.10.2022,20:30,29
31.10.2022,20:45,29
31.10.2022,21:00,29
31.10.2022,21:15,29
31.10.2022,21:30,29
31.10.2022,21:45,29
31.10.2022,22:00,29
31.10.2022,22:15,29
31.10.2022,22:30,29
31.10.2022,22:45,29
31.10.2022,23:00,29
31.10.2022,23:15,29
31.10.2022,23:30,29
31.10.2022,23:45,29
01.11.2022,00:00,29
01.11.2022,00:15,29
01.11.2022,00:30,29
01.11.2022,00:45,29
01.11.2022,01:00,29
01.11.2022,01:15,29
01.11.2022,01:30,29
01.11.2022,01:45,29
01.11.2022,02:00,29
01.11.2022,02:15,29
01.11.2022,02:30,29
01.11.2022,02:45,29
01.11.2022,03:00,29
01.11.2022,03:15,29
01.11.2022,03:30,29
01.11.2022,03:45,29
01.11.2022,04:00,29
01.11.2022,04:15,29
01.11.2022,04:30,29
01.11.2022,04:45,29
01.11.2022,05:00,29
01.11.2022,05:15,29
01.11.2022,05:30,29
01.11.2022,05:45,29
01.11.2022,06:00,29
01.11.2022,06:15,28
01.11.2022,06:30,29
01.11.2022,06:45,29
01.11.2022,07:00,29
01.11.2022,07:15,29
01.11.2022,07:30,29
01.11.2022,07:45,29
01.11.2022,08:00,29
01.11.2022,08:15,29
01.11.2022,08:30,29
01.11.2022,08:45,29
01.11.2022,09:00,28
01.11.2022,09:15,29
01.11.2022,09:30,28
01.11.2022,09:45,28
01.11.2022,10:00,28
01.11.2022,10:15,28
01.11.2022,10:30,28
01.11.2022,10:45,28
01.11.2022,11:00,28
01.11.2022,11:15,28
01.11.2022,11:30,28
01.11.2022,11:45,28
01.11.2022,12:00,28
01.11.2022,12:15,28
01.11.2022,12:30,28
01.11.2022,12:45,28
01.11.2022,13:00,28
01.11.2022,13:15,28
01.11.2022,13:30,28
01.11.2022,13:45,28
01.11.2022,14:00,28
01.11.2022,14:15,28
01.11.2022,14:30,28
01.11.2022,14:45,28
01.11.2022,15:00,28
01.11.2022,15:15,28
01.11.2022,15:30,28
01.11.2022,15:45,28
01.11.2022,16:00,28
01.11.2022,16:15,28
01.11.2022,16:30,28
01.11.2022,16:45,28
01.11.2022,17:00,28
01.11.2022,17:15,28
01.11.2022,17:30,28
01.11.2022,17:45,28
01.11.2022,18:00,28
01.11.2022,18:15,28
01.11.2022,18:30,28
01.11.2022,18:45,28
01.11.2022,19:00,28
01.11.2022,19:15,28
01.11.2022,19:30,28
01.11.2022,19:45,28
01.11.2022,20:00,28
01.11.2022,20:15,28
01.11.2022,20:30,28
01.11.2022,20:45,28
01.11.2022,21:00,28
01.11.2022,21:15,28
01.11.2022,21:30,28
01.11.2022,21:45,28
01.11.2022,22:00,28
01.11.2022,22:15,28
01.11.2022,22:30,28
01.11.2022,22:45,28
01.11.2022,23:00,28
01.11.2022,23:15,28
01.11.2022,23:30,28
01.11.2022,23:45,28
02.11.2022,00:00,28
02.11.2022,00:15,28
02.11.2022,00:30,28
02.11.2022,00:45,28
02.11.2022,01:00,28
02.11.2022,01:15,28
02.11.2022,01:30,28
02.11.2022,01:45,28
02.11.2022,02:00,28
02.11.2022,02:15,28
02.11.2022,02:30,28
02.11.2022,02:45,28
02.11.2022,03:00,28
02.11.2022,03:15,28
02.11.2022,03:30,28
02.11.2022,03:45,28
02.11.2022,04:00,28
02.11.2022,04:15,28
02.11.2022,04:30,28
02.11.2022,04:45,28
02.11.2022,05:00,28
02.11.2022,05:15,28
02.11.2022,05:30,28
02.11.2022,05:45,28
02.11.2022,06:00,28
02.11.2022,06:15,28
02.11.2022,06:30,28
02.11.2022,06:45,28
02.11.2022,07:00,28
02.11.2022,07:15,28
02.11.2022,07:30,28
02.11.2022,07:45,28
02.11.2022,08:00,28
02.11.2022,08:15,28
02.11.2022,08:30,28
02.11.2022,08:45,28
02.11.2022,09:00,28
02.11.2022,09:15,28
02.11.2022,09:30,28
02.11.2022,09:45,28
02.11.2022,10:00,28
02.11.2022,10:15,28
02.11.2022,10:30,28
02.11.2022,10:45,28
02.11.2022,11:00,28
02.11.2022,11:15,27
02.11.2022,11:30,27
02.11.2022,11:45,27
02.11.2022,12:00,27
02.11.2022,12:15,27
02.11.2022,12:30,27
02.11.2022,12:45,27
02.11.2022,13:00,27
02.11.2022,13:15,27
02.11.2022,13:30,27
02.11.2022,13:45,27
02.11.2022,14:00,27
02.11.2022,14:15,27
02.11.2022,14:30,27
02.11.2022,14:45,27
02.11.2022,15:00,27
02.11.2022,15:15,27
02.11.2022,15:30,27
02.11.2022,15:45,27
02.11.2022,16:00,27
02.11.2022,16:15,27
02.11.2022,16:30,27
02.11.2022,16:45,27
02.11.2022,17:00,27
02.11.2022,17:15,27
02.11.2022,17:30,27
02.11.2022,17:45,27
02.11.2022,18:00,27
02.11.2022,18:15,27
02.11.2022,18:30,27
02.11.2022,18:45,27
02.11.2022,19:00,27
02.11.2022,19:15,27
02.11.2022,19:30,27
02.11.2022,19:45,27
02.11.2022,20:00,27
02.11.2022,20:15,27
02.11.2022,20:30,27
02.11.2022,20:45,27
02.11.2022,21:00,27
02.11.2022,21:15,27
02.11.2022,21:30,27
02.11.2022,21:45,27
02.11.2022,22:00,27
02.11.2022,22:15,27
02.11.2022,22:30,27
02.11.2022,22:45,27
02.11.2022,23:00,27
02.11.2022,23:15,27
02.11.2022,23:30,27
02.11.2022,23:45,27
03.11.2022,00:00,27
03.11.2022,00:15,27
03.11.2022,00:30,27
03.11.2022,00:45,27
03.11.2022,01:00,27
03.11.2022,01:15,27
03.11.2022,01:30,27
03.11.2022,01:45,27
03.11.2022,02:00,27
03.11.2022,02:15,27
03.11.2022,02:30,27
03.11.2022,02:45,27
03.11.2022,03:00,27
03.11.2022,03:15,27
03.11.2022,03:30,27
03.11.2022,03:45,27
03.11.2022,04:00,27
03.11.2022,04:15,27
03.11.2022,04:30,27
03.11.2022,04:45,27
03.11.2022,05:00,27
03.11.2022,05:15,27
03.11.2022,05:30,27
03.11.2022,05:45,27
03.11.2022,06:00,27
03.11.2022,06:15,27
03.11.2022,06:30,27
03.11.2022,06:45,27
03.11.2022,07:00,27
03.11.2022,07:15,27
03.11.2022,07:30,27
03.11.2022,07:45,27
03.11.2022,08:00,27
03.11.2022,08:15,27
03.11.2022,08:30,27
03.11.2022,08:45,27
03.11.2022,09:00,27
03.11.2022,09:15,27
03.11.2022,09:30,27
03.11.2022,09:45,27
03.11.2022,10:00,27
03.11.2022,10:15,27
03.11.2022,10:30,27
03.11.2022,10:45,27
03.11.2022,11:00,27
03.11.2022,11:15,27
03.11.2022,11:30,27
03.11.2022,11:45,27
03.11.2022,12:00,27
03.11.2022,12:15,27
03.11.2022,12:30,27
03.11.2022,12:45,27
03.11.2022,13:00,27
03.11.2022,13:15,27
03.11.2022,13:30,27
03.11.2022,13:45,27
03.11.2022,14:00,27
03.11.2022,14:15,27
03.11.2022,14:30,27
03.11.2022,14:45,27
03.11.2022,15:00,27
03.11.2022,15:15,27
03.11.2022,15:30,27
03.11.2022,15:45,27
03.11.2022,16:00,27
03.11.2022,16:15,27
03.11.2022,16:30,27
03.11.2022,16:45,27
03.11.2022,17:00,27
03.11.2022,17:15,27
03.11.2022,17:30,27
03.11.2022,17:45,27
03.11.2022,18:00,27
03.11.2022,18:15,27
03.11.2022,18:30,27
03.11.2022,18:45,27
03.11.2022,19:00,27
03.11.2022,19:15,28
03.11.2022,19:30,28
03.11.2022,19:45,28
03.11.2022,20:00,28
03.11.2022,20:15,28
03.11.2022,20:30,28
03.11.2022,20:45,28
03.11.2022,21:00,28
03.11.2022,21:15,28
03.11.2022,21:30,28
03.11.2022,21:45,29
03.11.2022,22:00,29
03.11.2022,22:15,29
03.11.2022,22:30,29
03.11.2022,22:45,29
03.11.2022,23:00,29
03.11.2022,23:15,29
03.11.2022,23:30,29
03.11.2022,23:45,30
04.11.2022,00:00,30
04.11.2022,00:15,30
04.11.2022,00:30,30
04.11.2022,00:45,30
04.11.2022,01:00,30
04.11.2022,01:15,30
04.11.2022,01:30,30
04.11.2022,01:45,30
04.11.2022,02:00,30
04.11.2022,02:15,30
04.11.2022,02:30,31
04.11.2022,02:45,31
04.11.2022,03:00,31
04.11.2022,03:15,31
04.11.2022,03:30,31
04.11.2022,03:45,31
04.11.2022,04:00,31
04.11.2022,04:15,31
04.11.2022,04:30,31
04.11.2022,04:45,31
04.11.2022,05:00,31
04.11.2022,05:15,31
04.11.2022,05:30,31
04.11.2022,05:45,31
04.11.2022,06:00,31
04.11.2022,06:15,31
04.11.2022,06:30,31
04.11.2022,06:45,31
04.11.2022,07:00,31
04.11.2022,07:15,31
04.11.2022,07:30,31
04.11.2022,07:45,31
04.11.2022,08:00,31
04.11.2022,08:15,31
04.11.2022,08:30,31
04.11.2022,08:45,31
04.11.2022,09:00,31
04.11.2022,09:15,30
04.11.2022,09:30,30
04.11.2022,09:45,30
04.11.2022,10:00,31
04.11.2022,10:15,30
04.11.2022,10:30,30
04.11.2022,10:45,30
04.11.2022,11:00,30
04.11.2022,11:15,30
04.11.2022,11:30,30
04.11.2022,11:45,30
04.11.2022,12:00,30
04.11.2022,12:15,30
04.11.2022,12:30,30
04.11.2022,12:45,30
04.11.2022,13:00,30
04.11.2022,13:15,30
04.11.2022,13:30,30
04.11.2022,13:45,30
04.11.2022,14:00,30
04.11.2022,14:15,30
04.11.2022,14:30,30
04.11.2022,14:45,30
04.11.2022,15:00,30
04.11.2022,15:15,30
04.11.2022,15:30,30
04.11.2022,15:45,30
04.11.2022,16:00,30
04.11.2022,16:15,30
04.11.2022,16:30,30
04.11.2022,16:45,30
04.11.2022,17:00,30
04.11.2022,17:15,30
04.11.2022,17:30,30
04.11.2022,17:45,30
04.11.2022,18:00,30
04.11.2022,18:15,30
04.11.2022,18:30,30
04.11.2022,18:45,30
04.11.2022,19:00,30
04.11.2022,19:15,30
04.11.2022,19:30,30
04.11.2022,19:45,30
04.11.2022,20:00,30
04.11.2022,20:15,30
04.11.2022,20:30,30
04.11.2022,20:45,30
04.11.2022,21:00,30
04.11.2022,21:15,30
04.11.2022,21:30,30
04.11.2022,21:45,30
04.11.2022,22:00,30
04.11.2022,22:15,30
04.11.2022,22:30,30
04.11.2022,22:45,30
04.11.2022,23:00,30
04.11.2022,23:15,30
04.11.2022,23:30,30
04.11.2022,23:45,30
05.11.2022,00:00,30
05.11.2022,00:15,30
05.11.2022,00:30,30
05.11.2022,00:45,30
05.11.2022,01:00,30
05.11.2022,01:15,30
05.11.2022,01:30,30
05.11.2022,01:45,30
05.11.2022,02:00,30
05.11.2022,02:15,30
05.11.2022,02:30,30
05.11.2022,02:45,30
05.11.2022,03:00,30
05.11.2022,03:15,30
05.11.2022,03:30,31
05.11.2022,03:45,31
05.11.2022,04:00,31
05.11.2022,04:15,31
05.11.2022,04:30,31
05.11.2022,04:45,31
05.11.2022,05:00,31
05.11.2022,05:15,31
05.11.2022,05:30,31
05.11.2022,05:45,31
05.11.2022,06:00,31
05.11.2022,06:15,31
05.11.2022,06:30,31
05.11.2022,06:45,31
05.11.2022,07:00,31
05.11.2022,07:15,31
05.11.2022,07:30,31
05.11.2022,07:45,31
05.11.2022,08:00,31
05.11.2022,08:15,31
05.11.2022,08:30,31
05.11.2022,08:45,31
05.11.2022,09:00,31
05.11.2022,09:15,31
05.11.2022,09:30,31
05.11.2022,09:45,31
05.11.2022,10:00,31
05.11.2022,10:15,31
05.11.2022,10:30,31
05.11.2022,10:45,31
05.11.2022,11:00,31
05.11.2022,11:15,31
05.11.2022,11:30,31
05.11.2022,11:45,31
05.11.2022,12:00,31
05.11.2022,12:15,31
05.11.2022,12:30,31
05.11.2022,12:45,31
05.11.2022,13:00,31
05.11.2022,13:15,31
05.11.2022,13:30,31
05.11.2022,13:45,31
05.11.2022,14:00,31
05.11.2022,14:15,31
05.11.2022,14:30,31
05.11.2022,14:45,31
05.11.2022,15:00,31
05.11.2022,15:15,31
05.11.2022,15:30,31
05.11.2022,15:45,31
05.11.2022,16:00,31
05.11.2022,16:15,31
05.11.2022,16:30,30
05.11.2022,16:45,30
05.11.2022,17:00,31
05.11.2022,17:15,31
05.11.2022,17:30,30
05.11.2022,17:45,30
05.11.2022,18:00,30
05.11.2022,18:15,30
05.11.2022,18:30,30
05.11.2022,18:45,30
05.11.2022,19:00,30
05.11.2022,19:15,30
05.11.2022,19:30,30
05.11.2022,19:45,30
05.11.2022,20:00,30
05.11.2022,20:15,30
05.11.2022,20:30,30
05.11.2022,20:45,30
05.11.2022,21:00,30
05.11.2022,21:15,30
05.11.2022,21:30,30
05.11.2022,21:45,30
05.11.2022,22:00,30
05.11.2022,22:15,30
05.11.2022,22:30,30
05.11.2022,22:45,30
05.11.2022,23:00,30
05.11.2022,23:15,30
05.11.2022,23:30,30
05.11.2022,23:45,30
06.11.2022,00:00,30
06.11.2022,00:15,30
06.11.2022,00:30,30
06.11.2022,00:45,30
06.11.2022,01:00,30
06.11.2022,01:15,30
06.11.2022,01:30,30
06.11.2022,01:45,30
06.11.2022,02:00,30
06.11.2022,02:15,30
06.11.2022,02:30,30
06.11.2022,02:45,30
06.11.2022,03:00,30
06.11.2022,03:15,30
06.11.2022,03:30,30
06.11.2022,03:45,30
06.11.2022,04:00,30
06.11.2022,04:15,30
06.11.2022,04:30,30
06.11.2022,04:45,30
06.11.2022,05:00,30
06.11.2022,05:15,30
06.11.2022,05:30,30
06.11.2022,05:45,30
06.11.2022,06:00,30
06.11.2022,06:15,30
06.11.2022,06:30,30
06.11.2022,06:45,30
06.11.2022,07:00,30
06.11.2022,07:15,30
06.11.2022,07:30,30
06.11.2022,07:45,30
06.11.2022,08:00,30
06.11.2022,08:15,30
06.11.2022,08:30,30
06.11.2022,08:45,30
06.11.2022,09:00,30
06.11.2022,09:15,30
06.11.2022,09:30,30
06.11.2022,09:45,30
06.11.2022,10:00,30
06.11.2022,10:15,30
06.11.2022,10:30,30
06.11.2022,10:45,30
06.11.2022,11:00,30
06.11.2022,11:15,30
06.11.2022,11:30,30
06.11.2022,11:45,30
06.11.2022,12:00,30
06.11.2022,12:15,30
06.11.2022,12:30,30
06.11.2022,12:45,30
06.11.2022,13:00,30
06.11.2022,13:15,29
06.11.2022,13:30,29
06.11.2022,13:45,29
06.11.2022,14:00,29
06.11.2022,14:15,29
06.11.2022,14:30,29
06.11.2022,14:45,29
06.11.2022,15:00,29
06.11.2022,15:15,29
06.11.2022,15:30,29
06.11.2022,15:45,29
06.11.2022,16:00,29
06.11.2022,16:15,29
06.11.2022,16:30,29
06.11.2022,16:45,29
06.11.2022,17:00,29
06.11.2022,17:15,29
06.11.2022,17:30,29
06.11.2022,17:45,29
06.11.2022,18:00,29
06.11.2022,18:15,29
06.11.2022,18:30,29
06.11.2022,18:45,29
06.11.2022,19:00,29
06.11.2022,19:15,29
06.11.2022,19:30,29
06.11.2022,19:45,29
06.11.2022,20:00,29
06.11.2022,20:15,29
06.11.2022,20:30,29
06.11.2022,20:45,29
06.11.2022,21:00,29
06.11.2022,21:15,29
06.11.2022,21:30,29
06.11.2022,21:45,29
06.11.2022,22:00,29
06.11.2022,22:15,29
06.11.2022,22:30,29
06.11.2022,22:45,29
06.11.2022,23:00,29
06.11.2022,23:15,29
06.11.2022,23:30,29
06.11.2022,23:45,29
07.11.2022,00:00,29
07.11.2022,00:15,29
07.11.2022,00:30,29
07.11.2022,00:45,29
07.11.2022,01:00,29
07.11.2022,01:15,29
07.11.2022,01:30,29
07.11.2022,01:45,29
07.11.2022,02:00,29
07.11.2022,02:15,29
07.11.2022,02:30,29
07.11.2022,02:45,29
07.11.2022,03:00,29
07.11.2022,03:15,29
07.11.2022,03:30,29
07.11.2022,03:45,29
07.11.2022,04:00,29
07.11.2022,04:15,29
07.11.2022,04:30,29
07.11.2022,04:45,29
07.11.2022,05:00,29
07.11.2022,05:15,29
07.11.2022,05:30,29
07.11.2022,05:45,29
07.11.2022,06:00,29
07.11.2022,06:15,29
07.11.2022,06:30,29
07.11.2022,06:45,29
07.11.2022,07:00,29
07.11.2022,07:15,29
07.11.2022,07:30,29
07.11.2022,07:45,29
07.11.2022,08:00,29
07.11.2022,08:15,29
07.11.2022,08:30,29
07.11.2022,08:45,29
07.11.2022,09:00,29
07.11.2022,09:15,29
07.11.2022,09:30,29
07.11.2022,09:45,29
07.11.2022,10:00,29
07.11.2022,10:15,29
07.11.2022,10:30,29
07.11.2022,10:45,29
07.11.2022,11:00,29
07.11.2022,11:15,29
07.11.2022,11:30,29
07.11.2022,11:45,29
07.11.2022,12:00,29
07.11.2022,12:15,29
07.11.2022,12:30,29
07.11.2022,12:45,29
07.11.2022,13:00,29
07.11.2022,13:15,29
07.11.2022,13:30,29
07.11.2022,13:45,29
07.11.2022,14:00,29
07.11.2022,14:15,29
07.11.2022,14:30,29
07.11.2022,14:45,29
07.11.2022,15:00,29
07.11.2022,15:15,29
07.11.2022,15:30,29
07.11.2022,15:45,29
07.11.2022,16:00,29
07.11.2022,16:15,29
07.11.2022,16:30,29
07.11.2022,16:45,29
07.11.2022,17:00,29
07.11.2022,17:15,29
07.11.2022,17:30,29
07.11.2022,17:45,29
07.11.2022,18:00,29
07.11.2022,18:15,29
07.11.2022,18:30,29
07.11.2022,18:45,29
07.11.2022,19:00,29
07.11.2022,19:15,29
07.11.2022,19:30,29
07.11.2022,19:45,29
07.11.2022,20:00,29
07.11.2022,20:15,29
07.11.2022,20:30,29
07.11.2022,20:45,29
07.11.2022,21:00,29
07.11.2022,21:15,29
07.11.2022,21:30,29
07.11.2022,21:45,29
07.11.2022,22:00,29
07.11.2022,22:15,29
07.11.2022,22:30,29
07.11.2022,22:45,29
07.11.2022,23:00,29
07.11.2022,23:15,29
07.11.2022,23:30,30
07.11.2022,23:45,29
08.11.2022,00:00,30
08.11.2022,00:15,30
08.11.2022,00:30,30
08.11.2022,00:45,30
08.11.2022,01:00,30
08.11.2022,01:15,30
08.11.2022,01:30,30
08.11.2022,01:45,30
08.11.2022,02:00,30
08.11.2022,02:15,30
08.11.2022,02:30,30
08.11.2022,02:45,30
08.11.2022,03:00,30
08.11.2022,03:15,30
08.11.2022,03:30,30
08.11.2022,03:45,30
08.11.2022,04:00,30
08.11.2022,04:15,30
08.11.2022,04:30,30
08.11.2022,04:45,30
08.11.2022,05:00,30
08.11.2022,05:15,30
08.11.2022,05:30,30
08.11.2022,05:45,30
08.11.2022,06:00,30
08.11.2022,06:15,30
08.11.2022,06:30,30
08.11.2022,06:45,30
08.11.2022,07:00,30
08.11.2022,07:15,30
08.11.2022,07:30,30
08.11.2022,07:45,30
08.11.2022,08:00,30
08.11.2022,08:15,30
08.11.2022,08:30,30
08.11.2022,08:45,30
08.11.2022,09:00,30
08.11.2022,09:15,30
08.11.2022,09:30,30
08.11.2022,09:45,30
08.11.2022,10:00,30
08.11.2022,10:15,29
08.11.2022,10:30,29
08.11.2022,10:45,30
08.11.2022,11:00,29
08.11.2022,11:15,29
08.11.2022,11:30,29
08.11.2022,11:45,29
08.11.2022,12:00,29
08.11.2022,12:15,29
08.11.2022,12:30,29
08.11.2022,12:45,29
08.11.2022,13:00,29
08.11.2022,13:15,29
08.11.2022,13:30,29
08.11.2022,13:45,29
08.11.2022,14:00,29
08.11.2022,14:15,29
08.11.2022,14:30,29
08.11.2022,14:45,29
08.11.2022,15:00,29
08.11.2022,15:15,29
08.11.2022,15:30,29
08.11.2022,15:45,29
08.11.2022,16:00,29
08.11.2022,16:15,29
08.11.2022,16:30,29
08.11.2022,16:45,29
08.11.2022,17:00,29
08.11.2022,17:15,29
08.11.2022,17:30,29
08.11.2022,17:45,29
08.11.2022,18:00,29
08.11.2022,18:15,29
08.11.2022,18:30,29
08.11.2022,18:45,29
08.11.2022,19:00,29
08.11.2022,19:15,29
08.11.2022,19:30,29
08.11.2022,19:45,29
08.11.2022,20:00,29
08.11.2022,20:15,29
08.11.2022,20:30,29
08.11.2022,20:45,29
08.11.2022,21:00,29
08.11.2022,21:15,29
08.11.2022,21:30,29
08.11.2022,21:45,29
08.11.2022,22:00,29
08.11.2022,22:15,29
08.11.2022,22:30,29
08.11.2022,22:45,29
08.11.2022,23:00,29
08.11.2022,23:15,29
08.11.2022,23:30,29
08.11.2022,23:45,29
09.11.2022,00:00,29
09.11.2022,00:15,29
09.11.2022,00:30,29
09.11.2022,00:45,29
09.11.2022,01:00,29
09.11.2022,01:15,29
09.11.2022,01:30,29
09.11.2022,01:45,29
09.11.2022,02:00,29
09.11.2022,02:15,29
09.11.2022,02:30,29
09.11.2022,02:45,29
09.11.2022,03:00,29
09.11.2022,03:15,29
09.11.2022,03:30,29
09.11.2022,03:45,29
09.11.2022,04:00,29
09.11.2022,04:15,29
09.11.2022,04:30,29
09.11.2022,04:45,29
09.11.2022,05:00,29
09.11.2022,05:15,29
09.11.2022,05:30,29
09.11.2022,05:45,29
09.11.2022,06:00,29
09.11.2022,06:15,29
09.11.2022,06:30,29
09.11.2022,06:45,29
09.11.2022,07:00,29
09.11.2022,07:15,29
09.11.2022,07:30,29
09.11.2022,07:45,29
09.11.2022,08:00,29
09.11.2022,08:15,29
09.11.2022,08:30,29
09.11.2022,08:45,29
09.11.2022,09:00,29
09.11.2022,09:15,29
09.11.2022,09:30,29
09.11.2022,09:45,29
09.11.2022,10:00,29
09.11.2022,10:15,29
09.11.2022,10:30,29
09.11.2022,10:45,29
09.11.2022,11:00,29
09.11.2022,11:15,29
09.11.2022,11:30,29
09.11.2022,11:45,29
09.11.2022,12:00,29
09.11.2022,12:15,29
09.11.2022,12:30,29
09.11.2022,12:45,29
09.11.2022,13:00,29
09.11.2022,13:15,29
09.11.2022,13:30,29
09.11.2022,13:45,29
09.11.2022,14:00,29
09.11.2022,14:15,29
09.11.2022,14:30,29
09.11.2022,14:45,29
09.11.2022,15:00,29
09.11.2022,15:15,29
09.11.2022,15:30,29
09.11.2022,15:45,29
09.11.2022,16:00,29
09.11.2022,16:15,29
09.11.2022,16:30,29
09.11.2022,16:45,29
09.11.2022,17:00,29
09.11.2022,17:15,29
09.11.2022,17:30,29
09.11.2022,17:45,29
09.11.2022,18:00,29
09.11.2022,18:15,29
09.11.2022,18:30,29
09.11.2022,18:45,29
09.11.2022,19:00,29
09.11.2022,19:15,29
09.11.2022,19:30,29
09.11.2022,19:45,29
09.11.2022,20:00,29
09.11.2022,20:15,29
09.11.2022,20:30,29
09.11.2022,20:45,29
09.11.2022,21:00,29
09.11.2022,21:15,29
09.11.2022,21:30,29
09.11.2022,21:45,29
09.11.2022,22:00,29
09.11.2022,22:15,29
09.11.2022,22:30,29
09.11.2022,22:45,28
09.11.2022,23:00,28
09.11.2022,23:15,28
09.11.2022,23:30,28
09.11.2022,23:45,28
10.11.2022,00:00,28
10.11.2022,00:15,28
10.11.2022,00:30,29
10.11.2022,00:45,28
10.11.2022,01:00,29
10.11.2022,01:15,29
10.11.2022,01:30,28
10.11.2022,01:45,28
10.11.2022,02:00,28
10.11.2022,02:15,28
10.11.2022,02:30,28
10.11.2022,02:45,28
10.11.2022,03:00,28
10.11.2022,03:15,28
10.11.2022,03:30,28
10.11.2022,03:45,28
10.11.2022,04:00,28
10.11.2022,04:15,28
10.11.2022,04:30,28
10.11.2022,04:45,28
10.11.2022,05:00,28
10.11.2022,05:15,28
10.11.2022,05:30,28
10.11.2022,05:45,28
10.11.2022,06:00,28
10.11.2022,06:15,28
10.11.2022,06:30,28
10.11.2022,06:45,28
10.11.2022,07:00,28
10.11.2022,07:15,28
10.11.2022,07:30,28
10.11.2022,07:45,28
10.11.2022,08:00,28
10.11.2022,08:15,28
10.11.2022,08:30,28
10.11.2022,08:45,28
10.11.2022,09:00,28
10.11.2022,09:15,28
10.11.2022,09:30,28
10.11.2022,09:45,28
10.11.2022,10:00,28
10.11.2022,10:15,28
10.11.2022,10:30,28
10.11.2022,10:45,28
10.11.2022,11:00,28
10.11.2022,11:15,28
10.11.2022,11:30,28
10.11.2022,11:45,28
10.11.2022,12:00,28
10.11.2022,12:15,28
10.11.2022,12:30,28
10.11.2022,12:45,28
10.11.2022,13:00,28
10.11.2022,13:15,28
10.11.2022,13:30,28
10.11.2022,13:45,28
10.11.2022,14:00,28
10.11.2022,14:15,28
10.11.2022,14:30,28
10.11.2022,14:45,28
10.11.2022,15:00,28
10.11.2022,15:15,28
10.11.2022,15:30,28
10.11.2022,15:45,28
10.11.2022,16:00,28
10.11.2022,16:15,28
10.11.2022,16:30,28
10.11.2022,16:45,28
10.11.2022,17:00,28
10.11.2022,17:15,28
10.11.2022,17:30,28
10.11.2022,17:45,28
10.11.2022,18:00,28
10.11.2022,18:15,28
10.11.2022,18:30,28
10.11.2022,18:45,28
10.11.2022,19:00,28
10.11.2022,19:15,28
10.11.2022,19:30,28
10.11.2022,19:45,28
10.11.2022,20:00,28
10.11.2022,20:15,28
10.11.2022,20:30,28
10.11.2022,20:45,28
10.11.2022,21:00,28
10.11.2022,21:15,28
10.11.2022,21:30,28
10.11.2022,21:45,28
10.11.2022,22:00,28
10.11.2022,22:15,28
10.11.2022,22:30,28
10.11.2022,22:45,28
10.11.2022,23:00,28
10.11.2022,23:15,28
10.11.2022,23:30,28
10.11.2022,23:45,28
11.11.2022,00:00,28
11.11.2022,00:15,28
11.11.2022,00:30,28
11.11.2022,00:45,28
11.11.2022,01:00,28
11.11.2022,01:15,28
11.11.2022,01:30,28
11.11.2022,01:45,28
11.11.2022,02:00,28
11.11.2022,02:15,28
11.11.2022,02:30,28
11.11.2022,02:45,28
11.11.2022,03:00,28
11.11.2022,03:15,28
11.11.2022,03:30,28
11.11.2022,03:45,28
11.11.2022,04:00,28
11.11.2022,04:15,28
11.11.2022,04:30,28
11.11.2022,04:45,28
11.11.2022,05:00,28
11.11.2022,05:15,28
11.11.2022,05:30,28
11.11.2022,05:45,28
11.11.2022,06:00,28
11.11.2022,06:15,28
11.11.2022,06:30,28
11.11.2022,06:45,28
11.11.2022,07:00,28
11.11.2022,07:15,28
11.11.2022,07:30,28
11.11.2022,07:45,28
11.11.2022,08:00,28
11.11.2022,08:15,28
11.11.2022,08:30,28
11.11.2022,08:45,28
11.11.2022,09:00,28
11.11.2022,09:15,28
11.11.2022,09:30,28
11.11.2022,09:45,28
11.11.2022,10:00,28
11.11.2022,10:15,28
11.11.2022,10:30,28
11.11.2022,10:45,28
11.11.2022,11:00,28
11.11.2022,11:15,28
11.11.2022,11:30,28
11.11.2022,11:45,28
11.11.2022,12:00,28
11.11.2022,12:15,28
11.11.2022,12:30,28
11.11.2022,12:45,27
11.11.2022,13:00,27
11.11.2022,13:15,27
11.11.2022,13:30,27
11.11.2022,13:45,27
11.11.2022,14:00,27
11.11.2022,14:15,27
11.11.2022,14:30,27
11.11.2022,14:45,27
11.11.2022,15:00,27
11.11.2022,15:15,27
11.11.2022,15:30,27
11.11.2022,15:45,27
11.11.2022,16:00,27
11.11.2022,16:15,27
11.11.2022,16:30,27
11.11.2022,16:45,27
11.11.2022,17:00,27
11.11.2022,17:15,27
11.11.2022,17:30,27
11.11.2022,17:45,27
11.11.2022,18:00,27
11.11.2022,18:15,27
11.11.2022,18:30,27
11.11.2022,18:45,27
11.11.2022,19:00,27
11.11.2022,19:15,27
11.11.2022,19:30,27
11.11.2022,19:45,27
11.11.2022,20:00,27
11.11.2022,20:15,27
11.11.2022,20:30,27
11.11.2022,20:45,27
11.11.2022,21:00,27
11.11.2022,21:15,27
11.11.2022,21:30,27
11.11.2022,21:45,27
11.11.2022,22:00,27
11.11.2022,22:15,27
11.11.2022,22:30,27
11.11.2022,22:45,27
11.11.2022,23:00,27
11.11.2022,23:15,27
11.11.2022,23:30,27
11.11.2022,23:45,27
12.11.2022,00:00,27
12.11.2022,00:15,27
12.11.2022,00:30,27
12.11.2022,00:45,27
12.11.2022,01:00,27
12.11.2022,01:15,27
12.11.2022,01:30,27
12.11.2022,01:45,27
12.11.2022,02:00,27
12.11.2022,02:15,27
12.11.2022,02:30,27
12.11.2022,02:45,27
12.11.2022,03:00,27
12.11.2022,03:15,27
12.11.2022,03:30,27
12.11.2022,03:45,27
12.11.2022,04:00,27
12.11.2022,04:15,27
12.11.2022,04:30,27
12.11.2022,04:45,27
12.11.2022,05:00,27
12.11.2022,05:15,27
12.11.2022,05:30,27
12.11.2022,05:45,27
12.11.2022,06:00,27
12.11.2022,06:15,27
12.11.2022,06:30,27
12.11.2022,06:45,27
12.11.2022,07:00,27
12.11.2022,07:15,27
12.11.2022,07:30,27
12.11.2022,07:45,27
12.11.2022,08:00,27
12.11.2022,08:15,27
12.11.2022,08:30,27
12.11.2022,08:45,27
12.11.2022,09:00,27
12.11.2022,09:15,27
12.11.2022,09:30,27
12.11.2022,09:45,27
12.11.2022,10:00,27
12.11.2022,10:15,27
12.11.2022,10:30,27
12.11.2022,10:45,27
12.11.2022,11:00,27
12.11.2022,11:15,27
12.11.2022,11:30,27
12.11.2022,11:45,27
12.11.2022,12:00,27
12.11.2022,12:15,27
12.11.2022,12:30,27
12.11.2022,12:45,27
12.11.2022,13:00,27
12.11.2022,13:15,27
12.11.2022,13:30,27
12.11.2022,13:45,27
12.11.2022,14:00,27
12.11.2022,14:15,27
12.11.2022,14:30,27
12.11.2022,14:45,27
12.11.2022,15:00,27
12.11.2022,15:15,27
12.11.2022,15:30,27
12.11.2022,15:45,27
12.11.2022,16:00,27
12.11.2022,16:15,27
12.11.2022,16:30,27
12.11.2022,16:45,27
12.11.2022,17:00,27
12.11.2022,17:15,27
12.11.2022,17:30,27
12.11.2022,17:45,27
12.11.2022,18:00,27
12.11.2022,18:15,27
12.11.2022,18:30,27
12.11.2022,18:45,27
12.11.2022,19:00,27
12.11.2022,19:15,27
12.11.2022,19:30,27
12.11.2022,19:45,27
12.11.2022,20:00,27
12.11.2022,20:15,27
12.11.2022,20:30,27
12.11.2022,20:45,27
12.11.2022,21:00,27
12.11.2022,21:15,27
12.11.2022,21:30,27
12.11.2022,21:45,27
12.11.2022,22:00,27
12.11.2022,22:15,27
12.11.2022,22:30,27
12.11.2022,22:45,27
12.11.2022,23:00,27
12.11.2022,23:15,27
12.11.2022,23:30,27
12.11.2022,23:45,27
13.11.2022,00:00,27
13.11.2022,00:15,27
13.11.2022,00:30,27
13.11.2022,00:45,27
13.11.2022,01:00,27
13.11.2022,01:15,27
13.11.2022,01:30,27
13.11.2022,01:45,27
13.11.2022,02:00,27
13.11.2022,02:15,27
13.11.2022,02:30,27
13.11.2022,02:45,27
13.11.2022,03:00,27
13.11.2022,03:15,27
13.11.2022,03:30,27
13.11.2022,03:45,27
13.11.2022,04:00,27
13.11.2022,04:15,27
13.11.2022,04:30,27
13.11.2022,04:45,27
13.11.2022,05:00,27
13.11.2022,05:15,27
13.11.2022,05:30,27
13.11.2022,05:45,27
13.11.2022,06:00,27
13.11.2022,06:15,27
13.11.2022,06:30,27
13.11.2022,06:45,27
13.11.2022,07:00,27
13.11.2022,07:15,27
13.11.2022,07:30,27
13.11.2022,07:45,27
13.11.2022,08:00,27
13.11.2022,08:15,27
13.11.2022,08:30,27
13.11.2022,08:45,27
13.11.2022,09:00,27
13.11.2022,09:15,27
13.11.2022,09:30,27
13.11.2022,09:45,27
13.11.2022,10:00,27
13.11.2022,10:15,27
13.11.2022,10:30,27
13.11.2022,10:45,27
13.11.2022,11:00,27
13.11.2022,11:15,27
13.11.2022,11:30,27
13.11.2022,11:45,27
13.11.2022,12:00,27
13.11.2022,12:15,27
13.11.2022,12:30,27
13.11.2022,12:45,27
13.11.2022,13:00,27
13.11.2022,13:15,27
13.11.2022,13:30,27
13.11.2022,13:45,27
13.11.2022,14:00,27
13.11.2022,14:15,27
13.11.2022,14:30,27
13.11.2022,14:45,27
13.11.2022,15:00,27
13.11.2022,15:15,27
13.11.2022,15:30,27
13.11.2022,15:45,27
13.11.2022,16:00,27
13.11.2022,16:15,27
13.11.2022,16:30,27
13.11.2022,16:45,27
13.11.2022,17:00,27
13.11.2022,17:15,27
13.11.2022,17:30,27
13.11.2022,17:45,27
13.11.2022,18:00,27
13.11.2022,18:15,27
13.11.2022,18:30,27
13.11.2022,18:45,27
13.11.2022,19:00,27
13.11.2022,19:15,27
13.11.2022,19:30,27
13.11.2022,19:45,27
13.11.2022,20:00,27
13.11.2022,20:15,27
13.11.2022,20:30,27
13.11.2022,20:45,27
13.11.2022,21:00,27
13.11.2022,21:15,27
13.11.2022,21:30,27
13.11.2022,21:45,27
13.11.2022,22:00,27
13.11.2022,22:15,27
13.11.2022,22:30,27
13.11.2022,22:45,27
13.11.2022,23:00,27
13.11.2022,23:15,27
13.11.2022,23:30,27
13.11.2022,23:45,27
14.11.2022,00:00,27
14.11.2022,00:15,27
14.11.2022,00:30,27
14.11.2022,00:45,27
14.11.2022,01:00,27
14.11.2022,01:15,27
14.11.2022,01:30,27
14.11.2022,01:45,27
14.11.2022,02:00,27
14.11.2022,02:15,27
14.11.2022,02:30,27
14.11.2022,02:45,27
14.11.2022,03:00,27
14.11.2022,03:15,27
14.11.2022,03:30,27
14.11.2022,03:45,27
14.11.2022,04:00,27
14.11.2022,04:15,27
14.11.2022,04:30,27
14.11.2022,04:45,27
14.11.2022,05:00,27
14.11.2022,05:15,27
14.11.2022,05:30,27
14.11.2022,05:45,27
14.11.2022,06:00,27
14.11.2022,06:15,27
14.11.2022,06:30,27
14.11.2022,06:45,27
14.11.2022,07:00,27
14.11.2022,07:15,27
14.11.2022,07:30,27
14.11.2022,07:45,27
14.11.2022,08:00,27
14.11.2022,08:15,27
14.11.2022,08:30,27
14.11.2022,08:45,27
14.11.2022,09:00,27
14.11.2022,09:15,27
14.11.2022,09:30,27
14.11.2022,09:45,27
14.11.2022,10:00,27
14.11.2022,10:15,27
14.11.2022,10:30,27
14.11.2022,10:45,27
14.11.2022,11:00,27
14.11.2022,11:15,27
14.11.2022,11:30,27
14.11.2022,11:45,27
14.11.2022,12:00,27
14.11.2022,12:15,27
14.11.2022,12:30,27
14.11.2022,12:45,27
14.11.2022,13:00,27
14.11.2022,13:15,27
14.11.2022,13:30,27
14.11.2022,13:45,27
14.11.2022,14:00,27
14.11.2022,14:15,27
14.11.2022,14:30,27
14.11.2022,14:45,27
14.11.2022,15:00,27
14.11.2022,15:15,27
14.11.2022,15:30,27
14.11.2022,15:45,27
14.11.2022,16:00,27
14.11.2022,16:15,27
14.11.2022,16:30,27
14.11.2022,16:45,27
14.11.2022,17:00,27
14.11.2022,17:15,27
14.11.2022,17:30,27
14.11.2022,17:45,27
14.11.2022,18:00,27
14.11.2022,18:15,27
14.11.2022,18:30,27
14.11.2022,18:45,27
14.11.2022,19:00,27
14.11.2022,19:15,27
14.11.2022,19:30,27
14.11.2022,19:45,27
14.11.2022,20:00,27
14.11.2022,20:15,27
14.11.2022,20:30,27
14.11.2022,20:45,27
14.11.2022,21:00,27
14.11.2022,21:15,27
14.11.2022,21:30,27
14.11.2022,21:45,27
14.11.2022,22:00,27
14.11.2022,22:15,27
14.11.2022,22:30,27
14.11.2022,22:45,27
14.11.2022,23:00,27
14.11.2022,23:15,27
14.11.2022,23:30,27
14.11.2022,23:45,27
15.11.2022,00:00,27
15.11.2022,00:15,27
15.11.2022,00:30,27
15.11.2022,00:45,27
15.11.2022,01:00,27
15.11.2022,01:15,27
15.11.2022,01:30,27
15.11.2022,01:45,27
15.11.2022,02:00,27
15.11.2022,02:15,27
15.11.2022,02:30,27
15.11.2022,02:45,27
15.11.2022,03:00,27
15.11.2022,03:15,27
15.11.2022,03:30,27
15.11.2022,03:45,27
15.11.2022,04:00,27
15.11.2022,04:15,27
15.11.2022,04:30,27
15.11.2022,04:45,27
15.11.2022,05:00,27
15.11.2022,05:15,27
15.11.2022,05:30,27
15.11.2022,05:45,27
15.11.2022,06:00,27
15.11.2022,06:15,27
15.11.2022,06:30,27
15.11.2022,06:45,27
15.11.2022,07:00,27
15.11.2022,07:15,27
15.11.2022,07:30,27
15.11.2022,07:45,27
15.11.2022,08:00,27
15.11.2022,08:15,27
15.11.2022,08:30,27
15.11.2022,08:45,27
15.11.2022,09:00,27
15.11.2022,09:15,27
15.11.2022,09:30,27
15.11.2022,09:45,27
15.11.2022,10:00,27
15.11.2022,10:15,27
15.11.2022,10:30,27
15.11.2022,10:45,27
15.11.2022,11:00,27
15.11.2022,11:15,27
15.11.2022,11:30,27
15.11.2022,11:45,27
15.11.2022,12:00,27
15.11.2022,12:15,27
15.11.2022,12:30,27
15.11.2022,12:45,27
15.11.2022,13:00,27
15.11.2022,13:15,27
15.11.2022,13:30,27
15.11.2022,13:45,27
15.11.2022,14:00,27
15.11.2022,14:15,27
15.11.2022,14:30,27
15.11.2022,14:45,27
15.11.2022,15:00,27
15.11.2022,15:15,27
15.11.2022,15:30,27
15.11.2022,15:45,27
15.11.2022,16:00,27
15.11.2022,16:15,27
15.11.2022,16:30,27
15.11.2022,16:45,27
15.11.2022,17:00,27
15.11.2022,17:15,27
15.11.2022,17:30,27
15.11.2022,17:45,27
15.11.2022,18:00,27
15.11.2022,18:15,27
15.11.2022,18:30,27
15.11.2022,18:45,27
15.11.2022,19:00,27
15.11.2022,19:15,27
15.11.2022,19:30,27
15.11.2022,19:45,27
15.11.2022,20:00,27
15.11.2022,20:15,27
15.11.2022,20:30,27
15.11.2022,20:45,27
15.11.2022,21:00,27
15.11.2022,21:15,27
15.11.2022,21:30,27
15.11.2022,21:45,27
15.11.2022,22:00,27
15.11.2022,22:15,27
15.11.2022,22:30,27
15.11.2022,22:45,27
15.11.2022,23:00,27
15.11.2022,23:15,27
15.11.2022,23:30,27
15.11.2022,23:45,27
16.11.2022,00:00,27
16.11.2022,00:15,27
16.11.2022,00:30,27
16.11.2022,00:45,27
16.11.2022,01:00,27
16.11.2022,01:15,27
16.11.2022,01:30,27
16.11.2022,01:45,28
16.11.2022,02:00,28
16.11.2022,02:15,28
16.11.2022,02:30,28
16.11.2022,02:45,28
16.11.2022,03:00,28
16.11.2022,03:15,28
16.11.2022,03:30,29
16.11.2022,03:45,29
16.11.2022,04:00,29
16.11.2022,04:15,29
16.11.2022,04:30,29
16.11.2022,04:45,29
16.11.2022,05:00,29
16.11.2022,05:15,30
16.11.2022,05:30,30
16.11.2022,05:45,30
16.11.2022,06:00,31
16.11.2022,06:15,31
16.11.2022,06:30,31
16.11.2022,06:45,31
16.11.2022,07:00,32
16.11.2022,07:15,32
16.11.2022,07:30,32
16.11.2022,07:45,32
16.11.2022,08:00,32
16.11.2022,08:15,33
16.11.2022,08:30,33
16.11.2022,08:45,33
16.11.2022,09:00,33
16.11.2022,09:15,33
16.11.2022,09:30,34
16.11.2022,09:45,34
16.11.2022,10:00,34
16.11.2022,10:15,34
16.11.2022,10:30,34
16.11.2022,10:45,34
16.11.2022,11:00,34
16.11.2022,11:15,34
16.11.2022,11:30,34
16.11.2022,11:45,34
16.11.2022,12:00,34
16.11.2022,12:15,34
16.11.2022,12:30,34
16.11.2022,12:45,34
16.11.2022,13:00,34
16.11.2022,13:15,34
16.11.2022,13:30,34
16.11.2022,13:45,34
16.11.2022,14:00,34
16.11.2022,14:15,33
16.11.2022,14:30,33
16.11.2022,14:45,33
16.11.2022,15:00,33
16.11.2022,15:15,33
16.11.2022,15:30,33
16.11.2022,15:45,33
16.11.2022,16:00,33
16.11.2022,16:15,33
16.11.2022,16:30,33
16.11.2022,16:45,33
16.11.2022,17:00,33
16.11.2022,17:15,33
16.11.2022,17:30,33
16.11.2022,17:45,33
16.11.2022,18:00,33
16.11.2022,18:15,33
16.11.2022,18:30,33
16.11.2022,18:45,33
16.11.2022,19:00,33
16.11.2022,19:15,33
16.11.2022,19:30,33
16.11.2022,19:45,33
16.11.2022,20:00,33
16.11.2022,20:15,33
16.11.2022,20:30,33
16.11.2022,20:45,33
16.11.2022,21:00,33
16.11.2022,21:15,33
16.11.2022,21:30,33
16.11.2022,21:45,33
16.11.2022,22:00,33
16.11.2022,22:15,33
16.11.2022,22:30,33
16.11.2022,22:45,33
16.11.2022,23:00,34
16.11.2022,23:15,34
16.11.2022,23:30,34
16.11.2022,23:45,34
17.11.2022,00:00,34
17.11.2022,00:15,34
17.11.2022,00:30,34
17.11.2022,00:45,34
17.11.2022,01:00,34
17.11.2022,01:15,34
17.11.2022,01:30,34
17.11.2022,01:45,35
17.11.2022,02:00,35
17.11.2022,02:15,35
17.11.2022,02:30,35
17.11.2022,02:45,35
17.11.2022,03:00,36
17.11.2022,03:15,36
17.11.2022,03:30,36
17.11.2022,03:45,36
17.11.2022,04:00,36
17.11.2022,04:15,37
17.11.2022,04:30,37
17.11.2022,04:45,37
17.11.2022,05:00,38
17.11.2022,05:15,38
17.11.2022,05:30,38
17.11.2022,05:45,39
17.11.2022,06:00,39
17.11.2022,06:15,39
17.11.2022,06:30,40
17.11.2022,06:45,40
17.11.2022,07:00,40
17.11.2022,07:15,41
17.11.2022,07:30,41
17.11.2022,07:45,42
17.11.2022,08:00,42
17.11.2022,08:15,42
17.11.2022,08:30,43
17.11.2022,08:45,43
17.11.2022,09:00,43
17.11.2022,09:15,44
17.11.2022,09:30,44
17.11.2022,09:45,45
17.11.2022,10:00,45
17.11.2022,10:15,46
17.11.2022,10:30,47
17.11.2022,10:45,48
17.11.2022,11:00,49
17.11.2022,11:15,51
17.11.2022,11:30,52
17.11.2022,11:45,53
17.11.2022,12:00,53
17.11.2022,12:15,54
17.11.2022,12:30,54
17.11.2022,12:45,54
17.11.2022,13:00,55
17.11.2022,13:15,55
17.11.2022,13:30,55
17.11.2022,13:45,54
17.11.2022,14:00,54
17.11.2022,14:15,54
17.11.2022,14:30,54
17.11.2022,14:45,54
17.11.2022,15:00,53
17.11.2022,15:15,53
17.11.2022,15:30,53
17.11.2022,15:45,53
17.11.2022,16:00,52
17.11.2022,16:15,52
17.11.2022,16:30,52
17.11.2022,16:45,52
17.11.2022,17:00,52
17.11.2022,17:15,52
17.11.2022,17:30,51
17.11.2022,17:45,51
17.11.2022,18:00,51
17.11.2022,18:15,51
17.11.2022,18:30,51
17.11.2022,18:45,51
17.11.2022,19:00,51
17.11.2022,19:15,51
17.11.2022,19:30,51
17.11.2022,19:45,51
17.11.2022,20:00,51
17.11.2022,20:15,51
17.11.2022,20:30,51
17.11.2022,20:45,51
17.11.2022,21:00,51
17.11.2022,21:15,51
17.11.2022,21:30,51
17.11.2022,21:45,51
17.11.2022,22:00,51
17.11.2022,22:15,51
17.11.2022,22:30,51
17.11.2022,22:45,51
17.11.2022,23:00,51
17.11.2022,23:15,50
17.11.2022,23:30,50
17.11.2022,23:45,50
18.11.2022,00:00,50
18.11.2022,00:15,50
18.11.2022,00:30,50
18.11.2022,00:45,50
18.11.2022,01:00,50
18.11.2022,01:15,50
18.11.2022,01:30,50
18.11.2022,01:45,50
18.11.2022,02:00,50
18.11.2022,02:15,49
18.11.2022,02:30,49
18.11.2022,02:45,49
18.11.2022,03:00,49
18.11.2022,03:15,49
18.11.2022,03:30,49
18.11.2022,03:45,49
18.11.2022,04:00,49
18.11.2022,04:15,49
18.11.2022,04:30,49
18.11.2022,04:45,49
18.11.2022,05:00,49
18.11.2022,05:15,49
18.11.2022,05:30,48
18.11.2022,05:45,48
18.11.2022,06:00,48
18.11.2022,06:15,48
18.11.2022,06:30,48
18.11.2022,06:45,48
18.11.2022,07:00,48
18.11.2022,07:15,48
18.11.2022,07:30,48
18.11.2022,07:45,48
18.11.2022,08:00,48
18.11.2022,08:15,48
18.11.2022,08:30,48
18.11.2022,08:45,48
18.11.2022,09:00,47
18.11.2022,09:15,47
18.11.2022,09:30,47
18.11.2022,09:45,47
18.11.2022,10:00,47
18.11.2022,10:15,47
18.11.2022,10:30,47
18.11.2022,10:45,47
18.11.2022,11:00,47
18.11.2022,11:15,47
18.11.2022,11:30,47
18.11.2022,11:45,47
18.11.2022,12:00,47
18.11.2022,12:15,47
18.11.2022,12:30,46
18.11.2022,12:45,46
18.11.2022,13:00,46
18.11.2022,13:15,46
18.11.2022,13:30,46
18.11.2022,13:45,46
18.11.2022,14:00,46
18.11.2022,14:15,46
18.11.2022,14:30,46
18.11.2022,14:45,46
18.11.2022,15:00,46
18.11.2022,15:15,46
18.11.2022,15:30,46
18.11.2022,15:45,46
18.11.2022,16:00,45
18.11.2022,16:15,45
18.11.2022,16:30,45
18.11.2022,16:45,45
18.11.2022,17:00,45
18.11.2022,17:15,45
18.11.2022,17:30,45
18.11.2022,17:45,45
18.11.2022,18:00,45
18.11.2022,18:15,45
18.11.2022,18:30,45
18.11.2022,18:45,45
18.11.2022,19:00,45
18.11.2022,19:15,45
18.11.2022,19:30,45
18.11.2022,19:45,45
18.11.2022,20:00,45
18.11.2022,20:15,45
18.11.2022,20:30,45
18.11.2022,20:45,45
18.11.2022,21:00,45
18.11.2022,21:15,45
18.11.2022,21:30,45
18.11.2022,21:45,45
18.11.2022,22:00,45
18.11.2022,22:15,44
18.11.2022,22:30,44
18.11.2022,22:45,44
18.11.2022,23:00,44
18.11.2022,23:15,44
18.11.2022,23:30,44
18.11.2022,23:45,44
19.11.2022,00:00,44
19.11.2022,00:15,44
19.11.2022,00:30,44
19.11.2022,00:45,44
19.11.2022,01:00,44
19.11.2022,01:15,44
19.11.2022,01:30,44
19.11.2022,01:45,44
19.11.2022,02:00,44
19.11.2022,02:15,44
19.11.2022,02:30,44
19.11.2022,02:45,44
19.11.2022,03:00,44
19.11.2022,03:15,44
19.11.2022,03:30,44
19.11.2022,03:45,44
19.11.2022,04:00,44
19.11.2022,04:15,44
19.11.2022,04:30,44
19.11.2022,04:45,43
19.11.2022,05:00,43
19.11.2022,05:15,43
19.11.2022,05:30,43
19.11.2022,05:45,43
19.11.2022,06:00,43
19.11.2022,06:15,43
19.11.2022,06:30,43
19.11.2022,06:45,43
19.11.2022,07:00,43
19.11.2022,07:15,43
19.11.2022,07:30,43
19.11.2022,07:45,43
19.11.2022,08:00,43
19.11.2022,08:15,43
19.11.2022,08:30,43
19.11.2022,08:45,43
19.11.2022,09:00,43
19.11.2022,09:15,43
19.11.2022,09:30,43
19.11.2022,09:45,43
19.11.2022,10:00,43
19.11.2022,10:15,43
19.11.2022,10:30,43
19.11.2022,10:45,43
19.11.2022,11:00,43
19.11.2022,11:15,43
19.11.2022,11:30,43
19.11.2022,11:45,43
19.11.2022,12:00,43
19.11.2022,12:15,43
19.11.2022,12:30,43
19.11.2022,12:45,43
19.11.2022,13:00,43
19.11.2022,13:15,43
19.11.2022,13:30,43
19.11.2022,13:45,42
19.11.2022,14:00,42
19.11.2022,14:15,42
19.11.2022,14:30,42
19.11.2022,14:45,42
19.11.2022,15:00,42
19.11.2022,15:15,42
19.11.2022,15:30,42
19.11.2022,15:45,42
19.11.2022,16:00,43
19.11.2022,16:15,43
19.11.2022,16:30,43
19.11.2022,16:45,43
19.11.2022,17:00,43
19.11.2022,17:15,43
19.11.2022,17:30,43
19.11.2022,17:45,43
19.11.2022,18:00,43
19.11.2022,18:15,43
19.11.2022,18:30,43
19.11.2022,18:45,43
19.11.2022,19:00,44
19.11.2022,19:15,44
19.11.2022,19:30,44
19.11.2022,19:45,44
19.11.2022,20:00,44
19.11.2022,20:15,44
19.11.2022,20:30,44
19.11.2022,20:45,44
19.11.2022,21:00,44
19.11.2022,21:15,44
19.11.2022,21:30,44
19.11.2022,21:45,44
19.11.2022,22:00,44
19.11.2022,22:15,44
19.11.2022,22:30,44
19.11.2022,22:45,44
19.11.2022,23:00,44
19.11.2022,23:15,45
19.11.2022,23:30,45
19.11.2022,23:45,45
20.11.2022,00:00,45
20.11.2022,00:15,45
20.11.2022,00:30,45
20.11.2022,00:45,45
20.11.2022,01:00,45
20.11.2022,01:15,45
20.11.2022,01:30,45
20.11.2022,01:45,45
20.11.2022,02:00,45
20.11.2022,02:15,45
20.11.2022,02:30,45
20.11.2022,02:45,45
20.11.2022,03:00,45
20.11.2022,03:15,45
20.11.2022,03:30,45
20.11.2022,03:45,45
20.11.2022,04:00,45
20.11.2022,04:15,45
20.11.2022,04:30,45
20.11.2022,04:45,45
20.11.2022,05:00,45
20.11.2022,05:15,45
20.11.2022,05:30,44
20.11.2022,05:45,44
20.11.2022,06:00,44
20.11.2022,06:15,44
20.11.2022,06:30,44
20.11.2022,06:45,44
20.11.2022,07:00,44
20.11.2022,07:15,44
20.11.2022,07:30,44
20.11.2022,07:45,44
20.11.2022,08:00,44
20.11.2022,08:15,44
20.11.2022,08:30,44
20.11.2022,08:45,44
20.11.2022,09:00,44
20.11.2022,09:15,44
20.11.2022,09:30,44
20.11.2022,09:45,44
20.11.2022,10:00,44
20.11.2022,10:15,44
20.11.2022,10:30,44
20.11.2022,10:45,44
20.11.2022,11:00,44
20.11.2022,11:15,44
20.11.2022,11:30,44
20.11.2022,11:45,44
20.11.2022,12:00,44
20.11.2022,12:15,44
20.11.2022,12:30,44
20.11.2022,12:45,44
20.11.2022,13:00,44
20.11.2022,13:15,44
20.11.2022,13:30,44
20.11.2022,13:45,44
20.11.2022,14:00,43
20.11.2022,14:15,43
20.11.2022,14:30,43
20.11.2022,14:45,43
20.11.2022,15:00,43
20.11.2022,15:15,43
20.11.2022,15:30,43
20.11.2022,15:45,43
20.11.2022,16:00,43
20.11.2022,16:15,43
20.11.2022,16:30,43
20.11.2022,16:45,43
20.11.2022,17:00,43
20.11.2022,17:15,43
20.11.2022,17:30,43
20.11.2022,17:45,43
20.11.2022,18:00,43
20.11.2022,18:15,43
20.11.2022,18:30,43
20.11.2022,18:45,44
20.11.2022,19:00,44
20.11.2022,19:15,44
20.11.2022,19:30,44
20.11.2022,19:45,44
20.11.2022,20:00,44
20.11.2022,20:15,44
20.11.2022,20:30,44
20.11.2022,20:45,44
20.11.2022,21:00,45
20.11.2022,21:15,45
20.11.2022,21:30,45
20.11.2022,21:45,45
20.11.2022,22:00,45
20.11.2022,22:15,46
20.11.2022,22:30,46
20.11.2022,22:45,46
20.11.2022,23:00,47
20.11.2022,23:15,47
20.11.2022,23:30,48
20.11.2022,23:45,49
21.11.2022,00:00,50
21.11.2022,00:15,51
21.11.2022,00:30,52
21.11.2022,00:45,53
21.11.2022,01:00,54
21.11.2022,01:15,55
21.11.2022,01:30,56
21.11.2022,01:45,57
21.11.2022,02:00,57
21.11.2022,02:15,58
21.11.2022,02:30,58
21.11.2022,02:45,59
21.11.2022,03:00,59
21.11.2022,03:15,59
21.11.2022,03:30,59
21.11.2022,03:45,59
21.11.2022,04:00,60
21.11.2022,04:15,60
21.11.2022,04:30,59
21.11.2022,04:45,59
21.11.2022,05:00,59
21.11.2022,05:15,59
21.11.2022,05:30,59
21.11.2022,05:45,59
21.11.2022,06:00,59
21.11.2022,06:15,59
21.11.2022,06:30,59
21.11.2022,06:45,59
21.11.2022,07:00,59
21.11.2022,07:15,59
21.11.2022,07:30,59
21.11.2022,07:45,59
21.11.2022,08:00,59
21.11.2022,08:15,59
21.11.2022,08:30,59
21.11.2022,08:45,58
21.11.2022,09:00,58
21.11.2022,09:15,58
21.11.2022,09:30,58
21.11.2022,09:45,58
21.11.2022,10:00,58
21.11.2022,10:15,58
21.11.2022,10:30,58
21.11.2022,10:45,58
21.11.2022,11:00,58
21.11.2022,11:15,58
21.11.2022,11:30,58
21.11.2022,11:45,58
21.11.2022,12:00,58
21.11.2022,12:15,58
21.11.2022,12:30,58
21.11.2022,12:45,58
21.11.2022,13:00,58
21.11.2022,13:15,58
21.11.2022,13:30,58
21.11.2022,13:45,58
21.11.2022,14:00,57
21.11.2022,14:15,57
21.11.2022,14:30,57
21.11.2022,14:45,57
21.11.2022,15:00,57
21.11.2022,15:15,57
21.11.2022,15:30,57
21.11.2022,15:45,57
21.11.2022,16:00,57
21.11.2022,16:15,57
21.11.2022,16:30,57
21.11.2022,16:45,57
21.11.2022,17:00,56
21.11.2022,17:15,56
21.11.2022,17:30,56
21.11.2022,17:45,56
21.11.2022,18:00,56
21.11.2022,18:15,56
21.11.2022,18:30,56
21.11.2022,18:45,56
21.11.2022,19:00,56
21.11.2022,19:15,56
21.11.2022,19:30,56
21.11.2022,19:45,55
21.11.2022,20:00,55
21.11.2022,20:15,55
21.11.2022,20:30,55
21.11.2022,20:45,55
21.11.2022,21:00,55
21.11.2022,21:15,55
21.11.2022,21:30,55
21.11.2022,21:45,55
21.11.2022,22:00,55
21.11.2022,22:15,55
21.11.2022,22:30,54
21.11.2022,22:45,54
21.11.2022,23:00,54
21.11.2022,23:15,54
21.11.2022,23:30,54
21.11.2022,23:45,54
22.11.2022,00:00,54
22.11.2022,00:15,54
22.11.2022,00:30,54
22.11.2022,00:45,54
22.11.2022,01:00,54
22.11.2022,01:15,54
22.11.2022,01:30,54
22.11.2022,01:45,54
22.11.2022,02:00,54
22.11.2022,02:15,54
22.11.2022,02:30,54
22.11.2022,02:45,54
22.11.2022,03:00,54
22.11.2022,03:15,54
22.11.2022,03:30,54
22.11.2022,03:45,54
22.11.2022,04:00,53
22.11.2022,04:15,53
22.11.2022,04:30,53
22.11.2022,04:45,53
22.11.2022,05:00,53
22.11.2022,05:15,53
22.11.2022,05:30,53
22.11.2022,05:45,53
22.11.2022,06:00,53
22.11.2022,06:15,53
22.11.2022,06:30,53
22.11.2022,06:45,53
22.11.2022,07:00,53
22.11.2022,07:15,53
22.11.2022,07:30,53
22.11.2022,07:45,52
22.11.2022,08:00,52
22.11.2022,08:15,52
22.11.2022,08:30,52
22.11.2022,08:45,52
22.11.2022,09:00,52
22.11.2022,09:15,52
22.11.2022,09:30,52
22.11.2022,09:45,52
22.11.2022,10:00,52
22.11.2022,10:15,52
22.11.2022,10:30,51
22.11.2022,10:45,51
22.11.2022,11:00,51
22.11.2022,11:15,51
22.11.2022,11:30,51
22.11.2022,11:45,51
22.11.2022,12:00,51
22.11.2022,12:15,51
22.11.2022,12:30,51
22.11.2022,12:45,51
22.11.2022,13:00,51
22.11.2022,13:15,51
22.11.2022,13:30,51
22.11.2022,13:45,51
22.11.2022,14:00,50
22.11.2022,14:15,50
22.11.2022,14:30,50
22.11.2022,14:45,50
22.11.2022,15:00,50
22.11.2022,15:15,50
22.11.2022,15:30,50
22.11.2022,15:45,50
22.11.2022,16:00,50
22.11.2022,16:15,50
22.11.2022,16:30,50
22.11.2022,16:45,50
22.11.2022,17:00,50
22.11.2022,17:15,50
22.11.2022,17:30,50
22.11.2022,17:45,50
22.11.2022,18:00,50
22.11.2022,18:15,50
22.11.2022,18:30,50
22.11.2022,18:45,50
22.11.2022,19:00,50
22.11.2022,19:15,50
22.11.2022,19:30,51
22.11.2022,19:45,51
22.11.2022,20:00,51
22.11.2022,20:15,51
22.11.2022,20:30,51
22.11.2022,20:45,51
22.11.2022,21:00,52
22.11.2022,21:15,52
22.11.2022,21:30,52
22.11.2022,21:45,52
22.11.2022,22:00,52
22.11.2022,22:15,52
22.11.2022,22:30,52
22.11.2022,22:45,52
22.11.2022,23:00,52
22.11.2022,23:15,52
22.11.2022,23:30,52
22.11.2022,23:45,52
23.11.2022,00:00,52
23.11.2022,00:15,52
23.11.2022,00:30,52
23.11.2022,00:45,52
23.11.2022,01:00,52
23.11.2022,01:15,52
23.11.2022,01:30,52
23.11.2022,01:45,52
23.11.2022,02:00,52
23.11.2022,02:15,52
23.11.2022,02:30,52
23.11.2022,02:45,52
23.11.2022,03:00,52
23.11.2022,03:15,52
23.11.2022,03:30,52
23.11.2022,03:45,52
23.11.2022,04:00,51
23.11.2022,04:15,51
23.11.2022,04:30,51
23.11.2022,04:45,51
23.11.2022,05:00,51
23.11.2022,05:15,51
23.11.2022,05:30,51
23.11.2022,05:45,51
23.11.2022,06:00,51
23.11.2022,06:15,51
23.11.2022,06:30,51
23.11.2022,06:45,51
23.11.2022,07:00,51
23.11.2022,07:15,51
23.11.2022,07:30,51
23.11.2022,07:45,51
23.11.2022,08:00,51
23.11.2022,08:15,51
23.11.2022,08:30,51
23.11.2022,08:45,50
23.11.2022,09:00,50
23.11.2022,09:15,50
23.11.2022,09:30,50
23.11.2022,09:45,50
23.11.2022,10:00,50
23.11.2022,10:15,50
23.11.2022,10:30,50
23.11.2022,10:45,50
23.11.2022,11:00,50
23.11.2022,11:15,50
23.11.2022,11:30,50
23.11.2022,11:45,50
23.11.2022,12:00,50
23.11.2022,12:15,50
23.11.2022,12:30,50
23.11.2022,12:45,50
23.11.2022,13:00,50
23.11.2022,13:15,50
23.11.2022,13:30,49
23.11.2022,13:45,49
23.11.2022,14:00,49
23.11.2022,14:15,49
23.11.2022,14:30,49
23.11.2022,14:45,49
23.11.2022,15:00,49
23.11.2022,15:15,49
23.11.2022,15:30,49
23.11.2022,15:45,49
23.11.2022,16:00,49
23.11.2022,16:15,49
23.11.2022,16:30,49
23.11.2022,16:45,49
23.11.2022,17:00,49
23.11.2022,17:15,49
23.11.2022,17:30,49
23.11.2022,17:45,49
23.11.2022,18:00,49
23.11.2022,18:15,49
23.11.2022,18:30,49
23.11.2022,18:45,49
23.11.2022,19:00,49
23.11.2022,19:15,49
23.11.2022,19:30,49
23.11.2022,19:45,50
23.11.2022,20:00,50
23.11.2022,20:15,50
23.11.2022,20:30,50
23.11.2022,20:45,50
23.11.2022,21:00,50
23.11.2022,21:15,50
23.11.2022,21:30,50
23.11.2022,21:45,50
23.11.2022,22:00,50
23.11.2022,22:15,50
23.11.2022,22:30,50
23.11.2022,22:45,50
23.11.2022,23:00,50
23.11.2022,23:15,50
23.11.2022,23:30,50
23.11.2022,23:45,50
24.11.2022,00:00,50
24.11.2022,00:15,50
24.11.2022,00:30,50
24.11.2022,00:45,50
24.11.2022,01:00,50
24.11.2022,01:15,50
24.11.2022,01:30,50
24.11.2022,01:45,49
24.11.2022,02:00,49
24.11.2022,02:15,49
24.11.2022,02:30,49
24.11.2022,02:45,49
24.11.2022,03:00,49
24.11.2022,03:15,49
24.11.2022,03:30,49
24.11.2022,03:45,49
24.11.2022,04:00,49
24.11.2022,04:15,49
24.11.2022,04:30,49
24.11.2022,04:45,49
24.11.2022,05:00,49
24.11.2022,05:15,49
24.11.2022,05:30,49
24.11.2022,05:45,48
24.11.2022,06:00,48
24.11.2022,06:15,48
24.11.2022,06:30,48
24.11.2022,06:45,48
24.11.2022,07:00,48
24.11.2022,07:15,48
24.11.2022,07:30,48
24.11.2022,07:45,48
24.11.2022,08:00,48
24.11.2022,08:15,48
24.11.2022,08:30,49
24.11.2022,08:45,49
24.11.2022,09:00,49
24.11.2022,09:15,49
24.11.2022,09:30,49
24.11.2022,09:45,49
24.11.2022,10:00,49
24.11.2022,10:15,49
24.11.2022,10:30,49
24.11.2022,10:45,49
24.11.2022,11:00,49
24.11.2022,11:15,49
24.11.2022,11:30,49
24.11.2022,11:45,49
24.11.2022,12:00,49
24.11.2022,12:15,49
24.11.2022,12:30,49
24.11.2022,12:45,49
24.11.2022,13:00,49
24.11.2022,13:15,49
24.11.2022,13:30,49
24.11.2022,13:45,49
24.11.2022,14:00,49
24.11.2022,14:15,49
24.11.2022,14:30,49
24.11.2022,14:45,49
24.11.2022,15:00,48
24.11.2022,15:15,48
24.11.2022,15:30,48
24.11.2022,15:45,48
24.11.2022,16:00,48
24.11.2022,16:15,48
24.11.2022,16:30,48
24.11.2022,16:45,48
24.11.2022,17:00,48
24.11.2022,17:15,48
24.11.2022,17:30,48
24.11.2022,17:45,48
24.11.2022,18:00,48
24.11.2022,18:15,48
24.11.2022,18:30,48
24.11.2022,18:45,48
24.11.2022,19:00,48
24.11.2022,19:15,48
24.11.2022,19:30,48
24.11.2022,19:45,48
24.11.2022,20:00,48
24.11.2022,20:15,48
24.11.2022,20:30,47
24.11.2022,20:45,47
24.11.2022,21:00,47
24.11.2022,21:15,47
24.11.2022,21:30,47
24.11.2022,21:45,47
24.11.2022,22:00,47
24.11.2022,22:15,47
24.11.2022,22:30,47
24.11.2022,22:45,47
24.11.2022,23:00,47
24.11.2022,23:15,47
24.11.2022,23:30,47
24.11.2022,23:45,47
25.11.2022,00:00,47
25.11.2022,00:15,47
25.11.2022,00:30,47
25.11.2022,00:45,47
25.11.2022,01:00,47
25.11.2022,01:15,47
25.11.2022,01:30,47
25.11.2022,01:45,47
25.11.2022,02:00,47
25.11.2022,02:15,47
25.11.2022,02:30,47
25.11.2022,02:45,46
25.11.2022,03:00,46
25.11.2022,03:15,46
25.11.2022,03:30,46
25.11.2022,03:45,46
25.11.2022,04:00,46
25.11.2022,04:15,46
25.11.2022,04:30,46
25.11.2022,04:45,46
25.11.2022,05:00,46
25.11.2022,05:15,46
25.11.2022,05:30,46
25.11.2022,05:45,46
25.11.2022,06:00,46
25.11.2022,06:15,46
25.11.2022,06:30,46
25.11.2022,06:45,46
25.11.2022,07:00,46
25.11.2022,07:15,46
25.11.2022,07:30,46
25.11.2022,07:45,46
25.11.2022,08:00,46
25.11.2022,08:15,46
25.11.2022,08:30,47
25.11.2022,08:45,47
25.11.2022,09:00,47
25.11.2022,09:15,47
25.11.2022,09:30,47
25.11.2022,09:45,47
25.11.2022,10:00,47
25.11.2022,10:15,47
25.11.2022,10:30,47
25.11.2022,10:45,47
25.11.2022,11:00,47
25.11.2022,11:15,47
25.11.2022,11:30,47
25.11.2022,11:45,47
25.11.2022,12:00,47
25.11.2022,12:15,47
25.11.2022,12:30,47
25.11.2022,12:45,47
25.11.2022,13:00,47
25.11.2022,13:15,47
25.11.2022,13:30,47
25.11.2022,13:45,47
25.11.2022,14:00,47
25.11.2022,14:15,47
25.11.2022,14:30,47
25.11.2022,14:45,47
25.11.2022,15:00,47
25.11.2022,15:15,47
25.11.2022,15:30,47
25.11.2022,15:45,46
25.11.2022,16:00,46
25.11.2022,16:15,46
25.11.2022,16:30,46
25.11.2022,16:45,46
25.11.2022,17:00,46
25.11.2022,17:15,46
25.11.2022,17:30,46
25.11.2022,17:45,46
25.11.2022,18:00,46
25.11.2022,18:15,46
25.11.2022,18:30,46
25.11.2022,18:45,46
25.11.2022,19:00,46
25.11.2022,19:15,46
25.11.2022,19:30,46
25.11.2022,19:45,45
25.11.2022,20:00,45
25.11.2022,20:15,45
25.11.2022,20:30,45
25.11.2022,20:45,45
25.11.2022,21:00,45
25.11.2022,21:15,45
25.11.2022,21:30,45
25.11.2022,21:45,45
25.11.2022,22:00,45
25.11.2022,22:15,45
25.11.2022,22:30,45
25.11.2022,22:45,45
25.11.2022,23:00,45
25.11.2022,23:15,45
25.11.2022,23:30,45
25.11.2022,23:45,45
26.11.2022,00:00,45
26.11.2022,00:15,45
26.11.2022,00:30,45
26.11.2022,00:45,45
26.11.2022,01:00,45
26.11.2022,01:15,45
26.11.2022,01:30,45
26.11.2022,01:45,45
26.11.2022,02:00,44
26.11.2022,02:15,45
26.11.2022,02:30,44
26.11.2022,02:45,44
26.11.2022,03:00,44
26.11.2022,03:15,44
26.11.2022,03:30,44
26.11.2022,03:45,44
26.11.2022,04:00,44
26.11.2022,04:15,44
26.11.2022,04:30,44
26.11.2022,04:45,44
26.11.2022,05:00,44
26.11.2022,05:15,44
26.11.2022,05:30,44
26.11.2022,05:45,44
26.11.2022,06:00,44
26.11.2022,06:15,44
26.11.2022,06:30,44
26.11.2022,06:45,44
26.11.2022,07:00,44
26.11.2022,07:15,44
26.11.2022,07:30,44
26.11.2022,07:45,44
26.11.2022,08:00,44
26.11.2022,08:15,44
26.11.2022,08:30,44
26.11.2022,08:45,44
26.11.2022,09:00,44
26.11.2022,09:15,43
26.11.2022,09:30,43
26.11.2022,09:45,43
26.11.2022,10:00,43
26.11.2022,10:15,43
26.11.2022,10:30,43
26.11.2022,10:45,43
26.11.2022,11:00,43
26.11.2022,11:15,43
26.11.2022,11:30,43
26.11.2022,11:45,43
26.11.2022,12:00,43
26.11.2022,12:15,43
26.11.2022,12:30,43
26.11.2022,12:45,43
26.11.2022,13:00,43
26.11.2022,13:15,43
26.11.2022,13:30,43
26.11.2022,13:45,43
26.11.2022,14:00,43
26.11.2022,14:15,43
26.11.2022,14:30,43
26.11.2022,14:45,43
26.11.2022,15:00,43
26.11.2022,15:15,43
26.11.2022,15:30,43
26.11.2022,15:45,43
26.11.2022,16:00,43
26.11.2022,16:15,42
26.11.2022,16:30,42
26.11.2022,16:45,42
26.11.2022,17:00,42
26.11.2022,17:15,42
26.11.2022,17:30,42
26.11.2022,17:45,42
26.11.2022,18:00,42
26.11.2022,18:15,42
26.11.2022,18:30,42
26.11.2022,18:45,42
26.11.2022,19:00,42
26.11.2022,19:15,42
26.11.2022,19:30,42
26.11.2022,19:45,42
26.11.2022,20:00,42
26.11.2022,20:15,42
26.11.2022,20:30,42
26.11.2022,20:45,42
26.11.2022,21:00,42
26.11.2022,21:15,42
26.11.2022,21:30,42
26.11.2022,21:45,42
26.11.2022,22:00,42
26.11.2022,22:15,42
26.11.2022,22:30,42
26.11.2022,22:45,42
26.11.2022,23:00,42
26.11.2022,23:15,42
26.11.2022,23:30,42
26.11.2022,23:45,42
27.11.2022,00:00,42
27.11.2022,00:15,42
27.11.2022,00:30,42
27.11.2022,00:45,42
27.11.2022,01:00,42
27.11.2022,01:15,41
27.11.2022,01:30,41
27.11.2022,01:45,41
27.11.2022,02:00,41
27.11.2022,02:15,41
27.11.2022,02:30,41
27.11.2022,02:45,41
27.11.2022,03:00,41
27.11.2022,03:15,41
27.11.2022,03:30,41
27.11.2022,03:45,41
27.11.2022,04:00,41
27.11.2022,04:15,41
27.11.2022,04:30,41
27.11.2022,04:45,41
27.11.2022,05:00,41
27.11.2022,05:15,41
27.11.2022,05:30,41
27.11.2022,05:45,41
27.11.2022,06:00,41
27.11.2022,06:15,41
27.11.2022,06:30,41
27.11.2022,06:45,41
27.11.2022,07:00,41
27.11.2022,07:15,41
27.11.2022,07:30,41
27.11.2022,07:45,41
27.11.2022,08:00,41
27.11.2022,08:15,41
27.11.2022,08:30,41
27.11.2022,08:45,41
27.11.2022,09:00,41
27.11.2022,09:15,41
27.11.2022,09:30,41
27.11.2022,09:45,41
27.11.2022,10:00,41
27.11.2022,10:15,41
27.11.2022,10:30,41
27.11.2022,10:45,41
27.11.2022,11:00,41
27.11.2022,11:15,40
27.11.2022,11:30,40
27.11.2022,11:45,40
27.11.2022,12:00,40
27.11.2022,12:15,40
27.11.2022,12:30,40
27.11.2022,12:45,40
27.11.2022,13:00,40
27.11.2022,13:15,40
27.11.2022,13:30,40
27.11.2022,13:45,40
27.11.2022,14:00,40
27.11.2022,14:15,40
27.11.2022,14:30,40
27.11.2022,14:45,40
27.11.2022,15:00,40
27.11.2022,15:15,40
27.11.2022,15:30,40
27.11.2022,15:45,40
27.11.2022,16:00,40
27.11.2022,16:15,40
27.11.2022,16:30,40
27.11.2022,16:45,40
27.11.2022,17:00,40
27.11.2022,17:15,40
27.11.2022,17:30,40
27.11.2022,17:45,40
27.11.2022,18:00,40
27.11.2022,18:15,40
27.11.2022,18:30,40
27.11.2022,18:45,40
27.11.2022,19:00,40
27.11.2022,19:15,40
27.11.2022,19:30,40
27.11.2022,19:45,40
27.11.2022,20:00,40
27.11.2022,20:15,40
27.11.2022,20:30,40
27.11.2022,20:45,40
27.11.2022,21:00,40
27.11.2022,21:15,40
27.11.2022,21:30,40
27.11.2022,21:45,40
27.11.2022,22:00,40
27.11.2022,22:15,40
27.11.2022,22:30,40
27.11.2022,22:45,40
27.11.2022,23:00,39
27.11.2022,23:15,39
27.11.2022,23:30,39
27.11.2022,23:45,39
28.11.2022,00:00,39
28.11.2022,00:15,39
28.11.2022,00:30,39
28.11.2022,00:45,39
28.11.2022,01:00,39
28.11.2022,01:15,39
28.11.2022,01:30,39
28.11.2022,01:45,39
28.11.2022,02:00,39
28.11.2022,02:15,39
28.11.2022,02:30,39
28.11.2022,02:45,39
28.11.2022,03:00,40
28.11.2022,03:15,40
28.11.2022,03:30,40
28.11.2022,03:45,40
28.11.2022,04:00,40
28.11.2022,04:15,40
28.11.2022,04:30,40
28.11.2022,04:45,40
28.11.2022,05:00,40
28.11.2022,05:15,40
28.11.2022,05:30,40
28.11.2022,05:45,40
28.11.2022,06:00,40
28.11.2022,06:15,40
28.11.2022,06:30,40
28.11.2022,06:45,40
28.11.2022,07:00,40
28.11.2022,07:15,40
28.11.2022,07:30,40
28.11.2022,07:45,40
28.11.2022,08:00,40
28.11.2022,08:15,40
28.11.2022,08:30,40
28.11.2022,08:45,39
28.11.2022,09:00,39
28.11.2022,09:15,39
28.11.2022,09:30,39
28.11.2022,09:45,39
28.11.2022,10:00,39
28.11.2022,10:15,39
28.11.2022,10:30,39
28.11.2022,10:45,39
28.11.2022,11:00,39
28.11.2022,11:15,39
28.11.2022,11:30,39
28.11.2022,11:45,39
28.11.2022,12:00,39
28.11.2022,12:15,39
28.11.2022,12:30,39
28.11.2022,12:45,39
28.11.2022,13:00,39
28.11.2022,13:15,39
28.11.2022,13:30,39
28.11.2022,13:45,39
28.11.2022,14:00,39
28.11.2022,14:15,39
28.11.2022,14:30,39
28.11.2022,14:45,39
28.11.2022,15:00,39
28.11.2022,15:15,39
28.11.2022,15:30,39
28.11.2022,15:45,39
28.11.2022,16:00,39
28.11.2022,16:15,39
28.11.2022,16:30,39
28.11.2022,16:45,39
28.11.2022,17:00,39
28.11.2022,17:15,39
28.11.2022,17:30,39
28.11.2022,17:45,39
28.11.2022,18:00,39
28.11.2022,18:15,39
28.11.2022,18:30,39
28.11.2022,18:45,39
28.11.2022,19:00,39
28.11.2022,19:15,39
28.11.2022,19:30,39
28.11.2022,19:45,39
28.11.2022,20:00,39
28.11.2022,20:15,39
28.11.2022,20:30,38
28.11.2022,20:45,39
28.11.2022,21:00,38
28.11.2022,21:15,38
28.11.2022,21:30,38
28.11.2022,21:45,38
28.11.2022,22:00,38
28.11.2022,22:15,38
28.11.2022,22:30,38
28.11.2022,22:45,38
28.11.2022,23:00,38
28.11.2022,23:15,38
28.11.2022,23:30,38
28.11.2022,23:45,38
29.11.2022,00:00,38
29.11.2022,00:15,38
29.11.2022,00:30,38
29.11.2022,00:45,38
29.11.2022,01:00,38
29.11.2022,01:15,38
29.11.2022,01:30,38
29.11.2022,01:45,38
29.11.2022,02:00,38
29.11.2022,02:15,38
29.11.2022,02:30,38
29.11.2022,02:45,38
29.11.2022,03:00,38
29.11.2022,03:15,38
29.11.2022,03:30,38
29.11.2022,03:45,38
29.11.2022,04:00,38
29.11.2022,04:15,38
29.11.2022,04:30,38
29.11.2022,04:45,38
29.11.2022,05:00,38
29.11.2022,05:15,38
29.11.2022,05:30,38
29.11.2022,05:45,38
29.11.2022,06:00,38
29.11.2022,06:15,38
29.11.2022,06:30,38
29.11.2022,06:45,38
29.11.2022,07:00,38
29.11.2022,07:15,38
29.11.2022,07:30,38
29.11.2022,07:45,38
29.11.2022,08:00,38
29.11.2022,08:15,38
29.11.2022,08:30,37
29.11.2022,08:45,37
29.11.2022,09:00,37
29.11.2022,09:15,37
29.11.2022,09:30,37
29.11.2022,09:45,37
29.11.2022,10:00,37
29.11.2022,10:15,37
29.11.2022,10:30,37
29.11.2022,10:45,37
29.11.2022,11:00,37
29.11.2022,11:15,37
29.11.2022,11:30,37
29.11.2022,11:45,37
29.11.2022,12:00,37
29.11.2022,12:15,37
29.11.2022,12:30,37
29.11.2022,12:45,37
29.11.2022,13:00,37
29.11.2022,13:15,37
29.11.2022,13:30,37
29.11.2022,13:45,37
29.11.2022,14:00,37
29.11.2022,14:15,37
29.11.2022,14:30,37
29.11.2022,14:45,37
29.11.2022,15:00,37
29.11.2022,15:15,37
29.11.2022,15:30,37
29.11.2022,15:45,37
29.11.2022,16:00,37
29.11.2022,16:15,37
29.11.2022,16:30,37
29.11.2022,16:45,37
29.11.2022,17:00,37
29.11.2022,17:15,37
29.11.2022,17:30,37
29.11.2022,17:45,37
29.11.2022,18:00,37
29.11.2022,18:15,37
29.11.2022,18:30,37
29.11.2022,18:45,37
29.11.2022,19:00,37
29.11.2022,19:15,36
29.11.2022,19:30,36
29.11.2022,19:45,36
29.11.2022,20:00,36
29.11.2022,20:15,36
29.11.2022,20:30,36
29.11.2022,20:45,36
29.11.2022,21:00,36
29.11.2022,21:15,36
29.11.2022,21:30,36
29.11.2022,21:45,36
29.11.2022,22:00,36
29.11.2022,22:15,36
29.11.2022,22:30,36
29.11.2022,22:45,36
29.11.2022,23:00,36
29.11.2022,23:15,36
29.11.2022,23:30,36
29.11.2022,23:45,36
30.11.2022,00:00,36
30.11.2022,00:15,36
30.11.2022,00:30,36
30.11.2022,00:45,36
30.11.2022,01:00,36
30.11.2022,01:15,36
30.11.2022,01:30,36
30.11.2022,01:45,36
30.11.2022,02:00,36
30.11.2022,02:15,36
30.11.2022,02:30,36
30.11.2022,02:45,36
30.11.2022,03:00,36
30.11.2022,03:15,36
30.11.2022,03:30,36
30.11.2022,03:45,36
30.11.2022,04:00,36
30.11.2022,04:15,36
30.11.2022,04:30,36
30.11.2022,04:45,36
30.11.2022,05:00,36
30.11.2022,05:15,36
30.11.2022,05:30,36
30.11.2022,05:45,36
30.11.2022,06:00,36
30.11.2022,06:15,36
30.11.2022,06:30,36
30.11.2022,06:45,36
30.11.2022,07:00,36
30.11.2022,07:15,36
30.11.2022,07:30,36
30.11.2022,07:45,36
30.11.2022,08:00,36
30.11.2022,08:15,36
30.11.2022,08:30,36
30.11.2022,08:45,36
30.11.2022,09:00,36
30.11.2022,09:15,36
30.11.2022,09:30,36
30.11.2022,09:45,36
30.11.2022,10:00,36
30.11.2022,10:15,36
30.11.2022,10:30,35
30.11.2022,10:45,35
30.11.2022,11:00,35
30.11.2022,11:15,35
30.11.2022,11:30,35
30.11.2022,11:45,35
30.11.2022,12:00,35
30.11.2022,12:15,35
30.11.2022,12:30,35
30.11.2022,12:45,35
30.11.2022,13:00,35
30.11.2022,13:15,35
30.11.2022,13:30,35
30.11.2022,13:45,35
30.11.2022,14:00,35
30.11.2022,14:15,35
30.11.2022,14:30,35
30.11.2022,14:45,35
30.11.2022,15:00,35
30.11.2022,15:15,35
30.11.2022,15:30,35
30.11.2022,15:45,35
30.11.2022,16:00,35
30.11.2022,16:15,35
30.11.2022,16:30,35
30.11.2022,16:45,35
30.11.2022,17:00,35
30.11.2022,17:15,35
30.11.2022,17:30,35
30.11.2022,17:45,35
30.11.2022,18:00,35
30.11.2022,18:15,35
30.11.2022,18:30,35
30.11.2022,18:45,35
30.11.2022,19:00,35
30.11.2022,19:15,35
30.11.2022,19:30,35
30.11.2022,19:45,35
30.11.2022,20:00,35
30.11.2022,20:15,35
30.11.2022,20:30,35
30.11.2022,20:45,35
30.11.2022,21:00,35
30.11.2022,21:15,35
30.11.2022,21:30,35
30.11.2022,21:45,35
30.11.2022,22:00,35
30.11.2022,22:15,35
30.11.2022,22:30,35
30.11.2022,22:45,35
30.11.2022,23:00,35
30.11.2022,23:15,35
30.11.2022,23:30,35
30.11.2022,23:45,35
01.12.2022,00:00,35
01.12.2022,00:15,35
01.12.2022,00:30,35
01.12.2022,00:45,35
01.12.2022,01:00,35
01.12.2022,01:15,35
01.12.2022,01:30,35
01.12.2022,01:45,35
01.12.2022,02:00,35
01.12.2022,02:15,35
01.12.2022,02:30,35
01.12.2022,02:45,35
01.12.2022,03:00,35
01.12.2022,03:15,35
01.12.2022,03:30,35
01.12.2022,03:45,35
01.12.2022,04:00,35
01.12.2022,04:15,35
01.12.2022,04:30,35
01.12.2022,04:45,35
01.12.2022,05:00,35
01.12.2022,05:15,35
01.12.2022,05:30,34
01.12.2022,05:45,35
01.12.2022,06:00,35
01.12.2022,06:15,34
01.12.2022,06:30,34
01.12.2022,06:45,34
01.12.2022,07:00,34
01.12.2022,07:15,34
01.12.2022,07:30,34
01.12.2022,07:45,34
01.12.2022,08:00,34
01.12.2022,08:15,34
01.12.2022,08:30,34
01.12.2022,08:45,34
01.12.2022,09:00,34
01.12.2022,09:15,34
01.12.2022,09:30,34
01.12.2022,09:45,34
01.12.2022,10:00,34
01.12.2022,10:15,34
01.12.2022,10:30,34
01.12.2022,10:45,34
01.12.2022,11:00,34
01.12.2022,11:15,34
01.12.2022,11:30,34
01.12.2022,11:45,34
01.12.2022,12:00,34
01.12.2022,12:15,34
01.12.2022,12:30,34
01.12.2022,12:45,34
01.12.2022,13:00,34
01.12.2022,13:15,34
01.12.2022,13:30,34
01.12.2022,13:45,34
01.12.2022,14:00,34
01.12.2022,14:15,34
01.12.2022,14:30,34
01.12.2022,14:45,34
01.12.2022,15:00,34
01.12.2022,15:15,34
01.12.2022,15:30,34
01.12.2022,15:45,34
01.12.2022,16:00,34
01.12.2022,16:15,34
01.12.2022,16:30,34
01.12.2022,16:45,34
01.12.2022,17:00,34
01.12.2022,17:15,34
01.12.2022,17:30,34
01.12.2022,17:45,34
01.12.2022,18:00,34
01.12.2022,18:15,34
01.12.2022,18:30,34
01.12.2022,18:45,34
01.12.2022,19:00,34
01.12.2022,19:15,34
01.12.2022,19:30,34
01.12.2022,19:45,34
01.12.2022,20:00,34
01.12.2022,20:15,34
01.12.2022,20:30,34
01.12.2022,20:45,34
01.12.2022,21:00,34
01.12.2022,21:15,34
01.12.2022,21:30,34
01.12.2022,21:45,34
01.12.2022,22:00,34
01.12.2022,22:15,34
01.12.2022,22:30,34
01.12.2022,22:45,34
01.12.2022,23:00,34
01.12.2022,23:15,34
01.12.2022,23:30,34
01.12.2022,23:45,34
02.12.2022,00:00,34
02.12.2022,00:15,34
02.12.2022,00:30,34
02.12.2022,00:45,34
02.12.2022,01:00,34
02.12.2022,01:15,34
02.12.2022,01:30,34
02.12.2022,01:45,34
02.12.2022,02:00,34
02.12.2022,02:15,34
02.12.2022,02:30,34
02.12.2022,02:45,34
02.12.2022,03:00,34
02.12.2022,03:15,34
02.12.2022,03:30,34
02.12.2022,03:45,34
02.12.2022,04:00,34
02.12.2022,04:15,34
02.12.2022,04:30,34
02.12.2022,04:45,34
02.12.2022,05:00,34
02.12.2022,05:15,34
02.12.2022,05:30,34
02.12.2022,05:45,33
02.12.2022,06:00,33
02.12.2022,06:15,34
02.12.2022,06:30,33
02.12.2022,06:45,33
02.12.2022,07:00,33
02.12.2022,07:15,33
02.12.2022,07:30,33
02.12.2022,07:45,33
02.12.2022,08:00,33
02.12.2022,08:15,33
02.12.2022,08:30,33
02.12.2022,08:45,33
02.12.2022,09:00,33
02.12.2022,09:15,33
02.12.2022,09:30,33
02.12.2022,09:45,33
02.12.2022,10:00,33
02.12.2022,10:15,33
02.12.2022,10:30,33
02.12.2022,10:45,33
02.12.2022,11:00,33
02.12.2022,11:15,33
02.12.2022,11:30,33
02.12.2022,11:45,33
02.12.2022,12:00,33
02.12.2022,12:15,33
02.12.2022,12:30,33
02.12.2022,12:45,33
02.12.2022,13:00,33
02.12.2022,13:15,33
02.12.2022,13:30,33
02.12.2022,13:45,33
02.12.2022,14:00,33
02.12.2022,14:15,33
02.12.2022,14:30,33
02.12.2022,14:45,33
02.12.2022,15:00,33
02.12.2022,15:15,33
02.12.2022,15:30,33
02.12.2022,15:45,33
02.12.2022,16:00,33
02.12.2022,16:15,33
02.12.2022,16:30,33
02.12.2022,16:45,33
02.12.2022,17:00,33
02.12.2022,17:15,33
02.12.2022,17:30,33
02.12.2022,17:45,33
02.12.2022,18:00,33
02.12.2022,18:15,33
02.12.2022,18:30,33
02.12.2022,18:45,33
02.12.2022,19:00,33
02.12.2022,19:15,33
02.12.2022,19:30,33
02.12.2022,19:45,33
02.12.2022,20:00,33
02.12.2022,20:15,33
02.12.2022,20:30,33
02.12.2022,20:45,33
02.12.2022,21:00,33
02.12.2022,21:15,33
02.12.2022,21:30,33
02.12.2022,21:45,33
02.12.2022,22:00,33
02.12.2022,22:15,33
02.12.2022,22:30,33
02.12.2022,22:45,33
02.12.2022,23:00,33
02.12.2022,23:15,33
02.12.2022,23:30,33
02.12.2022,23:45,33
03.12.2022,00:00,33
03.12.2022,00:15,33
03.12.2022,00:30,33
03.12.2022,00:45,33
03.12.2022,01:00,33
03.12.2022,01:15,33
03.12.2022,01:30,33
03.12.2022,01:45,33
03.12.2022,02:00,33
03.12.2022,02:15,33
03.12.2022,02:30,33
03.12.2022,02:45,33
03.12.2022,03:00,33
03.12.2022,03:15,33
03.12.2022,03:30,33
03.12.2022,03:45,33
03.12.2022,04:00,33
03.12.2022,04:15,33
03.12.2022,04:30,33
03.12.2022,04:45,33
03.12.2022,05:00,33
03.12.2022,05:15,33
03.12.2022,05:30,33
03.12.2022,05:45,33
03.12.2022,06:00,33
03.12.2022,06:15,33
03.12.2022,06:30,33
03.12.2022,06:45,33
03.12.2022,07:00,33
03.12.2022,07:15,33
03.12.2022,07:30,33
03.12.2022,07:45,33
03.12.2022,08:00,33
03.12.2022,08:15,33
03.12.2022,08:30,33
03.12.2022,08:45,33
03.12.2022,09:00,33
03.12.2022,09:15,33
03.12.2022,09:30,33
03.12.2022,09:45,33
03.12.2022,10:00,33
03.12.2022,10:15,33
03.12.2022,10:30,33
03.12.2022,10:45,33
03.12.2022,11:00,33
03.12.2022,11:15,33
03.12.2022,11:30,33
03.12.2022,11:45,33
03.12.2022,12:00,33
03.12.2022,12:15,33
03.12.2022,12:30,33
03.12.2022,12:45,33
03.12.2022,13:00,33
03.12.2022,13:15,32
03.12.2022,13:30,32
03.12.2022,13:45,32
03.12.2022,14:00,32
03.12.2022,14:15,32
03.12.2022,14:30,32
03.12.2022,14:45,33
03.12.2022,15:00,32
03.12.2022,15:15,32
03.12.2022,15:30,32
03.12.2022,15:45,32
03.12.2022,16:00,32
03.12.2022,16:15,32
03.12.2022,16:30,32
03.12.2022,16:45,32
03.12.2022,17:00,32
03.12.2022,17:15,32
03.12.2022,17:30,32
03.12.2022,17:45,32
03.12.2022,18:00,32
03.12.2022,18:15,32
03.12.2022,18:30,32
03.12.2022,18:45,32
03.12.2022,19:00,32
03.12.2022,19:15,32
03.12.2022,19:30,32
03.12.2022,19:45,32
03.12.2022,20:00,32
03.12.2022,20:15,32
03.12.2022,20:30,32
03.12.2022,20:45,32
03.12.2022,21:00,32
03.12.2022,21:15,32
03.12.2022,21:30,32
03.12.2022,21:45,32
03.12.2022,22:00,32
03.12.2022,22:15,32
03.12.2022,22:30,32
03.12.2022,22:45,32
03.12.2022,23:00,32
03.12.2022,23:15,32
03.12.2022,23:30,32
03.12.2022,23:45,32
04.12.2022,00:00,32
04.12.2022,00:15,32
04.12.2022,00:30,32
04.12.2022,00:45,32
04.12.2022,01:00,32
04.12.2022,01:15,32
04.12.2022,01:30,32
04.12.2022,01:45,32
04.12.2022,02:00,32
04.12.2022,02:15,32
04.12.2022,02:30,32
04.12.2022,02:45,32
04.12.2022,03:00,32
04.12.2022,03:15,32
04.12.2022,03:30,32
04.12.2022,03:45,32
04.12.2022,04:00,32
04.12.2022,04:15,32
04.12.2022,04:30,32
04.12.2022,04:45,32
04.12.2022,05:00,32
04.12.2022,05:15,32
04.12.2022,05:30,32
04.12.2022,05:45,32
04.12.2022,06:00,32
04.12.2022,06:15,32
04.12.2022,06:30,32
04.12.2022,06:45,32
04.12.2022,07:00,32
04.12.2022,07:15,32
04.12.2022,07:30,32
04.12.2022,07:45,32
04.12.2022,08:00,32
04.12.2022,08:15,32
04.12.2022,08:30,32
04.12.2022,08:45,32
04.12.2022,09:00,32
04.12.2022,09:15,32
04.12.2022,09:30,32
04.12.2022,09:45,32
04.12.2022,10:00,32
04.12.2022,10:15,32
04.12.2022,10:30,32
04.12.2022,10:45,32
04.12.2022,11:00,32
04.12.2022,11:15,32
04.12.2022,11:30,32
04.12.2022,11:45,32
04.12.2022,12:00,32
04.12.2022,12:15,32
04.12.2022,12:30,32
04.12.2022,12:45,32
04.12.2022,13:00,32
04.12.2022,13:15,32
04.12.2022,13:30,32
04.12.2022,13:45,32
04.12.2022,14:00,32
04.12.2022,14:15,32
04.12.2022,14:30,32
04.12.2022,14:45,32
04.12.2022,15:00,32
04.12.2022,15:15,32
04.12.2022,15:30,32
04.12.2022,15:45,32
04.12.2022,16:00,32
04.12.2022,16:15,32
04.12.2022,16:30,32
04.12.2022,16:45,32
04.12.2022,17:00,32
04.12.2022,17:15,32
04.12.2022,17:30,32
04.12.2022,17:45,32
04.12.2022,18:00,32
04.12.2022,18:15,32
04.12.2022,18:30,32
04.12.2022,18:45,32
04.12.2022,19:00,32
04.12.2022,19:15,32
04.12.2022,19:30,32
04.12.2022,19:45,32
04.12.2022,20:00,32
04.12.2022,20:15,32
04.12.2022,20:30,32
04.12.2022,20:45,32
04.12.2022,21:00,32
04.12.2022,21:15,31
04.12.2022,21:30,32
04.12.2022,21:45,32
04.12.2022,22:00,32
04.12.2022,22:15,32
04.12.2022,22:30,32
04.12.2022,22:45,32
04.12.2022,23:00,32
04.12.2022,23:15,32
04.12.2022,23:30,32
04.12.2022,23:45,32
05.12.2022,00:00,32
05.12.2022,00:15,32
05.12.2022,00:30,32
05.12.2022,00:45,32
05.12.2022,01:00,32
05.12.2022,01:15,32
05.12.2022,01:30,32
05.12.2022,01:45,32
05.12.2022,02:00,32
05.12.2022,02:15,32
05.12.2022,02:30,32
05.12.2022,02:45,32
05.12.2022,03:00,32
05.12.2022,03:15,32
05.12.2022,03:30,32
05.12.2022,03:45,32
05.12.2022,04:00,32
05.12.2022,04:15,32
05.12.2022,04:30,32
05.12.2022,04:45,32
05.12.2022,05:00,32
05.12.2022,05:15,32
05.12.2022,05:30,32
05.12.2022,05:45,32
05.12.2022,06:00,32
05.12.2022,06:15,32
05.12.2022,06:30,32
05.12.2022,06:45,32
05.12.2022,07:00,32
05.12.2022,07:15,32
05.12.2022,07:30,32
05.12.2022,07:45,32
05.12.2022,08:00,32
05.12.2022,08:15,32
05.12.2022,08:30,32
05.12.2022,08:45,32
05.12.2022,09:00,32
05.12.2022,09:15,32
05.12.2022,09:30,32
05.12.2022,09:45,32
05.12.2022,10:00,32
05.12.2022,10:15,32
05.12.2022,10:30,32
05.12.2022,10:45,32
05.12.2022,11:00,32
05.12.2022,11:15,32
05.12.2022,11:30,32
05.12.2022,11:45,32
05.12.2022,12:00,32
05.12.2022,12:15,32
05.12.2022,12:30,32
05.12.2022,12:45,32
05.12.2022,13:00,32
05.12.2022,13:15,32
05.12.2022,13:30,32
05.12.2022,13:45,32
05.12.2022,14:00,32
05.12.2022,14:15,32
05.12.2022,14:30,32
05.12.2022,14:45,32
05.12.2022,15:00,32
05.12.2022,15:15,32
05.12.2022,15:30,32
05.12.2022,15:45,32
05.12.2022,16:00,32
05.12.2022,16:15,32
05.12.2022,16:30,32
05.12.2022,16:45,32
05.12.2022,17:00,32
05.12.2022,17:15,32
05.12.2022,17:30,32
05.12.2022,17:45,32
05.12.2022,18:00,32
05.12.2022,18:15,32
05.12.2022,18:30,32
05.12.2022,18:45,32
05.12.2022,19:00,32
05.12.2022,19:15,32
05.12.2022,19:30,32
05.12.2022,19:45,32
05.12.2022,20:00,32
05.12.2022,20:15,32
05.12.2022,20:30,32
05.12.2022,20:45,32
05.12.2022,21:00,32
05.12.2022,21:15,32
05.12.2022,21:30,32
05.12.2022,21:45,32
05.12.2022,22:00,32
05.12.2022,22:15,32
05.12.2022,22:30,32
05.12.2022,22:45,32
05.12.2022,23:00,32
05.12.2022,23:15,32
05.12.2022,23:30,32
05.12.2022,23:45,32
06.12.2022,00:00,32
06.12.2022,00:15,32
06.12.2022,00:30,32
06.12.2022,00:45,32
06.12.2022,01:00,32
06.12.2022,01:15,32
06.12.2022,01:30,32
06.12.2022,01:45,32
06.12.2022,02:00,32
06.12.2022,02:15,32
06.12.2022,02:30,32
06.12.2022,02:45,32
06.12.2022,03:00,32
06.12.2022,03:15,32
06.12.2022,03:30,32
06.12.2022,03:45,32
06.12.2022,04:00,32
06.12.2022,04:15,32
06.12.2022,04:30,32
06.12.2022,04:45,32
06.12.2022,05:00,32
06.12.2022,05:15,32
06.12.2022,05:30,32
06.12.2022,05:45,32
06.12.2022,06:00,32
06.12.2022,06:15,32
06.12.2022,06:30,32
06.12.2022,06:45,32
06.12.2022,07:00,32
06.12.2022,07:15,32
06.12.2022,07:30,32
06.12.2022,07:45,32
06.12.2022,08:00,32
06.12.2022,08:15,32
06.12.2022,08:30,32
06.12.2022,08:45,32
06.12.2022,09:00,32
06.12.2022,09:15,32
06.12.2022,09:30,32
06.12.2022,09:45,32
06.12.2022,10:00,32
06.12.2022,10:15,32
06.12.2022,10:30,32
06.12.2022,10:45,32
06.12.2022,11:00,32
06.12.2022,11:15,32
06.12.2022,11:30,32
06.12.2022,11:45,32
06.12.2022,12:00,32
06.12.2022,12:15,32
06.12.2022,12:30,32
06.12.2022,12:45,32
06.12.2022,13:00,32
06.12.2022,13:15,31
06.12.2022,13:30,32
06.12.2022,13:45,31
06.12.2022,14:00,31
06.12.2022,14:15,31
06.12.2022,14:30,31
06.12.2022,14:45,31
06.12.2022,15:00,32
06.12.2022,15:15,32
06.12.2022,15:30,32
06.12.2022,15:45,32
06.12.2022,16:00,32
06.12.2022,16:15,32
06.12.2022,16:30,32
06.12.2022,16:45,32
06.12.2022,17:00,32
06.12.2022,17:15,32
06.12.2022,17:30,32
06.12.2022,17:45,32
06.12.2022,18:00,32
06.12.2022,18:15,32
06.12.2022,18:30,32
06.12.2022,18:45,32
06.12.2022,19:00,32
06.12.2022,19:15,32
06.12.2022,19:30,32
06.12.2022,19:45,32
06.12.2022,20:00,32
06.12.2022,20:15,32
06.12.2022,20:30,32
06.12.2022,20:45,32
06.12.2022,21:00,32
06.12.2022,21:15,32
06.12.2022,21:30,32
06.12.2022,21:45,32
06.12.2022,22:00,32
06.12.2022,22:15,32
06.12.2022,22:30,32
06.12.2022,22:45,32
06.12.2022,23:00,32
06.12.2022,23:15,32
06.12.2022,23:30,32
06.12.2022,23:45,32
07.12.2022,00:00,32
07.12.2022,00:15,32
07.12.2022,00:30,32
07.12.2022,00:45,32
07.12.2022,01:00,32
07.12.2022,01:15,32
07.12.2022,01:30,32
07.12.2022,01:45,32
07.12.2022,02:00,32
07.12.2022,02:15,32
07.12.2022,02:30,32
07.12.2022,02:45,32
07.12.2022,03:00,32
07.12.2022,03:15,32
07.12.2022,03:30,32
07.12.2022,03:45,32
07.12.2022,04:00,32
07.12.2022,04:15,32
07.12.2022,04:30,32
07.12.2022,04:45,32
07.12.2022,05:00,32
07.12.2022,05:15,32
07.12.2022,05:30,32
07.12.2022,05:45,32
07.12.2022,06:00,32
07.12.2022,06:15,32
07.12.2022,06:30,32
07.12.2022,06:45,32
07.12.2022,07:00,32
07.12.2022,07:15,32
07.12.2022,07:30,32
07.12.2022,07:45,33
07.12.2022,08:00,33
07.12.2022,08:15,33
07.12.2022,08:30,33
07.12.2022,08:45,33
07.12.2022,09:00,33
07.12.2022,09:15,33
07.12.2022,09:30,33
07.12.2022,09:45,33
07.12.2022,10:00,33
07.12.2022,10:15,33
07.12.2022,10:30,33
07.12.2022,10:45,33
07.12.2022,11:00,33
07.12.2022,11:15,33
07.12.2022,11:30,33
07.12.2022,11:45,33
07.12.2022,12:00,33
07.12.2022,12:15,33
07.12.2022,12:30,33
07.12.2022,12:45,33
07.12.2022,13:00,33
07.12.2022,13:15,33
07.12.2022,13:30,33
07.12.2022,13:45,33
07.12.2022,14:00,33
07.12.2022,14:15,33
07.12.2022,14:30,33
07.12.2022,14:45,33
07.12.2022,15:00,33
07.12.2022,15:15,33
07.12.2022,15:30,33
07.12.2022,15:45,33
07.12.2022,16:00,33
07.12.2022,16:15,33
07.12.2022,16:30,33
07.12.2022,16:45,34
07.12.2022,17:00,34
07.12.2022,17:15,34
07.12.2022,17:30,34
07.12.2022,17:45,34
07.12.2022,18:00,34
07.12.2022,18:15,34
07.12.2022,18:30,34
07.12.2022,18:45,34
07.12.2022,19:00,34
07.12.2022,19:15,34
07.12.2022,19:30,34
07.12.2022,19:45,34
07.12.2022,20:00,35
07.12.2022,20:15,35
07.12.2022,20:30,35
07.12.2022,20:45,35
07.12.2022,21:00,35
07.12.2022,21:15,35
07.12.2022,21:30,35
07.12.2022,21:45,35
07.12.2022,22:00,35
07.12.2022,22:15,35
07.12.2022,22:30,35
07.12.2022,22:45,35
07.12.2022,23:00,35
07.12.2022,23:15,35
07.12.2022,23:30,35
07.12.2022,23:45,35
08.12.2022,00:00,36
08.12.2022,00:15,36
08.12.2022,00:30,36
08.12.2022,00:45,36
08.12.2022,01:00,36
08.12.2022,01:15,36
08.12.2022,01:30,36
08.12.2022,01:45,36
08.12.2022,02:00,36
08.12.2022,02:15,36
08.12.2022,02:30,36
08.12.2022,02:45,36
08.12.2022,03:00,36
08.12.2022,03:15,36
08.12.2022,03:30,36
08.12.2022,03:45,36
08.12.2022,04:00,36
08.12.2022,04:15,36
08.12.2022,04:30,36
08.12.2022,04:45,36
08.12.2022,05:00,36
08.12.2022,05:15,36
08.12.2022,05:30,36
08.12.2022,05:45,36
08.12.2022,06:00,36
08.12.2022,06:15,36
08.12.2022,06:30,36
08.12.2022,06:45,36
08.12.2022,07:00,36
08.12.2022,07:15,36
08.12.2022,07:30,36
08.12.2022,07:45,36
08.12.2022,08:00,36
08.12.2022,08:15,36
08.12.2022,08:30,36
08.12.2022,08:45,36
08.12.2022,09:00,36
08.12.2022,09:15,36
08.12.2022,09:30,36
08.12.2022,09:45,36
08.12.2022,10:00,36
08.12.2022,10:15,36
08.12.2022,10:30,36
08.12.2022,10:45,36
08.12.2022,11:00,36
08.12.2022,11:15,36
08.12.2022,11:30,36
08.12.2022,11:45,36
08.12.2022,12:00,36
08.12.2022,12:15,36
08.12.2022,12:30,36
08.12.2022,12:45,36
08.12.2022,13:00,37
08.12.2022,13:15,37
08.12.2022,13:30,37
08.12.2022,13:45,37
08.12.2022,14:00,36
08.12.2022,14:15,37
08.12.2022,14:30,37
08.12.2022,14:45,37
08.12.2022,15:00,36
08.12.2022,15:15,37
08.12.2022,15:30,36
08.12.2022,15:45,36
08.12.2022,16:00,36
08.12.2022,16:15,36
08.12.2022,16:30,36
08.12.2022,16:45,36
08.12.2022,17:00,37
08.12.2022,17:15,36
08.12.2022,17:30,36
08.12.2022,17:45,37
08.12.2022,18:00,36
08.12.2022,18:15,36
08.12.2022,18:30,37
08.12.2022,18:45,36
08.12.2022,19:00,37
08.12.2022,19:15,37
08.12.2022,19:30,37
08.12.2022,19:45,37
08.12.2022,20:00,37
08.12.2022,20:15,37
08.12.2022,20:30,37
08.12.2022,20:45,36
08.12.2022,21:00,37
08.12.2022,21:15,37
08.12.2022,21:30,37
08.12.2022,21:45,37
08.12.2022,22:00,37
08.12.2022,22:15,37
08.12.2022,22:30,37
08.12.2022,22:45,37
08.12.2022,23:00,37
08.12.2022,23:15,37
08.12.2022,23:30,37
08.12.2022,23:45,37
09.12.2022,00:00,37
09.12.2022,00:15,36
09.12.2022,00:30,37
09.12.2022,00:45,37
09.12.2022,01:00,36
09.12.2022,01:15,37
09.12.2022,01:30,36
09.12.2022,01:45,37
09.12.2022,02:00,37
09.12.2022,02:15,36
09.12.2022,02:30,36
09.12.2022,02:45,36
09.12.2022,03:00,36
09.12.2022,03:15,36
09.12.2022,03:30,36
09.12.2022,03:45,36
09.12.2022,04:00,37
09.12.2022,04:15,36
09.12.2022,04:30,36
09.12.2022,04:45,36
09.12.2022,05:00,36
09.12.2022,05:15,36
09.12.2022,05:30,36
09.12.2022,05:45,36
09.12.2022,06:00,36
09.12.2022,06:15,36
09.12.2022,06:30,36
09.12.2022,06:45,36
09.12.2022,07:00,36
09.12.2022,07:15,36
09.12.2022,07:30,36
09.12.2022,07:45,36
09.12.2022,08:00,36
09.12.2022,08:15,36
09.12.2022,08:30,36
09.12.2022,08:45,36
09.12.2022,09:00,36
09.12.2022,09:15,36
09.12.2022,09:30,36
09.12.2022,09:45,36
09.12.2022,10:00,36
09.12.2022,10:15,36
09.12.2022,10:30,36
09.12.2022,10:45,36
09.12.2022,11:00,36
09.12.2022,11:15,36
09.12.2022,11:30,36
09.12.2022,11:45,36
09.12.2022,12:00,36
09.12.2022,12:15,36
09.12.2022,12:30,36
09.12.2022,12:45,36
09.12.2022,13:00,36
09.12.2022,13:15,36
09.12.2022,13:30,36
09.12.2022,13:45,36
09.12.2022,14:00,36
09.12.2022,14:15,36
09.12.2022,14:30,36
09.12.2022,14:45,36
09.12.2022,15:00,36
09.12.2022,15:15,36
09.12.2022,15:30,36
09.12.2022,15:45,36
09.12.2022,16:00,36
09.12.2022,16:15,36
09.12.2022,16:30,36
09.12.2022,16:45,36
09.12.2022,17:00,36
09.12.2022,17:15,36
09.12.2022,17:30,36
09.12.2022,17:45,36
09.12.2022,18:00,36
09.12.2022,18:15,36
09.12.2022,18:30,36
09.12.2022,18:45,36
09.12.2022,19:00,36
09.12.2022,19:15,36
09.12.2022,19:30,36
09.12.2022,19:45,36
09.12.2022,20:00,36
09.12.2022,20:15,36
09.12.2022,20:30,36
09.12.2022,20:45,36
09.12.2022,21:00,36
09.12.2022,21:15,36
09.12.2022,21:30,36
09.12.2022,21:45,36
09.12.2022,22:00,36
09.12.2022,22:15,36
09.12.2022,22:30,36
09.12.2022,22:45,36
09.12.2022,23:00,36
09.12.2022,23:15,36
09.12.2022,23:30,36
09.12.2022,23:45,36
10.12.2022,00:00,36
10.12.2022,00:15,36
10.12.2022,00:30,36
10.12.2022,00:45,36
10.12.2022,01:00,36
10.12.2022,01:15,36
10.12.2022,01:30,35
10.12.2022,01:45,35
10.12.2022,02:00,35
10.12.2022,02:15,35
10.12.2022,02:30,35
10.12.2022,02:45,35
10.12.2022,03:00,35
10.12.2022,03:15,35
10.12.2022,03:30,35
10.12.2022,03:45,35
10.12.2022,04:00,35
10.12.2022,04:15,35
10.12.2022,04:30,35
10.12.2022,04:45,35
10.12.2022,05:00,35
10.12.2022,05:15,35
10.12.2022,05:30,35
10.12.2022,05:45,35
10.12.2022,06:00,35
10.12.2022,06:15,35
10.12.2022,06:30,35
10.12.2022,06:45,35
10.12.2022,07:00,35
10.12.2022,07:15,35
10.12.2022,07:30,35
10.12.2022,07:45,35
10.12.2022,08:00,35
10.12.2022,08:15,35
10.12.2022,08:30,35
10.12.2022,08:45,35
10.12.2022,09:00,35
10.12.2022,09:15,35
10.12.2022,09:30,35
10.12.2022,09:45,35
10.12.2022,10:00,35
10.12.2022,10:15,35
10.12.2022,10:30,35
10.12.2022,10:45,35
10.12.2022,11:00,35
10.12.2022,11:15,35
10.12.2022,11:30,35
10.12.2022,11:45,35
10.12.2022,12:00,35
10.12.2022,12:15,35
10.12.2022,12:30,35
10.12.2022,12:45,35
10.12.2022,13:00,35
10.12.2022,13:15,35
10.12.2022,13:30,35
10.12.2022,13:45,35
10.12.2022,14:00,35
10.12.2022,14:15,35
10.12.2022,14:30,35
10.12.2022,14:45,35
10.12.2022,15:00,35
10.12.2022,15:15,35
10.12.2022,15:30,35
10.12.2022,15:45,35
10.12.2022,16:00,35
10.12.2022,16:15,35
10.12.2022,16:30,35
10.12.2022,16:45,35
10.12.2022,17:00,35
10.12.2022,17:15,34
10.12.2022,17:30,35
10.12.2022,17:45,34
10.12.2022,18:00,34
10.12.2022,18:15,34
10.12.2022,18:30,34
10.12.2022,18:45,34
10.12.2022,19:00,34
10.12.2022,19:15,34
10.12.2022,19:30,34
10.12.2022,19:45,34
10.12.2022,20:00,34
10.12.2022,20:15,34
10.12.2022,20:30,34
10.12.2022,20:45,34
10.12.2022,21:00,34
10.12.2022,21:15,34
10.12.2022,21:30,34
10.12.2022,21:45,34
10.12.2022,22:00,34
10.12.2022,22:15,34
10.12.2022,22:30,34
10.12.2022,22:45,34
10.12.2022,23:00,34
10.12.2022,23:15,34
10.12.2022,23:30,34
10.12.2022,23:45,34
11.12.2022,00:00,34
11.12.2022,00:15,34
11.12.2022,00:30,34
11.12.2022,00:45,34
11.12.2022,01:00,34
11.12.2022,01:15,34
11.12.2022,01:30,34
11.12.2022,01:45,34
11.12.2022,02:00,34
11.12.2022,02:15,34
11.12.2022,02:30,34
11.12.2022,02:45,34
11.12.2022,03:00,34
11.12.2022,03:15,34
11.12.2022,03:30,34
11.12.2022,03:45,34
11.12.2022,04:00,34
11.12.2022,04:15,34
11.12.2022,04:30,34
11.12.2022,04:45,34
11.12.2022,05:00,34
11.12.2022,05:15,34
11.12.2022,05:30,34
11.12.2022,05:45,34
11.12.2022,06:00,34
11.12.2022,06:15,34
11.12.2022,06:30,34
11.12.2022,06:45,34
11.12.2022,07:00,34
11.12.2022,07:15,34
11.12.2022,07:30,34
11.12.2022,07:45,34
11.12.2022,08:00,34
11.12.2022,08:15,34
11.12.2022,08:30,34
11.12.2022,08:45,34
11.12.2022,09:00,34
11.12.2022,09:15,34
11.12.2022,09:30,34
11.12.2022,09:45,34
11.12.2022,10:00,34
11.12.2022,10:15,34
11.12.2022,10:30,34
11.12.2022,10:45,34
11.12.2022,11:00,34
11.12.2022,11:15,34
11.12.2022,11:30,34
11.12.2022,11:45,34
11.12.2022,12:00,34
11.12.2022,12:15,34
11.12.2022,12:30,34
11.12.2022,12:45,34
11.12.2022,13:00,34
11.12.2022,13:15,34
11.12.2022,13:30,33
11.12.2022,13:45,34
11.12.2022,14:00,33
11.12.2022,14:15,33
11.12.2022,14:30,33
11.12.2022,14:45,33
11.12.2022,15:00,33
11.12.2022,15:15,33
11.12.2022,15:30,33
11.12.2022,15:45,33
11.12.2022,16:00,33
11.12.2022,16:15,33
11.12.2022,16:30,33
11.12.2022,16:45,33
11.12.2022,17:00,33
11.12.2022,17:15,33
11.12.2022,17:30,33
11.12.2022,17:45,33
11.12.2022,18:00,33
11.12.2022,18:15,33
11.12.2022,18:30,33
11.12.2022,18:45,33
11.12.2022,19:00,33
11.12.2022,19:15,33
11.12.2022,19:30,33
11.12.2022,19:45,33
11.12.2022,20:00,33
11.12.2022,20:15,33
11.12.2022,20:30,33
11.12.2022,20:45,33
11.12.2022,21:00,33
11.12.2022,21:15,33
11.12.2022,21:30,33
11.12.2022,21:45,33
11.12.2022,22:00,33
11.12.2022,22:15,33
11.12.2022,22:30,33
11.12.2022,22:45,33
11.12.2022,23:00,33
11.12.2022,23:15,33
11.12.2022,23:30,33
11.12.2022,23:45,33
12.12.2022,00:00,33
12.12.2022,00:15,33
12.12.2022,00:30,33
12.12.2022,00:45,33
12.12.2022,01:00,33
12.12.2022,01:15,33
12.12.2022,01:30,33
12.12.2022,01:45,33
12.12.2022,02:00,33
12.12.2022,02:15,33
12.12.2022,02:30,33
12.12.2022,02:45,33
12.12.2022,03:00,33
12.12.2022,03:15,33
12.12.2022,03:30,33
12.12.2022,03:45,33
12.12.2022,04:00,33
12.12.2022,04:15,33
12.12.2022,04:30,33
12.12.2022,04:45,33
12.12.2022,05:00,33
12.12.2022,05:15,33
12.12.2022,05:30,33
12.12.2022,05:45,33
12.12.2022,06:00,33
12.12.2022,06:15,33
12.12.2022,06:30,33
12.12.2022,06:45,33
12.12.2022,07:00,33
12.12.2022,07:15,33
12.12.2022,07:30,33
12.12.2022,07:45,33
12.12.2022,08:00,33
12.12.2022,08:15,33
12.12.2022,08:30,33
12.12.2022,08:45,33
12.12.2022,09:00,33
12.12.2022,09:15,33
12.12.2022,09:30,33
12.12.2022,09:45,33
12.12.2022,10:00,33
12.12.2022,10:15,33
12.12.2022,10:30,33
12.12.2022,10:45,33
12.12.2022,11:00,33
12.12.2022,11:15,33
12.12.2022,11:30,33
12.12.2022,11:45,33
12.12.2022,12:00,33
12.12.2022,12:15,33
12.12.2022,12:30,33
12.12.2022,12:45,33
12.12.2022,13:00,33
12.12.2022,13:15,32
12.12.2022,13:30,32
12.12.2022,13:45,33
12.12.2022,14:00,33
12.12.2022,14:15,32
12.12.2022,14:30,32
12.12.2022,14:45,32
12.12.2022,15:00,32
12.12.2022,15:15,32
12.12.2022,15:30,32
12.12.2022,15:45,32
12.12.2022,16:00,32
12.12.2022,16:15,32
12.12.2022,16:30,32
12.12.2022,16:45,32
12.12.2022,17:00,32
12.12.2022,17:15,32
12.12.2022,17:30,32
12.12.2022,17:45,32
12.12.2022,18:00,32
12.12.2022,18:15,32
12.12.2022,18:30,32
12.12.2022,18:45,32
12.12.2022,19:00,32
12.12.2022,19:15,32
12.12.2022,19:30,32
12.12.2022,19:45,32
12.12.2022,20:00,32
12.12.2022,20:15,32
12.12.2022,20:30,32
12.12.2022,20:45,32
12.12.2022,21:00,32
12.12.2022,21:15,32
12.12.2022,21:30,32
12.12.2022,21:45,32
12.12.2022,22:00,32
12.12.2022,22:15,32
12.12.2022,22:30,32
12.12.2022,22:45,32
12.12.2022,23:00,32
12.12.2022,23:15,32
12.12.2022,23:30,32
12.12.2022,23:45,32
13.12.2022,00:00,32
13.12.2022,00:15,32
13.12.2022,00:30,32
13.12.2022,00:45,32
13.12.2022,01:00,32
13.12.2022,01:15,32
13.12.2022,01:30,32
13.12.2022,01:45,32
13.12.2022,02:00,32
13.12.2022,02:15,32
13.12.2022,02:30,32
13.12.2022,02:45,32
13.12.2022,03:00,32
13.12.2022,03:15,32
13.12.2022,03:30,32
13.12.2022,03:45,32
13.12.2022,04:00,32
13.12.2022,04:15,32
13.12.2022,04:30,32
13.12.2022,04:45,32
13.12.2022,05:00,32
13.12.2022,05:15,32
13.12.2022,05:30,32
13.12.2022,05:45,32
13.12.2022,06:00,32
13.12.2022,06:15,32
13.12.2022,06:30,32
13.12.2022,06:45,32
13.12.2022,07:00,32
13.12.2022,07:15,32
13.12.2022,07:30,32
13.12.2022,07:45,32
13.12.2022,08:00,32
13.12.2022,08:15,32
13.12.2022,08:30,32
13.12.2022,08:45,32
13.12.2022,09:00,32
13.12.2022,09:15,32
13.12.2022,09:30,32
13.12.2022,09:45,32
13.12.2022,10:00,32
13.12.2022,10:15,32
13.12.2022,10:30,32
13.12.2022,10:45,32
13.12.2022,11:00,31
13.12.2022,11:15,31
13.12.2022,11:30,31
13.12.2022,11:45,31
13.12.2022,12:00,31
13.12.2022,12:15,31
13.12.2022,12:30,31
13.12.2022,12:45,31
13.12.2022,13:00,31
13.12.2022,13:15,31
13.12.2022,13:30,31
13.12.2022,13:45,31
13.12.2022,14:00,31
13.12.2022,14:15,31
13.12.2022,14:30,31
13.12.2022,14:45,31
13.12.2022,15:00,31
13.12.2022,15:15,31
13.12.2022,15:30,31
13.12.2022,15:45,31
13.12.2022,16:00,32
13.12.2022,16:15,31
13.12.2022,16:30,31
13.12.2022,16:45,31
13.12.2022,17:00,31
13.12.2022,17:15,31
13.12.2022,17:30,31
13.12.2022,17:45,31
13.12.2022,18:00,31
13.12.2022,18:15,31
13.12.2022,18:30,31
13.12.2022,18:45,31
13.12.2022,19:00,31
13.12.2022,19:15,31
13.12.2022,19:30,31
13.12.2022,19:45,31
13.12.2022,20:00,31
13.12.2022,20:15,31
13.12.2022,20:30,31
13.12.2022,20:45,31
13.12.2022,21:00,31
13.12.2022,21:15,31
13.12.2022,21:30,31
13.12.2022,21:45,31
13.12.2022,22:00,31
13.12.2022,22:15,31
13.12.2022,22:30,31
13.12.2022,22:45,31
13.12.2022,23:00,31
13.12.2022,23:15,31
13.12.2022,23:30,31
13.12.2022,23:45,31
14.12.2022,00:00,31
14.12.2022,00:15,31
14.12.2022,00:30,31
14.12.2022,00:45,31
14.12.2022,01:00,31
14.12.2022,01:15,31
14.12.2022,01:30,31
14.12.2022,01:45,31
14.12.2022,02:00,31
14.12.2022,02:15,31
14.12.2022,02:30,31
14.12.2022,02:45,31
14.12.2022,03:00,31
14.12.2022,03:15,31
14.12.2022,03:30,31
14.12.2022,03:45,31
14.12.2022,04:00,31
14.12.2022,04:15,31
14.12.2022,04:30,31
14.12.2022,04:45,31
14.12.2022,05:00,31
14.12.2022,05:15,31
14.12.2022,05:30,31
14.12.2022,05:45,31
14.12.2022,06:00,31
14.12.2022,06:15,31
14.12.2022,06:30,31
14.12.2022,06:45,31
14.12.2022,07:00,31
14.12.2022,07:15,31
14.12.2022,07:30,31
14.12.2022,07:45,31
14.12.2022,08:00,31
14.12.2022,08:15,31
14.12.2022,08:30,31
14.12.2022,08:45,31
14.12.2022,09:00,31
14.12.2022,09:15,31
14.12.2022,09:30,31
14.12.2022,09:45,31
14.12.2022,10:00,31
14.12.2022,10:15,31
14.12.2022,10:30,31
14.12.2022,10:45,31
14.12.2022,11:00,31
14.12.2022,11:15,31
14.12.2022,11:30,31
14.12.2022,11:45,31
14.12.2022,12:00,31
14.12.2022,12:15,31
14.12.2022,12:30,31
14.12.2022,12:45,31
14.12.2022,13:00,31
14.12.2022,13:15,31
14.12.2022,13:30,31
14.12.2022,13:45,31
14.12.2022,14:00,31
14.12.2022,14:15,31
14.12.2022,14:30,31
14.12.2022,14:45,31
14.12.2022,15:00,31
14.12.2022,15:15,31
14.12.2022,15:30,31
14.12.2022,15:45,31
14.12.2022,16:00,31
14.12.2022,16:15,31
14.12.2022,16:30,31
14.12.2022,16:45,31
14.12.2022,17:00,31
14.12.2022,17:15,31
14.12.2022,17:30,31
14.12.2022,17:45,31
14.12.2022,18:00,31
14.12.2022,18:15,31
14.12.2022,18:30,31
14.12.2022,18:45,31
14.12.2022,19:00,31
14.12.2022,19:15,31
14.12.2022,19:30,31
14.12.2022,19:45,31
14.12.2022,20:00,31
14.12.2022,20:15,31
14.12.2022,20:30,31
14.12.2022,20:45,31
14.12.2022,21:00,31
14.12.2022,21:15,31
14.12.2022,21:30,31
14.12.2022,21:45,31
14.12.2022,22:00,31
14.12.2022,22:15,31
14.12.2022,22:30,31
14.12.2022,22:45,31
14.12.2022,23:00,31
14.12.2022,23:15,31
14.12.2022,23:30,31
14.12.2022,23:45,31
15.12.2022,00:00,31
15.12.2022,00:15,31
15.12.2022,00:30,31
15.12.2022,00:45,31
15.12.2022,01:00,31
15.12.2022,01:15,30
15.12.2022,01:30,31
15.12.2022,01:45,30
15.12.2022,02:00,31
15.12.2022,02:15,30
15.12.2022,02:30,31
15.12.2022,02:45,31
15.12.2022,03:00,30
15.12.2022,03:15,31
15.12.2022,03:30,30
15.12.2022,03:45,30
15.12.2022,04:00,30
15.12.2022,04:15,30
15.12.2022,04:30,30
15.12.2022,04:45,30
15.12.2022,05:00,30
15.12.2022,05:15,30
15.12.2022,05:30,30
15.12.2022,05:45,30
15.12.2022,06:00,30
15.12.2022,06:15,30
15.12.2022,06:30,30
15.12.2022,06:45,30
15.12.2022,07:00,30
15.12.2022,07:15,30
15.12.2022,07:30,30
15.12.2022,07:45,30
15.12.2022,08:00,30
15.12.2022,08:15,30
15.12.2022,08:30,30
15.12.2022,08:45,30
15.12.2022,09:00,30
15.12.2022,09:15,30
15.12.2022,09:30,30
15.12.2022,09:45,30
15.12.2022,10:00,30
15.12.2022,10:15,30
15.12.2022,10:30,30
15.12.2022,10:45,30
15.12.2022,11:00,30
15.12.2022,11:15,30
15.12.2022,11:30,30
15.12.2022,11:45,30
15.12.2022,12:00,30
15.12.2022,12:15,30
15.12.2022,12:30,30
15.12.2022,12:45,30
15.12.2022,13:00,30
15.12.2022,13:15,30
15.12.2022,13:30,30
15.12.2022,13:45,30
15.12.2022,14:00,30
15.12.2022,14:15,30
15.12.2022,14:30,30
15.12.2022,14:45,30
15.12.2022,15:00,30
15.12.2022,15:15,30
15.12.2022,15:30,30
15.12.2022,15:45,30
15.12.2022,16:00,30
15.12.2022,16:15,30
15.12.2022,16:30,30
15.12.2022,16:45,30
15.12.2022,17:00,30
15.12.2022,17:15,30
15.12.2022,17:30,30
15.12.2022,17:45,30
15.12.2022,18:00,30
15.12.2022,18:15,30
15.12.2022,18:30,30
15.12.2022,18:45,30
15.12.2022,19:00,30
15.12.2022,19:15,30
15.12.2022,19:30,30
15.12.2022,19:45,30
15.12.2022,20:00,30
15.12.2022,20:15,30
15.12.2022,20:30,30
15.12.2022,20:45,30
15.12.2022,21:00,30
15.12.2022,21:15,30
15.12.2022,21:30,30
15.12.2022,21:45,30
15.12.2022,22:00,30
15.12.2022,22:15,30
15.12.2022,22:30,30
15.12.2022,22:45,30
15.12.2022,23:00,30
15.12.2022,23:15,30
15.12.2022,23:30,30
15.12.2022,23:45,30
16.12.2022,00:00,30
16.12.2022,00:15,30
16.12.2022,00:30,30
16.12.2022,00:45,30
16.12.2022,01:00,30
16.12.2022,01:15,30
16.12.2022,01:30,30
16.12.2022,01:45,29
16.12.2022,02:00,29
16.12.2022,02:15,29
16.12.2022,02:30,29
16.12.2022,02:45,29
16.12.2022,03:00,29
16.12.2022,03:15,29
16.12.2022,03:30,29
16.12.2022,03:45,29
16.12.2022,04:00,29
16.12.2022,04:15,28
16.12.2022,04:30,28
16.12.2022,04:45,28
16.12.2022,05:00,28
16.12.2022,05:15,28
16.12.2022,05:30,28
16.12.2022,05:45,28
16.12.2022,06:00,28
16.12.2022,06:15,28
16.12.2022,06:30,28
16.12.2022,06:45,28
16.12.2022,07:00,28
16.12.2022,07:15,28
16.12.2022,07:30,28
16.12.2022,07:45,28
16.12.2022,08:00,28
16.12.2022,08:15,28
16.12.2022,08:30,28
16.12.2022,08:45,28
16.12.2022,09:00,28
16.12.2022,09:15,28
16.12.2022,09:30,28
16.12.2022,09:45,28
16.12.2022,10:00,28
16.12.2022,10:15,28
16.12.2022,10:30,28
16.12.2022,10:45,28
16.12.2022,11:00,28
16.12.2022,11:15,28
16.12.2022,11:30,29
16.12.2022,11:45,29
16.12.2022,12:00,29
16.12.2022,12:15,29
16.12.2022,12:30,30
16.12.2022,12:45,30
16.12.2022,13:00,30
16.12.2022,13:15,30
16.12.2022,13:30,30
16.12.2022,13:45,31
16.12.2022,14:00,31
16.12.2022,14:15,31
16.12.2022,14:30,31
16.12.2022,14:45,31
16.12.2022,15:00,31
16.12.2022,15:15,31
16.12.2022,15:30,31
16.12.2022,15:45,30
16.12.2022,16:00,30
16.12.2022,16:15,30
16.12.2022,16:30,30
16.12.2022,16:45,30
16.12.2022,17:00,30
16.12.2022,17:15,30
16.12.2022,17:30,30
16.12.2022,17:45,29
16.12.2022,18:00,29
16.12.2022,18:15,29
16.12.2022,18:30,29
16.12.2022,18:45,29
16.12.2022,19:00,29
16.12.2022,19:15,29
16.12.2022,19:30,29
16.12.2022,19:45,29
16.12.2022,20:00,29
16.12.2022,20:15,29
16.12.2022,20:30,29
16.12.2022,20:45,29
16.12.2022,21:00,29
16.12.2022,21:15,29
16.12.2022,21:30,29
16.12.2022,21:45,29
16.12.2022,22:00,29
16.12.2022,22:15,29
16.12.2022,22:30,29
16.12.2022,22:45,29
16.12.2022,23:00,29
16.12.2022,23:15,29
16.12.2022,23:30,29
16.12.2022,23:45,29
17.12.2022,00:00,29
17.12.2022,00:15,29
17.12.2022,00:30,29
17.12.2022,00:45,29
17.12.2022,01:00,29
17.12.2022,01:15,29
17.12.2022,01:30,29
17.12.2022,01:45,29
17.12.2022,02:00,29
17.12.2022,02:15,29
17.12.2022,02:30,29
17.12.2022,02:45,29
17.12.2022,03:00,29
17.12.2022,03:15,29
17.12.2022,03:30,29
17.12.2022,03:45,29
17.12.2022,04:00,29
17.12.2022,04:15,28
17.12.2022,04:30,28
17.12.2022,04:45,28
17.12.2022,05:00,28
17.12.2022,05:15,28
17.12.2022,05:30,28
17.12.2022,05:45,28
17.12.2022,06:00,28
17.12.2022,06:15,28
17.12.2022,06:30,28
17.12.2022,06:45,28
17.12.2022,07:00,28
17.12.2022,07:15,28
17.12.2022,07:30,28
17.12.2022,07:45,28
17.12.2022,08:00,28
17.12.2022,08:15,28
17.12.2022,08:30,27
17.12.2022,08:45,27
17.12.2022,09:00,27
17.12.2022,09:15,27
17.12.2022,09:30,27
17.12.2022,09:45,27
17.12.2022,10:00,27
17.12.2022,10:15,27
17.12.2022,10:30,27
17.12.2022,10:45,27
17.12.2022,11:00,27
17.12.2022,11:15,27
17.12.2022,11:30,27
17.12.2022,11:45,27
17.12.2022,12:00,28
17.12.2022,12:15,28
17.12.2022,12:30,28
17.12.2022,12:45,28
17.12.2022,13:00,28
17.12.2022,13:15,28
17.12.2022,13:30,28
17.12.2022,13:45,28
17.12.2022,14:00,29
17.12.2022,14:15,29
17.12.2022,14:30,29
17.12.2022,14:45,29
17.12.2022,15:00,29
17.12.2022,15:15,28
17.12.2022,15:30,28
17.12.2022,15:45,28
17.12.2022,16:00,28
17.12.2022,16:15,28
17.12.2022,16:30,28
17.12.2022,16:45,29
17.12.2022,17:00,28
17.12.2022,17:15,28
17.12.2022,17:30,28
17.12.2022,17:45,28
17.12.2022,18:00,28
17.12.2022,18:15,28
17.12.2022,18:30,28
17.12.2022,18:45,28
17.12.2022,19:00,28
17.12.2022,19:15,28
17.12.2022,19:30,28
17.12.2022,19:45,28
17.12.2022,20:00,28
17.12.2022,20:15,27
17.12.2022,20:30,27
17.12.2022,20:45,27
17.12.2022,21:00,27
17.12.2022,21:15,27
17.12.2022,21:30,27
17.12.2022,21:45,27
17.12.2022,22:00,27
17.12.2022,22:15,27
17.12.2022,22:30,27
17.12.2022,22:45,27
17.12.2022,23:00,26
17.12.2022,23:15,26
17.12.2022,23:30,26
17.12.2022,23:45,26
18.12.2022,00:00,26
18.12.2022,00:15,25
18.12.2022,00:30,25
18.12.2022,00:45,25
18.12.2022,01:00,25
18.12.2022,01:15,25
18.12.2022,01:30,25
18.12.2022,01:45,25
18.12.2022,02:00,25
18.12.2022,02:15,25
18.12.2022,02:30,25
18.12.2022,02:45,25
18.12.2022,03:00,25
18.12.2022,03:15,25
18.12.2022,03:30,25
18.12.2022,03:45,25
18.12.2022,04:00,25
18.12.2022,04:15,25
18.12.2022,04:30,25
18.12.2022,04:45,25
18.12.2022,05:00,25
18.12.2022,05:15,25
18.12.2022,05:30,25
18.12.2022,05:45,25
18.12.2022,06:00,25
18.12.2022,06:15,25
18.12.2022,06:30,25
18.12.2022,06:45,25
18.12.2022,07:00,25
18.12.2022,07:15,25
18.12.2022,07:30,25
18.12.2022,07:45,25
18.12.2022,08:00,25
18.12.2022,08:15,25
18.12.2022,08:30,25
18.12.2022,08:45,26
18.12.2022,09:00,26
18.12.2022,09:15,26
18.12.2022,09:30,26
18.12.2022,09:45,26
18.12.2022,10:00,26
18.12.2022,10:15,26
18.12.2022,10:30,26
18.12.2022,10:45,26
18.12.2022,11:00,27
18.12.2022,11:15,27
18.12.2022,11:30,27
18.12.2022,11:45,27
18.12.2022,12:00,28
18.12.2022,12:15,28
18.12.2022,12:30,28
18.12.2022,12:45,28
18.12.2022,13:00,28
18.12.2022,13:15,28
18.12.2022,13:30,29
18.12.2022,13:45,29
18.12.2022,14:00,29
18.12.2022,14:15,29
18.12.2022,14:30,29
18.12.2022,14:45,29
18.12.2022,15:00,30
18.12.2022,15:15,30
18.12.2022,15:30,30
18.12.2022,15:45,30
18.12.2022,16:00,30
18.12.2022,16:15,30
18.12.2022,16:30,30
18.12.2022,16:45,30
18.12.2022,17:00,30
18.12.2022,17:15,29
18.12.2022,17:30,29
18.12.2022,17:45,29
18.12.2022,18:00,29
18.12.2022,18:15,29
18.12.2022,18:30,29
18.12.2022,18:45,29
18.12.2022,19:00,29
18.12.2022,19:15,29
18.12.2022,19:30,29
18.12.2022,19:45,29
18.12.2022,20:00,29
18.12.2022,20:15,29
18.12.2022,20:30,29
18.12.2022,20:45,28
18.12.2022,21:00,28
18.12.2022,21:15,28
18.12.2022,21:30,28
18.12.2022,21:45,28
18.12.2022,22:00,28
18.12.2022,22:15,28
18.12.2022,22:30,28
18.12.2022,22:45,28
18.12.2022,23:00,28
18.12.2022,23:15,28
18.12.2022,23:30,28
18.12.2022,23:45,28
19.12.2022,00:00,28
19.12.2022,00:15,28
19.12.2022,00:30,28
19.12.2022,00:45,28
19.12.2022,01:00,28
19.12.2022,01:15,28
19.12.2022,01:30,28
19.12.2022,01:45,28
19.12.2022,02:00,28
19.12.2022,02:15,28
19.12.2022,02:30,28
19.12.2022,02:45,28
19.12.2022,03:00,28
19.12.2022,03:15,28
19.12.2022,03:30,28
19.12.2022,03:45,28
19.12.2022,04:00,28
19.12.2022,04:15,28
19.12.2022,04:30,28
19.12.2022,04:45,28
19.12.2022,05:00,28
19.12.2022,05:15,28
19.12.2022,05:30,28
19.12.2022,05:45,28
19.12.2022,06:00,28
19.12.2022,06:15,28
19.12.2022,06:30,28
19.12.2022,06:45,28
19.12.2022,07:00,28
19.12.2022,07:15,28
19.12.2022,07:30,28
19.12.2022,07:45,28
19.12.2022,08:00,28
19.12.2022,08:15,28
19.12.2022,08:30,28
19.12.2022,08:45,28
19.12.2022,09:00,28
19.12.2022,09:15,28
19.12.2022,09:30,28
19.12.2022,09:45,28
19.12.2022,10:00,28
19.12.2022,10:15,28
19.12.2022,10:30,28
19.12.2022,10:45,28
19.12.2022,11:00,28
19.12.2022,11:15,28
19.12.2022,11:30,28
19.12.2022,11:45,28
19.12.2022,12:00,28
19.12.2022,12:15,28
19.12.2022,12:30,28
19.12.2022,12:45,28
19.12.2022,13:00,28
19.12.2022,13:15,28
19.12.2022,13:30,28
19.12.2022,13:45,28
19.12.2022,14:00,28
19.12.2022,14:15,28
19.12.2022,14:30,28
19.12.2022,14:45,28
19.12.2022,15:00,28
19.12.2022,15:15,28
19.12.2022,15:30,28
19.12.2022,15:45,28
19.12.2022,16:00,28
19.12.2022,16:15,28
19.12.2022,16:30,28
19.12.2022,16:45,28
19.12.2022,17:00,28
19.12.2022,17:15,28
19.12.2022,17:30,28
19.12.2022,17:45,28
19.12.2022,18:00,28
19.12.2022,18:15,28
19.12.2022,18:30,28
19.12.2022,18:45,28
19.12.2022,19:00,28
19.12.2022,19:15,28
19.12.2022,19:30,28
19.12.2022,19:45,28
19.12.2022,20:00,28
19.12.2022,20:15,28
19.12.2022,20:30,28
19.12.2022,20:45,28
19.12.2022,21:00,28
19.12.2022,21:15,28
19.12.2022,21:30,28
19.12.2022,21:45,28
19.12.2022,22:00,28
19.12.2022,22:15,28
19.12.2022,22:30,28
19.12.2022,22:45,28
19.12.2022,23:00,28
19.12.2022,23:15,28
19.12.2022,23:30,28
19.12.2022,23:45,28
20.12.2022,00:00,28
20.12.2022,00:15,28
20.12.2022,00:30,28
20.12.2022,00:45,28
20.12.2022,01:00,28
20.12.2022,01:15,28
20.12.2022,01:30,28
20.12.2022,01:45,28
20.12.2022,02:00,28
20.12.2022,02:15,28
20.12.2022,02:30,28
20.12.2022,02:45,28
20.12.2022,03:00,28
20.12.2022,03:15,28
20.12.2022,03:30,28
20.12.2022,03:45,28
20.12.2022,04:00,28
20.12.2022,04:15,28
20.12.2022,04:30,28
20.12.2022,04:45,28
20.12.2022,05:00,28
20.12.2022,05:15,28
20.12.2022,05:30,28
20.12.2022,05:45,28
20.12.2022,06:00,28
20.12.2022,06:15,28
20.12.2022,06:30,28
20.12.2022,06:45,28
20.12.2022,07:00,28
20.12.2022,07:15,29
20.12.2022,07:30,29
20.12.2022,07:45,29
20.12.2022,08:00,29
20.12.2022,08:15,29
20.12.2022,08:30,29
20.12.2022,08:45,29
20.12.2022,09:00,29
20.12.2022,09:15,29
20.12.2022,09:30,29
20.12.2022,09:45,29
20.12.2022,10:00,29
20.12.2022,10:15,29
20.12.2022,10:30,29
20.12.2022,10:45,29
20.12.2022,11:00,29
20.12.2022,11:15,29
20.12.2022,11:30,29
20.12.2022,11:45,29
20.12.2022,12:00,29
20.12.2022,12:15,29
20.12.2022,12:30,29
20.12.2022,12:45,29
20.12.2022,13:00,29
20.12.2022,13:15,29
20.12.2022,13:30,29
20.12.2022,13:45,29
20.12.2022,14:00,29
20.12.2022,14:15,29
20.12.2022,14:30,29
20.12.2022,14:45,29
20.12.2022,15:00,29
20.12.2022,15:15,29
20.12.2022,15:30,29
20.12.2022,15:45,29
20.12.2022,16:00,29
20.12.2022,16:15,29
20.12.2022,16:30,29
20.12.2022,16:45,29
20.12.2022,17:00,29
20.12.2022,17:15,29
20.12.2022,17:30,29
20.12.2022,17:45,29
20.12.2022,18:00,30
20.12.2022,18:15,30
20.12.2022,18:30,30
20.12.2022,18:45,30
20.12.2022,19:00,30
20.12.2022,19:15,30
20.12.2022,19:30,30
20.12.2022,19:45,30
20.12.2022,20:00,30
20.12.2022,20:15,30
20.12.2022,20:30,30
20.12.2022,20:45,30
20.12.2022,21:00,30
20.12.2022,21:15,30
20.12.2022,21:30,30
20.12.2022,21:45,30
20.12.2022,22:00,30
20.12.2022,22:15,30
20.12.2022,22:30,30
20.12.2022,22:45,30
20.12.2022,23:00,30
20.12.2022,23:15,30
20.12.2022,23:30,30
20.12.2022,23:45,30
21.12.2022,00:00,30
21.12.2022,00:15,30
21.12.2022,00:30,30
21.12.2022,00:45,30
21.12.2022,01:00,30
21.12.2022,01:15,31
21.12.2022,01:30,31
21.12.2022,01:45,31
21.12.2022,02:00,31
21.12.2022,02:15,31
21.12.2022,02:30,31
21.12.2022,02:45,31
21.12.2022,03:00,31
21.12.2022,03:15,31
21.12.2022,03:30,31
21.12.2022,03:45,31
21.12.2022,04:00,31
21.12.2022,04:15,31
21.12.2022,04:30,31
21.12.2022,04:45,31
21.12.2022,05:00,31
21.12.2022,05:15,31
21.12.2022,05:30,31
21.12.2022,05:45,32
21.12.2022,06:00,32
21.12.2022,06:15,32
21.12.2022,06:30,32
21.12.2022,06:45,32
21.12.2022,07:00,32
21.12.2022,07:15,32
21.12.2022,07:30,32
21.12.2022,07:45,32
21.12.2022,08:00,32
21.12.2022,08:15,32
21.12.2022,08:30,32
21.12.2022,08:45,32
21.12.2022,09:00,32
21.12.2022,09:15,32
21.12.2022,09:30,32
21.12.2022,09:45,32
21.12.2022,10:00,32
21.12.2022,10:15,32
21.12.2022,10:30,32
21.12.2022,10:45,32
21.12.2022,11:00,32
21.12.2022,11:15,33
21.12.2022,11:30,33
21.12.2022,11:45,33
21.12.2022,12:00,33
21.12.2022,12:15,33
21.12.2022,12:30,33
21.12.2022,12:45,33
21.12.2022,13:00,33
21.12.2022,13:15,33
21.12.2022,13:30,33
21.12.2022,13:45,33
21.12.2022,14:00,33
21.12.2022,14:15,33
21.12.2022,14:30,33
21.12.2022,14:45,33
21.12.2022,15:00,33
21.12.2022,15:15,33
21.12.2022,15:30,33
21.12.2022,15:45,33
21.12.2022,16:00,33
21.12.2022,16:15,33
21.12.2022,16:30,33
21.12.2022,16:45,33
21.12.2022,17:00,33
21.12.2022,17:15,33
21.12.2022,17:30,33
21.12.2022,17:45,33
21.12.2022,18:00,33
21.12.2022,18:15,33
21.12.2022,18:30,33
21.12.2022,18:45,33
21.12.2022,19:00,33
21.12.2022,19:15,33
21.12.2022,19:30,33
21.12.2022,19:45,33
21.12.2022,20:00,33
21.12.2022,20:15,33
21.12.2022,20:30,33
21.12.2022,20:45,33
21.12.2022,21:00,33
21.12.2022,21:15,33
21.12.2022,21:30,33
21.12.2022,21:45,33
21.12.2022,22:00,33
21.12.2022,22:15,33
21.12.2022,22:30,33
21.12.2022,22:45,33
21.12.2022,23:00,33
21.12.2022,23:15,33
21.12.2022,23:30,33
21.12.2022,23:45,33
22.12.2022,00:00,33
22.12.2022,00:15,33
22.12.2022,00:30,33
22.12.2022,00:45,33
22.12.2022,01:00,33
22.12.2022,01:15,33
22.12.2022,01:30,33
22.12.2022,01:45,33
22.12.2022,02:00,33
22.12.2022,02:15,33
22.12.2022,02:30,34
22.12.2022,02:45,34
22.12.2022,03:00,34
22.12.2022,03:15,34
22.12.2022,03:30,34
22.12.2022,03:45,34
22.12.2022,04:00,35
22.12.2022,04:15,35
22.12.2022,04:30,35
22.12.2022,04:45,35
22.12.2022,05:00,36
22.12.2022,05:15,36
22.12.2022,05:30,36
22.12.2022,05:45,37
22.12.2022,06:00,37
22.12.2022,06:15,38
22.12.2022,06:30,39
22.12.2022,06:45,40
22.12.2022,07:00,40
22.12.2022,07:15,41
22.12.2022,07:30,43
22.12.2022,07:45,45
22.12.2022,08:00,47
22.12.2022,08:15,49
22.12.2022,08:30,51
22.12.2022,08:45,53
22.12.2022,09:00,55
22.12.2022,09:15,58
22.12.2022,09:30,59
22.12.2022,09:45,61
22.12.2022,10:00,63
22.12.2022,10:15,65
22.12.2022,10:30,66
22.12.2022,10:45,66
22.12.2022,11:00,68
22.12.2022,11:15,70
22.12.2022,11:30,72
22.12.2022,11:45,73
22.12.2022,12:00,75
22.12.2022,12:15,75
22.12.2022,12:30,75
22.12.2022,12:45,74
22.12.2022,13:00,73
22.12.2022,13:15,72
22.12.2022,13:30,72
22.12.2022,13:45,71
22.12.2022,14:00,70
22.12.2022,14:15,69
22.12.2022,14:30,68
22.12.2022,14:45,67
22.12.2022,15:00,67
22.12.2022,15:15,67
22.12.2022,15:30,67
22.12.2022,15:45,66
22.12.2022,16:00,66
22.12.2022,16:15,66
22.12.2022,16:30,66
22.12.2022,16:45,66
22.12.2022,17:00,66
22.12.2022,17:15,65
22.12.2022,17:30,65
22.12.2022,17:45,65
22.12.2022,18:00,64
22.12.2022,18:15,64
22.12.2022,18:30,64
22.12.2022,18:45,64
22.12.2022,19:00,64
22.12.2022,19:15,64
22.12.2022,19:30,64
22.12.2022,19:45,64
22.12.2022,20:00,63
22.12.2022,20:15,63
22.12.2022,20:30,63
22.12.2022,20:45,63
22.12.2022,21:00,63
22.12.2022,21:15,63
22.12.2022,21:30,63
22.12.2022,21:45,64
22.12.2022,22:00,64
22.12.2022,22:15,64
22.12.2022,22:30,64
22.12.2022,22:45,64
22.12.2022,23:00,64
22.12.2022,23:15,65
22.12.2022,23:30,65
22.12.2022,23:45,65
23.12.2022,00:00,65
23.12.2022,00:15,65
23.12.2022,00:30,65
23.12.2022,00:45,66
23.12.2022,01:00,66
23.12.2022,01:15,66
23.12.2022,01:30,66
23.12.2022,01:45,66
23.12.2022,02:00,66
23.12.2022,02:15,66
23.12.2022,02:30,66
23.12.2022,02:45,66
23.12.2022,03:00,66
23.12.2022,03:15,66
23.12.2022,03:30,66
23.12.2022,03:45,66
23.12.2022,04:00,66
23.12.2022,04:15,66
23.12.2022,04:30,66
23.12.2022,04:45,66
23.12.2022,05:00,66
23.12.2022,05:15,66
23.12.2022,05:30,66
23.12.2022,05:45,66
23.12.2022,06:00,66
23.12.2022,06:15,66
23.12.2022,06:30,65
23.12.2022,06:45,65
23.12.2022,07:00,65
23.12.2022,07:15,65
23.12.2022,07:30,65
23.12.2022,07:45,65
23.12.2022,08:00,65
23.12.2022,08:15,65
23.12.2022,08:30,65
23.12.2022,08:45,65
23.12.2022,09:00,64
23.12.2022,09:15,64
23.12.2022,09:30,64
23.12.2022,09:45,64
23.12.2022,10:00,64
23.12.2022,10:15,64
23.12.2022,10:30,64
23.12.2022,10:45,63
23.12.2022,11:00,63
23.12.2022,11:15,63
23.12.2022,11:30,63
23.12.2022,11:45,63
23.12.2022,12:00,62
23.12.2022,12:15,62
23.12.2022,12:30,62
23.12.2022,12:45,62
23.12.2022,13:00,62
23.12.2022,13:15,62
23.12.2022,13:30,62
23.12.2022,13:45,63
23.12.2022,14:00,63
23.12.2022,14:15,64
23.12.2022,14:30,65
23.12.2022,14:45,65
23.12.2022,15:00,66
23.12.2022,15:15,66
23.12.2022,15:30,66
23.12.2022,15:45,67
23.12.2022,16:00,67
23.12.2022,16:15,69
23.12.2022,16:30,69
23.12.2022,16:45,71
23.12.2022,17:00,72
23.12.2022,17:15,73
23.12.2022,17:30,75
23.12.2022,17:45,76
23.12.2022,18:00,77
23.12.2022,18:15,78
23.12.2022,18:30,79
23.12.2022,18:45,79
23.12.2022,19:00,80
23.12.2022,19:15,80
23.12.2022,19:30,80
23.12.2022,19:45,80
23.12.2022,20:00,80
23.12.2022,20:15,80
23.12.2022,20:30,80
23.12.2022,20:45,80
23.12.2022,21:00,80
23.12.2022,21:15,80
23.12.2022,21:30,79
23.12.2022,21:45,79
23.12.2022,22:00,79
23.12.2022,22:15,78
23.12.2022,22:30,78
23.12.2022,22:45,77
23.12.2022,23:00,77
23.12.2022,23:15,77
23.12.2022,23:30,77
23.12.2022,23:45,76
24.12.2022,00:00,76
24.12.2022,00:15,75
24.12.2022,00:30,75
24.12.2022,00:45,75
24.12.2022,01:00,74
24.12.2022,01:15,74
24.12.2022,01:30,74
24.12.2022,01:45,73
24.12.2022,02:00,73
24.12.2022,02:15,73
24.12.2022,02:30,72
24.12.2022,02:45,72
24.12.2022,03:00,72
24.12.2022,03:15,71
24.12.2022,03:30,71
24.12.2022,03:45,71
24.12.2022,04:00,70
24.12.2022,04:15,70
24.12.2022,04:30,70
24.12.2022,04:45,70
24.12.2022,05:00,69
24.12.2022,05:15,69
24.12.2022,05:30,69
24.12.2022,05:45,68
24.12.2022,06:00,68
24.12.2022,06:15,68
24.12.2022,06:30,68
24.12.2022,06:45,68
24.12.2022,07:00,67
24.12.2022,07:15,67
24.12.2022,07:30,67
24.12.2022,07:45,67
24.12.2022,08:00,67
24.12.2022,08:15,67
24.12.2022,08:30,67
24.12.2022,08:45,66
24.12.2022,09:00,66
24.12.2022,09:15,66
24.12.2022,09:30,66
24.12.2022,09:45,66
24.12.2022,10:00,66
24.12.2022,10:15,66
24.12.2022,10:30,66
24.12.2022,10:45,66
24.12.2022,11:00,66
24.12.2022,11:15,66
24.12.2022,11:30,66
24.12.2022,11:45,66
24.12.2022,12:00,65
24.12.2022,12:15,65
24.12.2022,12:30,65
24.12.2022,12:45,65
24.12.2022,13:00,65
24.12.2022,13:15,65
24.12.2022,13:30,64
24.12.2022,13:45,64
24.12.2022,14:00,64
24.12.2022,14:15,64
24.12.2022,14:30,64
24.12.2022,14:45,63
24.12.2022,15:00,63
24.12.2022,15:15,63
24.12.2022,15:30,63
24.12.2022,15:45,63
24.12.2022,16:00,62
24.12.2022,16:15,62
24.12.2022,16:30,62
24.12.2022,16:45,61
24.12.2022,17:00,61
24.12.2022,17:15,61
24.12.2022,17:30,61
24.12.2022,17:45,61
24.12.2022,18:00,61
24.12.2022,18:15,60
24.12.2022,18:30,60
24.12.2022,18:45,60
24.12.2022,19:00,60
24.12.2022,19:15,60
24.12.2022,19:30,59
24.12.2022,19:45,59
24.12.2022,20:00,59
24.12.2022,20:15,59
24.12.2022,20:30,59
24.12.2022,20:45,59
24.12.2022,21:00,59
24.12.2022,21:15,59
24.12.2022,21:30,58
24.12.2022,21:45,58
24.12.2022,22:00,58
24.12.2022,22:15,58
24.12.2022,22:30,58
24.12.2022,22:45,58
24.12.2022,23:00,58
24.12.2022,23:15,58
24.12.2022,23:30,57
24.12.2022,23:45,57
25.12.2022,00:00,57
25.12.2022,00:15,57
25.12.2022,00:30,57
25.12.2022,00:45,57
25.12.2022,01:00,57
25.12.2022,01:15,57
25.12.2022,01:30,56
25.12.2022,01:45,56
25.12.2022,02:00,56
25.12.2022,02:15,56
25.12.2022,02:30,56
25.12.2022,02:45,56
25.12.2022,03:00,56
25.12.2022,03:15,56
25.12.2022,03:30,56
25.12.2022,03:45,55
25.12.2022,04:00,55
25.12.2022,04:15,55
25.12.2022,04:30,55
25.12.2022,04:45,55
25.12.2022,05:00,55
25.12.2022,05:15,55
25.12.2022,05:30,55
25.12.2022,05:45,54
25.12.2022,06:00,54
25.12.2022,06:15,54
25.12.2022,06:30,54
25.12.2022,06:45,54
25.12.2022,07:00,54
25.12.2022,07:15,54
25.12.2022,07:30,54
25.12.2022,07:45,54
25.12.2022,08:00,54
25.12.2022,08:15,53
25.12.2022,08:30,53
25.12.2022,08:45,53
25.12.2022,09:00,53
25.12.2022,09:15,53
25.12.2022,09:30,53
25.12.2022,09:45,53
25.12.2022,10:00,53
25.12.2022,10:15,53
25.12.2022,10:30,53
25.12.2022,10:45,53
25.12.2022,11:00,53
25.12.2022,11:15,53
25.12.2022,11:30,53
25.12.2022,11:45,53
25.12.2022,12:00,52
25.12.2022,12:15,52
25.12.2022,12:30,52
25.12.2022,12:45,52
25.12.2022,13:00,52
25.12.2022,13:15,52
25.12.2022,13:30,52
25.12.2022,13:45,52
25.12.2022,14:00,52
25.12.2022,14:15,52
25.12.2022,14:30,52
25.12.2022,14:45,52
25.12.2022,15:00,52
25.12.2022,15:15,52
25.12.2022,15:30,52
25.12.2022,15:45,52
25.12.2022,16:00,52
25.12.2022,16:15,52
25.12.2022,16:30,51
25.12.2022,16:45,51
25.12.2022,17:00,51
25.12.2022,17:15,51
25.12.2022,17:30,51
25.12.2022,17:45,51
25.12.2022,18:00,51
25.12.2022,18:15,51
25.12.2022,18:30,51
25.12.2022,18:45,51
25.12.2022,19:00,51
25.12.2022,19:15,51
25.12.2022,19:30,50
25.12.2022,19:45,50
25.12.2022,20:00,50
25.12.2022,20:15,50
25.12.2022,20:30,50
25.12.2022,20:45,50
25.12.2022,21:00,50
25.12.2022,21:15,50
25.12.2022,21:30,50
25.12.2022,21:45,50
25.12.2022,22:00,50
25.12.2022,22:15,50
25.12.2022,22:30,50
25.12.2022,22:45,50
25.12.2022,23:00,50
25.12.2022,23:15,49
25.12.2022,23:30,49
25.12.2022,23:45,49
26.12.2022,00:00,49
26.12.2022,00:15,49
26.12.2022,00:30,49
26.12.2022,00:45,49
26.12.2022,01:00,49
26.12.2022,01:15,49
26.12.2022,01:30,49
26.12.2022,01:45,49
26.12.2022,02:00,49
26.12.2022,02:15,49
26.12.2022,02:30,49
26.12.2022,02:45,49
26.12.2022,03:00,48
26.12.2022,03:15,48
26.12.2022,03:30,48
26.12.2022,03:45,48
26.12.2022,04:00,48
26.12.2022,04:15,48
26.12.2022,04:30,48
26.12.2022,04:45,48
26.12.2022,05:00,48
26.12.2022,05:15,48
26.12.2022,05:30,48
26.12.2022,05:45,48
26.12.2022,06:00,48
26.12.2022,06:15,48
26.12.2022,06:30,48
26.12.2022,06:45,48
26.12.2022,07:00,48
26.12.2022,07:15,47
26.12.2022,07:30,47
26.12.2022,07:45,47
26.12.2022,08:00,47
26.12.2022,08:15,47
26.12.2022,08:30,47
26.12.2022,08:45,47
26.12.2022,09:00,47
26.12.2022,09:15,47
26.12.2022,09:30,47
26.12.2022,09:45,47
26.12.2022,10:00,47
26.12.2022,10:15,47
26.12.2022,10:30,47
26.12.2022,10:45,47
26.12.2022,11:00,47
26.12.2022,11:15,47
26.12.2022,11:30,47
26.12.2022,11:45,47
26.12.2022,12:00,46
26.12.2022,12:15,46
26.12.2022,12:30,46
26.12.2022,12:45,46
26.12.2022,13:00,46
26.12.2022,13:15,46
26.12.2022,13:30,46
26.12.2022,13:45,46
26.12.2022,14:00,46
26.12.2022,14:15,46
26.12.2022,14:30,46
26.12.2022,14:45,46
26.12.2022,15:00,46
26.12.2022,15:15,46
26.12.2022,15:30,46
26.12.2022,15:45,46
26.12.2022,16:00,46
26.12.2022,16:15,46
26.12.2022,16:30,46
26.12.2022,16:45,46
26.12.2022,17:00,46
26.12.2022,17:15,46
26.12.2022,17:30,46
26.12.2022,17:45,46
26.12.2022,18:00,46
26.12.2022,18:15,46
26.12.2022,18:30,46
26.12.2022,18:45,46
26.12.2022,19:00,45
26.12.2022,19:15,46
26.12.2022,19:30,45
26.12.2022,19:45,45
26.12.2022,20:00,45
26.12.2022,20:15,45
26.12.2022,20:30,45
26.12.2022,20:45,45
26.12.2022,21:00,45
26.12.2022,21:15,45
26.12.2022,21:30,45
26.12.2022,21:45,45
26.12.2022,22:00,45
26.12.2022,22:15,45
26.12.2022,22:30,45
26.12.2022,22:45,45
26.12.2022,23:00,45
26.12.2022,23:15,45
26.12.2022,23:30,45
26.12.2022,23:45,45
27.12.2022,00:00,45
27.12.2022,00:15,45
27.12.2022,00:30,45
27.12.2022,00:45,45
27.12.2022,01:00,45
27.12.2022,01:15,45
27.12.2022,01:30,45
27.12.2022,01:45,44
27.12.2022,02:00,44
27.12.2022,02:15,44
27.12.2022,02:30,44
27.12.2022,02:45,44
27.12.2022,03:00,44
27.12.2022,03:15,44
27.12.2022,03:30,44
27.12.2022,03:45,44
27.12.2022,04:00,44
27.12.2022,04:15,44
27.12.2022,04:30,44
27.12.2022,04:45,44
27.12.2022,05:00,44
27.12.2022,05:15,44
27.12.2022,05:30,44
27.12.2022,05:45,44
27.12.2022,06:00,44
27.12.2022,06:15,44
27.12.2022,06:30,44
27.12.2022,06:45,44
27.12.2022,07:00,44
27.12.2022,07:15,43
27.12.2022,07:30,43
27.12.2022,07:45,43
27.12.2022,08:00,43
27.12.2022,08:15,43
27.12.2022,08:30,43
27.12.2022,08:45,43
27.12.2022,09:00,43
27.12.2022,09:15,43
27.12.2022,09:30,43
27.12.2022,09:45,43
27.12.2022,10:00,43
27.12.2022,10:15,43
27.12.2022,10:30,43
27.12.2022,10:45,43
27.12.2022,11:00,43
27.12.2022,11:15,43
27.12.2022,11:30,43
27.12.2022,11:45,43
27.12.2022,12:00,43
27.12.2022,12:15,43
27.12.2022,12:30,43
27.12.2022,12:45,43
27.12.2022,13:00,43
27.12.2022,13:15,43
27.12.2022,13:30,42
27.12.2022,13:45,42
27.12.2022,14:00,42
27.12.2022,14:15,42
27.12.2022,14:30,42
27.12.2022,14:45,42
27.12.2022,15:00,42
27.12.2022,15:15,42
27.12.2022,15:30,42
27.12.2022,15:45,42
27.12.2022,16:00,42
27.12.2022,16:15,42
27.12.2022,16:30,42
27.12.2022,16:45,42
27.12.2022,17:00,42
27.12.2022,17:15,42
27.12.2022,17:30,42
27.12.2022,17:45,42
27.12.2022,18:00,42
27.12.2022,18:15,42
27.12.2022,18:30,42
27.12.2022,18:45,42
27.12.2022,19:00,42
27.12.2022,19:15,42
27.12.2022,19:30,42
27.12.2022,19:45,42
27.12.2022,20:00,42
27.12.2022,20:15,42
27.12.2022,20:30,42
27.12.2022,20:45,42
27.12.2022,21:00,42
27.12.2022,21:15,42
27.12.2022,21:30,42
27.12.2022,21:45,41
27.12.2022,22:00,41
27.12.2022,22:15,41
27.12.2022,22:30,41
27.12.2022,22:45,41
27.12.2022,23:00,41
27.12.2022,23:15,41
27.12.2022,23:30,41
27.12.2022,23:45,41
28.12.2022,00:00,41
28.12.2022,00:15,41
28.12.2022,00:30,41
28.12.2022,00:45,41
28.12.2022,01:00,41
28.12.2022,01:15,41
28.12.2022,01:30,41
28.12.2022,01:45,41
28.12.2022,02:00,41
28.12.2022,02:15,41
28.12.2022,02:30,41
28.12.2022,02:45,41
28.12.2022,03:00,41
28.12.2022,03:15,41
28.12.2022,03:30,41
28.12.2022,03:45,41
28.12.2022,04:00,41
28.12.2022,04:15,41
28.12.2022,04:30,41
28.12.2022,04:45,41
28.12.2022,05:00,41
28.12.2022,05:15,41
28.12.2022,05:30,41
28.12.2022,05:45,41
28.12.2022,06:00,41
28.12.2022,06:15,41
28.12.2022,06:30,41
28.12.2022,06:45,41
28.12.2022,07:00,41
28.12.2022,07:15,41
28.12.2022,07:30,41
28.12.2022,07:45,41
28.12.2022,08:00,41
28.12.2022,08:15,41
28.12.2022,08:30,41
28.12.2022,08:45,41
28.12.2022,09:00,41
28.12.2022,09:15,41
28.12.2022,09:30,41
28.12.2022,09:45,40
28.12.2022,10:00,40
28.12.2022,10:15,40
28.12.2022,10:30,40
28.12.2022,10:45,40
28.12.2022,11:00,40
28.12.2022,11:15,40
28.12.2022,11:30,40
28.12.2022,11:45,40
28.12.2022,12:00,40
28.12.2022,12:15,40
28.12.2022,12:30,40
28.12.2022,12:45,40
28.12.2022,13:00,40
28.12.2022,13:15,40
28.12.2022,13:30,40
28.12.2022,13:45,40
28.12.2022,14:00,40
28.12.2022,14:15,40
28.12.2022,14:30,40
28.12.2022,14:45,40
28.12.2022,15:00,40
28.12.2022,15:15,40
28.12.2022,15:30,40
28.12.2022,15:45,40
28.12.2022,16:00,40
28.12.2022,16:15,40
28.12.2022,16:30,40
28.12.2022,16:45,40
28.12.2022,17:00,40
28.12.2022,17:15,40
28.12.2022,17:30,40
28.12.2022,17:45,40
28.12.2022,18:00,40
28.12.2022,18:15,40
28.12.2022,18:30,40
28.12.2022,18:45,40
28.12.2022,19:00,40
28.12.2022,19:15,40
28.12.2022,19:30,40
28.12.2022,19:45,40
28.12.2022,20:00,40
28.12.2022,20:15,40
28.12.2022,20:30,40
28.12.2022,20:45,40
28.12.2022,21:00,40
28.12.2022,21:15,40
28.12.2022,21:30,40
28.12.2022,21:45,40
28.12.2022,22:00,40
28.12.2022,22:15,40
28.12.2022,22:30,40
28.12.2022,22:45,40
28.12.2022,23:00,40
28.12.2022,23:15,40
28.12.2022,23:30,40
28.12.2022,23:45,40
29.12.2022,00:00,40
29.12.2022,00:15,40
29.12.2022,00:30,40
29.12.2022,00:45,40
29.12.2022,01:00,40
29.12.2022,01:15,40
29.12.2022,01:30,40
29.12.2022,01:45,40
29.12.2022,02:00,40
29.12.2022,02:15,40
29.12.2022,02:30,40
29.12.2022,02:45,40
29.12.2022,03:00,40
29.12.2022,03:15,40
29.12.2022,03:30,41
29.12.2022,03:45,41
29.12.2022,04:00,41
29.12.2022,04:15,41
29.12.2022,04:30,41
29.12.2022,04:45,41
29.12.2022,05:00,41
29.12.2022,05:15,41
29.12.2022,05:30,41
29.12.2022,05:45,41
29.12.2022,06:00,41
29.12.2022,06:15,42
29.12.2022,06:30,42
29.12.2022,06:45,42
29.12.2022,07:00,42
29.12.2022,07:15,43
29.12.2022,07:30,43
29.12.2022,07:45,43
29.12.2022,08:00,44
29.12.2022,08:15,44
29.12.2022,08:30,44
29.12.2022,08:45,45
29.12.2022,09:00,45
29.12.2022,09:15,46
29.12.2022,09:30,47
29.12.2022,09:45,47
29.12.2022,10:00,48
29.12.2022,10:15,48
29.12.2022,10:30,49
29.12.2022,10:45,49
29.12.2022,11:00,50
29.12.2022,11:15,50
29.12.2022,11:30,50
29.12.2022,11:45,50
29.12.2022,12:00,50
29.12.2022,12:15,50
29.12.2022,12:30,50
29.12.2022,12:45,50
29.12.2022,13:00,50
29.12.2022,13:15,50
29.12.2022,13:30,50
29.12.2022,13:45,50
29.12.2022,14:00,50
29.12.2022,14:15,49
29.12.2022,14:30,49
29.12.2022,14:45,49
29.12.2022,15:00,49
29.12.2022,15:15,49
29.12.2022,15:30,49
29.12.2022,15:45,49
29.12.2022,16:00,49
29.12.2022,16:15,48
29.12.2022,16:30,48
29.12.2022,16:45,48
29.12.2022,17:00,48
29.12.2022,17:15,48
29.12.2022,17:30,48
29.12.2022,17:45,48
29.12.2022,18:00,48
29.12.2022,18:15,48
29.12.2022,18:30,48
29.12.2022,18:45,47
29.12.2022,19:00,47
29.12.2022,19:15,47
29.12.2022,19:30,47
29.12.2022,19:45,47
29.12.2022,20:00,47
29.12.2022,20:15,47
29.12.2022,20:30,47
29.12.2022,20:45,47
29.12.2022,21:00,47
29.12.2022,21:15,47
29.12.2022,21:30,47
29.12.2022,21:45,47
29.12.2022,22:00,47
29.12.2022,22:15,47
29.12.2022,22:30,47
29.12.2022,22:45,47
29.12.2022,23:00,47
29.12.2022,23:15,47
29.12.2022,23:30,47
29.12.2022,23:45,47
30.12.2022,00:00,47
30.12.2022,00:15,47
30.12.2022,00:30,47
30.12.2022,00:45,47
30.12.2022,01:00,46
30.12.2022,01:15,46
30.12.2022,01:30,46
30.12.2022,01:45,46
30.12.2022,02:00,46
30.12.2022,02:15,46
30.12.2022,02:30,46
30.12.2022,02:45,46
30.12.2022,03:00,46
30.12.2022,03:15,46
30.12.2022,03:30,46
30.12.2022,03:45,46
30.12.2022,04:00,46
30.12.2022,04:15,46
30.12.2022,04:30,46
30.12.2022,04:45,46
30.12.2022,05:00,46
30.12.2022,05:15,46
30.12.2022,05:30,46
30.12.2022,05:45,46
30.12.2022,06:00,46
30.12.2022,06:15,46
30.12.2022,06:30,46
30.12.2022,06:45,46
30.12.2022,07:00,45
30.12.2022,07:15,45
30.12.2022,07:30,45
30.12.2022,07:45,45
30.12.2022,08:00,45
30.12.2022,08:15,45
30.12.2022,08:30,45
30.12.2022,08:45,45
30.12.2022,09:00,45
30.12.2022,09:15,45
30.12.2022,09:30,45
30.12.2022,09:45,45
30.12.2022,10:00,45
30.12.2022,10:15,45
30.12.2022,10:30,45
30.12.2022,10:45,45
30.12.2022,11:00,45
30.12.2022,11:15,45
30.12.2022,11:30,45
30.12.2022,11:45,45
30.12.2022,12:00,45
30.12.2022,12:15,45
30.12.2022,12:30,45
30.12.2022,12:45,45
30.12.2022,13:00,45
30.12.2022,13:15,45
30.12.2022,13:30,45
30.12.2022,13:45,44
30.12.2022,14:00,44
30.12.2022,14:15,44
30.12.2022,14:30,44
30.12.2022,14:45,44
30.12.2022,15:00,44
30.12.2022,15:15,44
30.12.2022,15:30,44
30.12.2022,15:45,44
30.12.2022,16:00,44
30.12.2022,16:15,44
30.12.2022,16:30,44
30.12.2022,16:45,44
30.12.2022,17:00,44
30.12.2022,17:15,44
30.12.2022,17:30,45
30.12.2022,17:45,45
30.12.2022,18:00,45
30.12.2022,18:15,45
30.12.2022,18:30,45
30.12.2022,18:45,45
30.12.2022,19:00,45
30.12.2022,19:15,45
30.12.2022,19:30,45
30.12.2022,19:45,45
30.12.2022,20:00,45
30.12.2022,20:15,45
30.12.2022,20:30,45
30.12.2022,20:45,46
30.12.2022,21:00,46
30.12.2022,21:15,46
30.12.2022,21:30,46
30.12.2022,21:45,46
30.12.2022,22:00,46
30.12.2022,22:15,46
30.12.2022,22:30,46
30.12.2022,22:45,46
30.12.2022,23:00,46
30.12.2022,23:15,46
30.12.2022,23:30,46
30.12.2022,23:45,46
31.12.2022,00:00,46
31.12.2022,00:15,46
31.12.2022,00:30,46
31.12.2022,00:45,46
31.12.2022,01:00,47
31.12.2022,01:15,47
31.12.2022,01:30,47
31.12.2022,01:45,47
31.12.2022,02:00,47
31.12.2022,02:15,47
31.12.2022,02:30,47
31.12.2022,02:45,47
31.12.2022,03:00,47
31.12.2022,03:15,47
31.12.2022,03:30,47
31.12.2022,03:45,47
31.12.2022,04:00,47
31.12.2022,04:15,47
31.12.2022,04:30,47
31.12.2022,04:45,47
31.12.2022,05:00,48
31.12.2022,05:15,48
31.12.2022,05:30,48
31.12.2022,05:45,48
31.12.2022,06:00,48
31.12.2022,06:15,48
31.12.2022,06:30,49
31.12.2022,06:45,49
31.12.2022,07:00,49
31.12.2022,07:15,49
31.12.2022,07:30,50
31.12.2022,07:45,50
31.12.2022,08:00,50
31.12.2022,08:15,50
31.12.2022,08:30,51
31.12.2022,08:45,51
31.12.2022,09:00,51
31.12.2022,09:15,51
31.12.2022,09:30,51
31.12.2022,09:45,51
31.12.2022,10:00,51
31.12.2022,10:15,51
31.12.2022,10:30,51
31.12.2022,10:45,51
31.12.2022,11:00,51
31.12.2022,11:15,51
31.12.2022,11:30,51
31.12.2022,11:45,51
31.12.2022,12:00,51
31.12.2022,12:15,50
31.12.2022,12:30,50
31.12.2022,12:45,50
31.12.2022,13:00,50
31.12.2022,13:15,50
31.12.2022,13:30,50
31.12.2022,13:45,50
31.12.2022,14:00,50
31.12.2022,14:15,50
31.12.2022,14:30,50
31.12.2022,14:45,50
31.12.2022,15:00,50
31.12.2022,15:15,50
31.12.2022,15:30,49
31.12.2022,15:45,49
31.12.2022,16:00,49
31.12.2022,16:15,49
31.12.2022,16:30,49
31.12.2022,16:45,49
31.12.2022,17:00,49
31.12.2022,17:15,49
31.12.2022,17:30,49
31.12.2022,17:45,49
31.12.2022,18:00,49
31.12.2022,18:15,49
31.12.2022,18:30,49
31.12.2022,18:45,49
31.12.2022,19:00,49
31.12.2022,19:15,49
31.12.2022,19:30,49
31.12.2022,19:45,49
31.12.2022,20:00,48
31.12.2022,20:15,48
31.12.2022,20:30,48
31.12.2022,20:45,48
31.12.2022,21:00,48
31.12.2022,21:15,48
31.12.2022,21:30,48
31.12.2022,21:45,48
31.12.2022,22:00,48
31.12.2022,22:15,48
31.12.2022,22:30,48
31.12.2022,22:45,48
31.12.2022,23:00,48
31.12.2022,23:15,48
31.12.2022,23:30,48
31.12.2022,23:45,48
01.01.2023,00:00,48
01.01.2023,00:15,48
01.01.2023,00:30,48
01.01.2023,00:45,48
01.01.2023,01:00,48
01.01.2023,01:15,47
01.01.2023,01:30,47
01.01.2023,01:45,47
01.01.2023,02:00,47
01.01.2023,02:15,47
01.01.2023,02:30,47
01.01.2023,02:45,47
01.01.2023,03:00,47
01.01.2023,03:15,47
01.01.2023,03:30,47
01.01.2023,03:45,47
01.01.2023,04:00,47
01.01.2023,04:15,47
01.01.2023,04:30,47
01.01.2023,04:45,47
01.01.2023,05:00,47
01.01.2023,05:15,47
01.01.2023,05:30,47
01.01.2023,05:45,47
01.01.2023,06:00,47
01.01.2023,06:15,47
01.01.2023,06:30,47
01.01.2023,06:45,47
01.01.2023,07:00,47
01.01.2023,07:15,47
01.01.2023,07:30,46
01.01.2023,07:45,46
01.01.2023,08:00,46
01.01.2023,08:15,46
01.01.2023,08:30,46
01.01.2023,08:45,46
01.01.2023,09:00,46
01.01.2023,09:15,46
01.01.2023,09:30,46
01.01.2023,09:45,46
01.01.2023,10:00,46
01.01.2023,10:15,46
01.01.2023,10:30,46
01.01.2023,10:45,46
01.01.2023,11:00,46
01.01.2023,11:15,46
01.01.2023,11:30,46
01.01.2023,11:45,46
01.01.2023,12:00,45
01.01.2023,12:15,45
01.01.2023,12:30,45
01.01.2023,12:45,45
01.01.2023,13:00,45
01.01.2023,13:15,45
01.01.2023,13:30,45
01.01.2023,13:45,45
01.01.2023,14:00,45
01.01.2023,14:15,45
01.01.2023,14:30,45
01.01.2023,14:45,45
01.01.2023,15:00,45
01.01.2023,15:15,45
01.01.2023,15:30,45
01.01.2023,15:45,45
01.01.2023,16:00,45
01.01.2023,16:15,45
01.01.2023,16:30,45
01.01.2023,16:45,45
01.01.2023,17:00,45
01.01.2023,17:15,45
01.01.2023,17:30,45
01.01.2023,17:45,45
01.01.2023,18:00,44
01.01.2023,18:15,44
01.01.2023,18:30,44
01.01.2023,18:45,44
01.01.2023,19:00,44
01.01.2023,19:15,44
01.01.2023,19:30,44
01.01.2023,19:45,44
01.01.2023,20:00,44
01.01.2023,20:15,44
01.01.2023,20:30,44
01.01.2023,20:45,44
01.01.2023,21:00,44
01.01.2023,21:15,44
01.01.2023,21:30,44
01.01.2023,21:45,44
01.01.2023,22:00,44
01.01.2023,22:15,44
01.01.2023,22:30,44
01.01.2023,22:45,44
01.01.2023,23:00,44
01.01.2023,23:15,44
01.01.2023,23:30,44
01.01.2023,23:45,44
02.01.2023,00:00,44
02.01.2023,00:15,44
02.01.2023,00:30,44
02.01.2023,00:45,44
02.01.2023,01:00,44
02.01.2023,01:15,44
02.01.2023,01:30,44
02.01.2023,01:45,43
02.01.2023,02:00,43
02.01.2023,02:15,43
02.01.2023,02:30,43
02.01.2023,02:45,43
02.01.2023,03:00,43
02.01.2023,03:15,43
02.01.2023,03:30,43
02.01.2023,03:45,43
02.01.2023,04:00,43
02.01.2023,04:15,43
02.01.2023,04:30,43
02.01.2023,04:45,43
02.01.2023,05:00,43
02.01.2023,05:15,43
02.01.2023,05:30,43
02.01.2023,05:45,43
02.01.2023,06:00,43
02.01.2023,06:15,43
02.01.2023,06:30,43
02.01.2023,06:45,43
02.01.2023,07:00,43
02.01.2023,07:15,43
02.01.2023,07:30,43
02.01.2023,07:45,43
02.01.2023,08:00,43
02.01.2023,08:15,43
02.01.2023,08:30,43
02.01.2023,08:45,42
02.01.2023,09:00,42
02.01.2023,09:15,42
02.01.2023,09:30,42
02.01.2023,09:45,42
02.01.2023,10:00,42
02.01.2023,10:15,42
02.01.2023,10:30,42
02.01.2023,10:45,42
02.01.2023,11:00,42
02.01.2023,11:15,42
02.01.2023,11:30,42
02.01.2023,11:45,42
02.01.2023,12:00,42
02.01.2023,12:15,42
02.01.2023,12:30,43
02.01.2023,12:45,43
02.01.2023,13:00,43
02.01.2023,13:15,43
02.01.2023,13:30,43
02.01.2023,13:45,43
02.01.2023,14:00,43
02.01.2023,14:15,43
02.01.2023,14:30,43
02.01.2023,14:45,43
02.01.2023,15:00,44
02.01.2023,15:15,44
02.01.2023,15:30,44
02.01.2023,15:45,44
02.01.2023,16:00,44
02.01.2023,16:15,44
02.01.2023,16:30,44
02.01.2023,16:45,44
02.01.2023,17:00,44
02.01.2023,17:15,44
02.01.2023,17:30,44
02.01.2023,17:45,44
02.01.2023,18:00,44
02.01.2023,18:15,44
02.01.2023,18:30,44
02.01.2023,18:45,44
02.01.2023,19:00,45
02.01.2023,19:15,45
02.01.2023,19:30,45
02.01.2023,19:45,45
02.01.2023,20:00,45
02.01.2023,20:15,45
02.01.2023,20:30,45
02.01.2023,20:45,45
02.01.2023,21:00,45
02.01.2023,21:15,45
02.01.2023,21:30,45
02.01.2023,21:45,45
02.01.2023,22:00,45
02.01.2023,22:15,45
02.01.2023,22:30,45
02.01.2023,22:45,45
02.01.2023,23:00,45
02.01.2023,23:15,45
02.01.2023,23:30,45
02.01.2023,23:45,45
03.01.2023,00:00,45
03.01.2023,00:15,45
03.01.2023,00:30,45
03.01.2023,00:45,45
03.01.2023,01:00,45
03.01.2023,01:15,45
03.01.2023,01:30,45
03.01.2023,01:45,45
03.01.2023,02:00,45
03.01.2023,02:15,45
03.01.2023,02:30,45
03.01.2023,02:45,45
03.01.2023,03:00,45
03.01.2023,03:15,45
03.01.2023,03:30,45
03.01.2023,03:45,44
03.01.2023,04:00,44
03.01.2023,04:15,44
03.01.2023,04:30,44
03.01.2023,04:45,44
03.01.2023,05:00,44
03.01.2023,05:15,44
03.01.2023,05:30,44
03.01.2023,05:45,44
03.01.2023,06:00,44
03.01.2023,06:15,44
03.01.2023,06:30,44
03.01.2023,06:45,44
03.01.2023,07:00,44
03.01.2023,07:15,44
03.01.2023,07:30,44
03.01.2023,07:45,44
03.01.2023,08:00,44
03.01.2023,08:15,44
03.01.2023,08:30,44
03.01.2023,08:45,44
03.01.2023,09:00,44
03.01.2023,09:15,44
03.01.2023,09:30,44
03.01.2023,09:45,44
03.01.2023,10:00,44
03.01.2023,10:15,44
03.01.2023,10:30,44
03.01.2023,10:45,44
03.01.2023,11:00,43
03.01.2023,11:15,43
03.01.2023,11:30,43
03.01.2023,11:45,43
03.01.2023,12:00,43
03.01.2023,12:15,43
03.01.2023,12:30,43
03.01.2023,12:45,43
03.01.2023,13:00,43
03.01.2023,13:15,43
03.01.2023,13:30,43
03.01.2023,13:45,43
03.01.2023,14:00,43
03.01.2023,14:15,43
03.01.2023,14:30,43
03.01.2023,14:45,43
03.01.2023,15:00,43
03.01.2023,15:15,43
03.01.2023,15:30,43
03.01.2023,15:45,43
03.01.2023,16:00,43
03.01.2023,16:15,43
03.01.2023,16:30,43
03.01.2023,16:45,43
03.01.2023,17:00,43
03.01.2023,17:15,43
03.01.2023,17:30,43
03.01.2023,17:45,43
03.01.2023,18:00,43
03.01.2023,18:15,43
03.01.2023,18:30,43
03.01.2023,18:45,43
03.01.2023,19:00,43
03.01.2023,19:15,43
03.01.2023,19:30,43
03.01.2023,19:45,43
03.01.2023,20:00,42
03.01.2023,20:15,42
03.01.2023,20:30,42
03.01.2023,20:45,42
03.01.2023,21:00,42
03.01.2023,21:15,42
03.01.2023,21:30,42
03.01.2023,21:45,42
03.01.2023,22:00,42
03.01.2023,22:15,42
03.01.2023,22:30,42
03.01.2023,22:45,42
03.01.2023,23:00,42
03.01.2023,23:15,42
03.01.2023,23:30,42
03.01.2023,23:45,42
04.01.2023,00:00,42
04.01.2023,00:15,42
04.01.2023,00:30,42
04.01.2023,00:45,42
04.01.2023,01:00,42
04.01.2023,01:15,42
04.01.2023,01:30,42
04.01.2023,01:45,42
04.01.2023,02:00,42
04.01.2023,02:15,42
04.01.2023,02:30,42
04.01.2023,02:45,42
04.01.2023,03:00,42
04.01.2023,03:15,42
04.01.2023,03:30,42
04.01.2023,03:45,42
04.01.2023,04:00,42
04.01.2023,04:15,42
04.01.2023,04:30,42
04.01.2023,04:45,42
04.01.2023,05:00,42
04.01.2023,05:15,42
04.01.2023,05:30,42
04.01.2023,05:45,42
04.01.2023,06:00,42
04.01.2023,06:15,42
04.01.2023,06:30,42
04.01.2023,06:45,42
04.01.2023,07:00,42
04.01.2023,07:15,42
04.01.2023,07:30,42
04.01.2023,07:45,42
04.01.2023,08:00,42
04.01.2023,08:15,42
04.01.2023,08:30,42
04.01.2023,08:45,42
04.01.2023,09:00,42
04.01.2023,09:15,42
04.01.2023,09:30,42
04.01.2023,09:45,42
04.01.2023,10:00,42
04.01.2023,10:15,42
04.01.2023,10:30,42
04.01.2023,10:45,42
04.01.2023,11:00,42
04.01.2023,11:15,42
04.01.2023,11:30,42
04.01.2023,11:45,42
04.01.2023,12:00,42
04.01.2023,12:15,42
04.01.2023,12:30,42
04.01.2023,12:45,42
04.01.2023,13:00,42
04.01.2023,13:15,42
04.01.2023,13:30,42
04.01.2023,13:45,42
04.01.2023,14:00,42
04.01.2023,14:15,42
04.01.2023,14:30,42
04.01.2023,14:45,43
04.01.2023,15:00,43
04.01.2023,15:15,43
04.01.2023,15:30,43
04.01.2023,15:45,43
04.01.2023,16:00,43
04.01.2023,16:15,43
04.01.2023,16:30,43
04.01.2023,16:45,43
04.01.2023,17:00,43
04.01.2023,17:15,44
04.01.2023,17:30,44
04.01.2023,17:45,44
04.01.2023,18:00,44
04.01.2023,18:15,44
04.01.2023,18:30,44
04.01.2023,18:45,44
04.01.2023,19:00,44
04.01.2023,19:15,44
04.01.2023,19:30,44
04.01.2023,19:45,44
04.01.2023,20:00,44
04.01.2023,20:15,45
04.01.2023,20:30,45
04.01.2023,20:45,45
04.01.2023,21:00,45
04.01.2023,21:15,45
04.01.2023,21:30,45
04.01.2023,21:45,45
04.01.2023,22:00,45
04.01.2023,22:15,45
04.01.2023,22:30,45
04.01.2023,22:45,45
04.01.2023,23:00,44
04.01.2023,23:15,45
04.01.2023,23:30,44
04.01.2023,23:45,44
05.01.2023,00:00,44
05.01.2023,00:15,44
05.01.2023,00:30,44
05.01.2023,00:45,44
05.01.2023,01:00,44
05.01.2023,01:15,44
05.01.2023,01:30,44
05.01.2023,01:45,44
05.01.2023,02:00,44
05.01.2023,02:15,44
05.01.2023,02:30,44
05.01.2023,02:45,44
05.01.2023,03:00,44
05.01.2023,03:15,44
05.01.2023,03:30,44
05.01.2023,03:45,44
05.01.2023,04:00,44
05.01.2023,04:15,44
05.01.2023,04:30,44
05.01.2023,04:45,44
05.01.2023,05:00,44
05.01.2023,05:15,44
05.01.2023,05:30,44
05.01.2023,05:45,44
05.01.2023,06:00,44
05.01.2023,06:15,44
05.01.2023,06:30,44
05.01.2023,06:45,44
05.01.2023,07:00,44
05.01.2023,07:15,44
05.01.2023,07:30,44
05.01.2023,07:45,44
05.01.2023,08:00,43
05.01.2023,08:15,43
05.01.2023,08:30,43
05.01.2023,08:45,43
05.01.2023,09:00,43
05.01.2023,09:15,43
05.01.2023,09:30,43
05.01.2023,09:45,43
05.01.2023,10:00,43
05.01.2023,10:15,43
05.01.2023,10:30,43
05.01.2023,10:45,43
05.01.2023,11:00,43
05.01.2023,11:15,43
05.01.2023,11:30,43
05.01.2023,11:45,43
05.01.2023,12:00,43
05.01.2023,12:15,43
05.01.2023,12:30,43
05.01.2023,12:45,43
05.01.2023,13:00,43
05.01.2023,13:15,43
05.01.2023,13:30,43
05.01.2023,13:45,43
05.01.2023,14:00,43
05.01.2023,14:15,43
05.01.2023,14:30,43
05.01.2023,14:45,43
05.01.2023,15:00,43
05.01.2023,15:15,43
05.01.2023,15:30,43
05.01.2023,15:45,43
05.01.2023,16:00,43
05.01.2023,16:15,42
05.01.2023,16:30,42
05.01.2023,16:45,42
05.01.2023,17:00,42
05.01.2023,17:15,42
05.01.2023,17:30,42
05.01.2023,17:45,42
05.01.2023,18:00,42
05.01.2023,18:15,42
05.01.2023,18:30,42
05.01.2023,18:45,42
05.01.2023,19:00,42
05.01.2023,19:15,42
05.01.2023,19:30,42
05.01.2023,19:45,42
05.01.2023,20:00,42
05.01.2023,20:15,42
05.01.2023,20:30,42
05.01.2023,20:45,42
05.01.2023,21:00,42
05.01.2023,21:15,42
05.01.2023,21:30,42
05.01.2023,21:45,42
05.01.2023,22:00,42
05.01.2023,22:15,43
05.01.2023,22:30,42
05.01.2023,22:45,43
05.01.2023,23:00,43
05.01.2023,23:15,43
05.01.2023,23:30,43
05.01.2023,23:45,43
06.01.2023,00:00,43
06.01.2023,00:15,43
06.01.2023,00:30,43
06.01.2023,00:45,43
06.01.2023,01:00,43
06.01.2023,01:15,43
06.01.2023,01:30,43
06.01.2023,01:45,43
06.01.2023,02:00,43
06.01.2023,02:15,43
06.01.2023,02:30,43
06.01.2023,02:45,43
06.01.2023,03:00,43
06.01.2023,03:15,43
06.01.2023,03:30,43
06.01.2023,03:45,43
06.01.2023,04:00,43
06.01.2023,04:15,43
06.01.2023,04:30,43
06.01.2023,04:45,43
06.01.2023,05:00,43
06.01.2023,05:15,43
06.01.2023,05:30,43
06.01.2023,05:45,43
06.01.2023,06:00,43
06.01.2023,06:15,43
06.01.2023,06:30,43
06.01.2023,06:45,43
06.01.2023,07:00,43
06.01.2023,07:15,43
06.01.2023,07:30,43
06.01.2023,07:45,43
06.01.2023,08:00,43
06.01.2023,08:15,43
06.01.2023,08:30,43
06.01.2023,08:45,43
06.01.2023,09:00,43
06.01.2023,09:15,43
06.01.2023,09:30,43
06.01.2023,09:45,43
06.01.2023,10:00,43
06.01.2023,10:15,43
06.01.2023,10:30,43
06.01.2023,10:45,43
06.01.2023,11:00,43
06.01.2023,11:15,43
06.01.2023,11:30,43
06.01.2023,11:45,43
06.01.2023,12:00,43
06.01.2023,12:15,43
06.01.2023,12:30,43
06.01.2023,12:45,43
06.01.2023,13:00,43
06.01.2023,13:15,43
06.01.2023,13:30,43
06.01.2023,13:45,43
06.01.2023,14:00,43
06.01.2023,14:15,43
06.01.2023,14:30,43
06.01.2023,14:45,43
06.01.2023,15:00,43
06.01.2023,15:15,43
06.01.2023,15:30,43
06.01.2023,15:45,43
06.01.2023,16:00,43
06.01.2023,16:15,43
06.01.2023,16:30,43
06.01.2023,16:45,43
06.01.2023,17:00,42
06.01.2023,17:15,42
06.01.2023,17:30,42
06.01.2023,17:45,42
06.01.2023,18:00,42
06.01.2023,18:15,43
06.01.2023,18:30,42
06.01.2023,18:45,42
06.01.2023,19:00,42
06.01.2023,19:15,42
06.01.2023,19:30,42
06.01.2023,19:45,42
06.01.2023,20:00,42
06.01.2023,20:15,42
06.01.2023,20:30,42
06.01.2023,20:45,42
06.01.2023,21:00,42
06.01.2023,21:15,42
06.01.2023,21:30,42
06.01.2023,21:45,42
06.01.2023,22:00,42
06.01.2023,22:15,42
06.01.2023,22:30,42
06.01.2023,22:45,42
06.01.2023,23:00,42
06.01.2023,23:15,42
06.01.2023,23:30,42
06.01.2023,23:45,42
07.01.2023,00:00,42
07.01.2023,00:15,42
07.01.2023,00:30,42
07.01.2023,00:45,42
07.01.2023,01:00,42
07.01.2023,01:15,42
07.01.2023,01:30,42
07.01.2023,01:45,42
07.01.2023,02:00,42
07.01.2023,02:15,42
07.01.2023,02:30,42
07.01.2023,02:45,42
07.01.2023,03:00,42
07.01.2023,03:15,42
07.01.2023,03:30,42
07.01.2023,03:45,42
07.01.2023,04:00,42
07.01.2023,04:15,42
07.01.2023,04:30,42
07.01.2023,04:45,42
07.01.2023,05:00,42
07.01.2023,05:15,42
07.01.2023,05:30,42
07.01.2023,05:45,42
07.01.2023,06:00,42
07.01.2023,06:15,42
07.01.2023,06:30,42
07.01.2023,06:45,42
07.01.2023,07:00,42
07.01.2023,07:15,42
07.01.2023,07:30,42
07.01.2023,07:45,42
07.01.2023,08:00,42
07.01.2023,08:15,42
07.01.2023,08:30,42
07.01.2023,08:45,42
07.01.2023,09:00,42
07.01.2023,09:15,42
07.01.2023,09:30,42
07.01.2023,09:45,42
07.01.2023,10:00,42
07.01.2023,10:15,42
07.01.2023,10:30,42
07.01.2023,10:45,42
07.01.2023,11:00,42
07.01.2023,11:15,42
07.01.2023,11:30,42
07.01.2023,11:45,42
07.01.2023,12:00,42
07.01.2023,12:15,42
07.01.2023,12:30,42
07.01.2023,12:45,42
07.01.2023,13:00,42
07.01.2023,13:15,42
07.01.2023,13:30,42
07.01.2023,13:45,42
07.01.2023,14:00,42
07.01.2023,14:15,42
07.01.2023,14:30,42
07.01.2023,14:45,42
07.01.2023,15:00,42
07.01.2023,15:15,42
07.01.2023,15:30,42
07.01.2023,15:45,42
07.01.2023,16:00,42
07.01.2023,16:15,42
07.01.2023,16:30,42
07.01.2023,16:45,42
07.01.2023,17:00,42
07.01.2023,17:15,42
07.01.2023,17:30,42
07.01.2023,17:45,42
07.01.2023,18:00,41
07.01.2023,18:15,42
07.01.2023,18:30,42
07.01.2023,18:45,41
07.01.2023,19:00,41
07.01.2023,19:15,41
07.01.2023,19:30,41
07.01.2023,19:45,41
07.01.2023,20:00,41
07.01.2023,20:15,41
07.01.2023,20:30,41
07.01.2023,20:45,41
07.01.2023,21:00,41
07.01.2023,21:15,41
07.01.2023,21:30,41
07.01.2023,21:45,41
07.01.2023,22:00,41
07.01.2023,22:15,41
07.01.2023,22:30,41
07.01.2023,22:45,41
07.01.2023,23:00,41
07.01.2023,23:15,41
07.01.2023,23:30,41
07.01.2023,23:45,41
08.01.2023,00:00,41
08.01.2023,00:15,41
08.01.2023,00:30,41
08.01.2023,00:45,41
08.01.2023,01:00,41
08.01.2023,01:15,41
08.01.2023,01:30,41
08.01.2023,01:45,41
08.01.2023,02:00,41
08.01.2023,02:15,41
08.01.2023,02:30,41
08.01.2023,02:45,41
08.01.2023,03:00,41
08.01.2023,03:15,41
08.01.2023,03:30,41
08.01.2023,03:45,41
08.01.2023,04:00,41
08.01.2023,04:15,41
08.01.2023,04:30,41
08.01.2023,04:45,41
08.01.2023,05:00,41
08.01.2023,05:15,41
08.01.2023,05:30,42
08.01.2023,05:45,41
08.01.2023,06:00,42
08.01.2023,06:15,42
08.01.2023,06:30,42
08.01.2023,06:45,42
08.01.2023,07:00,42
08.01.2023,07:15,42
08.01.2023,07:30,42
08.01.2023,07:45,42
08.01.2023,08:00,42
08.01.2023,08:15,42
08.01.2023,08:30,42
08.01.2023,08:45,42
08.01.2023,09:00,43
08.01.2023,09:15,43
08.01.2023,09:30,43
08.01.2023,09:45,43
08.01.2023,10:00,43
08.01.2023,10:15,43
08.01.2023,10:30,43
08.01.2023,10:45,44
08.01.2023,11:00,44
08.01.2023,11:15,44
08.01.2023,11:30,44
08.01.2023,11:45,44
08.01.2023,12:00,44
08.01.2023,12:15,44
08.01.2023,12:30,44
08.01.2023,12:45,44
08.01.2023,13:00,44
08.01.2023,13:15,44
08.01.2023,13:30,44
08.01.2023,13:45,44
08.01.2023,14:00,44
08.01.2023,14:15,44
08.01.2023,14:30,44
08.01.2023,14:45,44
08.01.2023,15:00,44
08.01.2023,15:15,44
08.01.2023,15:30,44
08.01.2023,15:45,44
08.01.2023,16:00,44
08.01.2023,16:15,44
08.01.2023,16:30,44
08.01.2023,16:45,44
08.01.2023,17:00,44
08.01.2023,17:15,44
08.01.2023,17:30,44
08.01.2023,17:45,44
08.01.2023,18:00,44
08.01.2023,18:15,44
08.01.2023,18:30,44
08.01.2023,18:45,44
08.01.2023,19:00,44
08.01.2023,19:15,44
08.01.2023,19:30,44
08.01.2023,19:45,44
08.01.2023,20:00,44
08.01.2023,20:15,44
08.01.2023,20:30,44
08.01.2023,20:45,44
08.01.2023,21:00,44
08.01.2023,21:15,43
08.01.2023,21:30,43
08.01.2023,21:45,43
08.01.2023,22:00,43
08.01.2023,22:15,43
08.01.2023,22:30,43
08.01.2023,22:45,43
08.01.2023,23:00,43
08.01.2023,23:15,43
08.01.2023,23:30,43
08.01.2023,23:45,44
09.01.2023,00:00,44
09.01.2023,00:15,44
09.01.2023,00:30,44
09.01.2023,00:45,44
09.01.2023,01:00,44
09.01.2023,01:15,44
09.01.2023,01:30,44
09.01.2023,01:45,45
09.01.2023,02:00,45
09.01.2023,02:15,45
09.01.2023,02:30,45
09.01.2023,02:45,45
09.01.2023,03:00,46
09.01.2023,03:15,46
09.01.2023,03:30,46
09.01.2023,03:45,46
09.01.2023,04:00,47
09.01.2023,04:15,47
09.01.2023,04:30,47
09.01.2023,04:45,47
09.01.2023,05:00,47
09.01.2023,05:15,47
09.01.2023,05:30,47
09.01.2023,05:45,47
09.01.2023,06:00,47
09.01.2023,06:15,47
09.01.2023,06:30,47
09.01.2023,06:45,47
09.01.2023,07:00,47
09.01.2023,07:15,47
09.01.2023,07:30,47
09.01.2023,07:45,47
09.01.2023,08:00,47
09.01.2023,08:15,47
09.01.2023,08:30,47
09.01.2023,08:45,47
09.01.2023,09:00,47
09.01.2023,09:15,47
09.01.2023,09:30,47
09.01.2023,09:45,47
09.01.2023,10:00,47
09.01.2023,10:15,47
09.01.2023,10:30,47
09.01.2023,10:45,47
09.01.2023,11:00,47
09.01.2023,11:15,47
09.01.2023,11:30,47
09.01.2023,11:45,47
09.01.2023,12:00,47
09.01.2023,12:15,47
09.01.2023,12:30,47
09.01.2023,12:45,47
09.01.2023,13:00,47
09.01.2023,13:15,47
09.01.2023,13:30,47
09.01.2023,13:45,47
09.01.2023,14:00,47
09.01.2023,14:15,47
09.01.2023,14:30,47
09.01.2023,14:45,47
09.01.2023,15:00,47
09.01.2023,15:15,47
09.01.2023,15:30,47
09.01.2023,15:45,47
09.01.2023,16:00,48
09.01.2023,16:15,48
09.01.2023,16:30,48
09.01.2023,16:45,48
09.01.2023,17:00,48
09.01.2023,17:15,48
09.01.2023,17:30,48
09.01.2023,17:45,48
09.01.2023,18:00,49
09.01.2023,18:15,49
09.01.2023,18:30,49
09.01.2023,18:45,49
09.01.2023,19:00,49
09.01.2023,19:15,49
09.01.2023,19:30,49
09.01.2023,19:45,49
09.01.2023,20:00,49
09.01.2023,20:15,49
09.01.2023,20:30,49
09.01.2023,20:45,49
09.01.2023,21:00,49
09.01.2023,21:15,49
09.01.2023,21:30,49
09.01.2023,21:45,49
09.01.2023,22:00,50
09.01.2023,22:15,50
09.01.2023,22:30,50
09.01.2023,22:45,50
09.01.2023,23:00,50
09.01.2023,23:15,50
09.01.2023,23:30,51
09.01.2023,23:45,51
10.01.2023,00:00,52
10.01.2023,00:15,52
10.01.2023,00:30,52
10.01.2023,00:45,53
10.01.2023,01:00,53
10.01.2023,01:15,53
10.01.2023,01:30,53
10.01.2023,01:45,53
10.01.2023,02:00,54
10.01.2023,02:15,54
10.01.2023,02:30,54
10.01.2023,02:45,54
10.01.2023,03:00,54
10.01.2023,03:15,54
10.01.2023,03:30,54
10.01.2023,03:45,54
10.01.2023,04:00,54
10.01.2023,04:15,54
10.01.2023,04:30,54
10.01.2023,04:45,53
10.01.2023,05:00,53
10.01.2023,05:15,53
10.01.2023,05:30,53
10.01.2023,05:45,53
10.01.2023,06:00,53
10.01.2023,06:15,53
10.01.2023,06:30,53
10.01.2023,06:45,53
10.01.2023,07:00,53
10.01.2023,07:15,53
10.01.2023,07:30,53
10.01.2023,07:45,53
10.01.2023,08:00,53
10.01.2023,08:15,53
10.01.2023,08:30,52
10.01.2023,08:45,52
10.01.2023,09:00,52
10.01.2023,09:15,52
10.01.2023,09:30,52
10.01.2023,09:45,52
10.01.2023,10:00,52
10.01.2023,10:15,52
10.01.2023,10:30,52
10.01.2023,10:45,52
10.01.2023,11:00,52
10.01.2023,11:15,52
10.01.2023,11:30,52
10.01.2023,11:45,52
10.01.2023,12:00,52
10.01.2023,12:15,51
10.01.2023,12:30,51
10.01.2023,12:45,51
10.01.2023,13:00,51
10.01.2023,13:15,51
10.01.2023,13:30,51
10.01.2023,13:45,51
10.01.2023,14:00,51
10.01.2023,14:15,51
10.01.2023,14:30,51
10.01.2023,14:45,51
10.01.2023,15:00,51
10.01.2023,15:15,51
10.01.2023,15:30,51
10.01.2023,15:45,51
10.01.2023,16:00,51
10.01.2023,16:15,51
10.01.2023,16:30,51
10.01.2023,16:45,51
10.01.2023,17:00,51
10.01.2023,17:15,51
10.01.2023,17:30,51
10.01.2023,17:45,51
10.01.2023,18:00,50
10.01.2023,18:15,50
10.01.2023,18:30,51
10.01.2023,18:45,51
10.01.2023,19:00,51
10.01.2023,19:15,51
10.01.2023,19:30,51
10.01.2023,19:45,51
10.01.2023,20:00,51
10.01.2023,20:15,51
10.01.2023,20:30,51
10.01.2023,20:45,51
10.01.2023,21:00,51
10.01.2023,21:15,51
10.01.2023,21:30,51
10.01.2023,21:45,51
10.01.2023,22:00,51
10.01.2023,22:15,51
10.01.2023,22:30,51
10.01.2023,22:45,51
10.01.2023,23:00,51
10.01.2023,23:15,51
10.01.2023,23:30,51
10.01.2023,23:45,51
11.01.2023,00:00,51
11.01.2023,00:15,51
11.01.2023,00:30,51
11.01.2023,00:45,51
11.01.2023,01:00,51
11.01.2023,01:15,51
11.01.2023,01:30,51
11.01.2023,01:45,51
11.01.2023,02:00,51
11.01.2023,02:15,51
11.01.2023,02:30,51
11.01.2023,02:45,51
11.01.2023,03:00,51
11.01.2023,03:15,51
11.01.2023,03:30,51
11.01.2023,03:45,51
11.01.2023,04:00,51
11.01.2023,04:15,51
11.01.2023,04:30,51
11.01.2023,04:45,51
11.01.2023,05:00,51
11.01.2023,05:15,51
11.01.2023,05:30,51
11.01.2023,05:45,51
11.01.2023,06:00,51
11.01.2023,06:15,52
11.01.2023,06:30,52
11.01.2023,06:45,52
11.01.2023,07:00,52
11.01.2023,07:15,53
11.01.2023,07:30,53
11.01.2023,07:45,54
11.01.2023,08:00,54
11.01.2023,08:15,55
11.01.2023,08:30,56
11.01.2023,08:45,57
11.01.2023,09:00,58
11.01.2023,09:15,59
11.01.2023,09:30,60
11.01.2023,09:45,61
11.01.2023,10:00,63
11.01.2023,10:15,64
11.01.2023,10:30,65
11.01.2023,10:45,66
11.01.2023,11:00,67
11.01.2023,11:15,67
11.01.2023,11:30,68
11.01.2023,11:45,69
11.01.2023,12:00,70
11.01.2023,12:15,71
11.01.2023,12:30,71
11.01.2023,12:45,72
11.01.2023,13:00,72
11.01.2023,13:15,72
11.01.2023,13:30,72
11.01.2023,13:45,72
11.01.2023,14:00,71
11.01.2023,14:15,71
11.01.2023,14:30,71
11.01.2023,14:45,70
11.01.2023,15:00,70
11.01.2023,15:15,70
11.01.2023,15:30,69
11.01.2023,15:45,69
11.01.2023,16:00,69
11.01.2023,16:15,68
11.01.2023,16:30,68
11.01.2023,16:45,68
11.01.2023,17:00,67
11.01.2023,17:15,67
11.01.2023,17:30,67
11.01.2023,17:45,67
11.01.2023,18:00,67
11.01.2023,18:15,67
11.01.2023,18:30,66
11.01.2023,18:45,66
11.01.2023,19:00,66
11.01.2023,19:15,66
11.01.2023,19:30,66
11.01.2023,19:45,66
11.01.2023,20:00,66
11.01.2023,20:15,66
11.01.2023,20:30,66
11.01.2023,20:45,66
11.01.2023,21:00,66
11.01.2023,21:15,66
11.01.2023,21:30,66
11.01.2023,21:45,66
11.01.2023,22:00,66
11.01.2023,22:15,66
11.01.2023,22:30,66
11.01.2023,22:45,66
11.01.2023,23:00,65
11.01.2023,23:15,65
11.01.2023,23:30,65
11.01.2023,23:45,65
12.01.2023,00:00,65
12.01.2023,00:15,65
12.01.2023,00:30,65
12.01.2023,00:45,64
12.01.2023,01:00,64
12.01.2023,01:15,64
12.01.2023,01:30,64
12.01.2023,01:45,64
12.01.2023,02:00,64
12.01.2023,02:15,64
12.01.2023,02:30,64
12.01.2023,02:45,64
12.01.2023,03:00,63
12.01.2023,03:15,63
12.01.2023,03:30,63
12.01.2023,03:45,63
12.01.2023,04:00,63
12.01.2023,04:15,63
12.01.2023,04:30,62
12.01.2023,04:45,62
12.01.2023,05:00,62
12.01.2023,05:15,62
12.01.2023,05:30,62
12.01.2023,05:45,62
12.01.2023,06:00,62
12.01.2023,06:15,62
12.01.2023,06:30,62
12.01.2023,06:45,62
12.01.2023,07:00,62
12.01.2023,07:15,62
12.01.2023,07:30,63
12.01.2023,07:45,63
12.01.2023,08:00,63
12.01.2023,08:15,64
12.01.2023,08:30,64
12.01.2023,08:45,65
12.01.2023,09:00,65
12.01.2023,09:15,66
12.01.2023,09:30,66
12.01.2023,09:45,66
12.01.2023,10:00,66
12.01.2023,10:15,67
12.01.2023,10:30,67
12.01.2023,10:45,67
12.01.2023,11:00,67
12.01.2023,11:15,67
12.01.2023,11:30,68
12.01.2023,11:45,68
12.01.2023,12:00,68
12.01.2023,12:15,68
12.01.2023,12:30,68
12.01.2023,12:45,68
12.01.2023,13:00,68
12.01.2023,13:15,68
12.01.2023,13:30,68
12.01.2023,13:45,68
12.01.2023,14:00,68
12.01.2023,14:15,68
12.01.2023,14:30,67
12.01.2023,14:45,67
12.01.2023,15:00,67
12.01.2023,15:15,67
12.01.2023,15:30,67
12.01.2023,15:45,67
12.01.2023,16:00,66
12.01.2023,16:15,66
12.01.2023,16:30,66
12.01.2023,16:45,66
12.01.2023,17:00,66
12.01.2023,17:15,66
12.01.2023,17:30,66
12.01.2023,17:45,66
12.01.2023,18:00,66
12.01.2023,18:15,66
12.01.2023,18:30,66
12.01.2023,18:45,66
12.01.2023,19:00,65
12.01.2023,19:15,65
12.01.2023,19:30,65
12.01.2023,19:45,65
12.01.2023,20:00,65
12.01.2023,20:15,65
12.01.2023,20:30,65
12.01.2023,20:45,65
12.01.2023,21:00,65
12.01.2023,21:15,65
12.01.2023,21:30,65
12.01.2023,21:45,65
12.01.2023,22:00,65
12.01.2023,22:15,65
12.01.2023,22:30,65
12.01.2023,22:45,65
12.01.2023,23:00,65
12.01.2023,23:15,65
12.01.2023,23:30,65
12.01.2023,23:45,65
13.01.2023,00:00,65
13.01.2023,00:15,65
13.01.2023,00:30,65
13.01.2023,00:45,65
13.01.2023,01:00,65
13.01.2023,01:15,66
13.01.2023,01:30,66
13.01.2023,01:45,66
13.01.2023,02:00,66
13.01.2023,02:15,66
13.01.2023,02:30,66
13.01.2023,02:45,66
13.01.2023,03:00,66
13.01.2023,03:15,66
13.01.2023,03:30,66
13.01.2023,03:45,66
13.01.2023,04:00,66
13.01.2023,04:15,67
13.01.2023,04:30,67
13.01.2023,04:45,67
13.01.2023,05:00,68
13.01.2023,05:15,68
13.01.2023,05:30,68
13.01.2023,05:45,69
13.01.2023,06:00,69
13.01.2023,06:15,69
13.01.2023,06:30,69
13.01.2023,06:45,70
13.01.2023,07:00,70
13.01.2023,07:15,70
13.01.2023,07:30,70
13.01.2023,07:45,70
13.01.2023,08:00,69
13.01.2023,08:15,69
13.01.2023,08:30,69
13.01.2023,08:45,69
13.01.2023,09:00,69
13.01.2023,09:15,68
13.01.2023,09:30,68
13.01.2023,09:45,68
13.01.2023,10:00,68
13.01.2023,10:15,68
13.01.2023,10:30,67
13.01.2023,10:45,67
13.01.2023,11:00,67
13.01.2023,11:15,67
13.01.2023,11:30,67
13.01.2023,11:45,66
13.01.2023,12:00,66
13.01.2023,12:15,66
13.01.2023,12:30,66
13.01.2023,12:45,66
13.01.2023,13:00,66
13.01.2023,13:15,66
13.01.2023,13:30,66
13.01.2023,13:45,66
13.01.2023,14:00,66
13.01.2023,14:15,66
13.01.2023,14:30,66
13.01.2023,14:45,66
13.01.2023,15:00,66
13.01.2023,15:15,66
13.01.2023,15:30,66
13.01.2023,15:45,66
13.01.2023,16:00,66
13.01.2023,16:15,65
13.01.2023,16:30,65
13.01.2023,16:45,65
13.01.2023,17:00,65
13.01.2023,17:15,65
13.01.2023,17:30,65
13.01.2023,17:45,65
13.01.2023,18:00,64
13.01.2023,18:15,64
13.01.2023,18:30,64
13.01.2023,18:45,64
13.01.2023,19:00,64
13.01.2023,19:15,64
13.01.2023,19:30,63
13.01.2023,19:45,63
13.01.2023,20:00,63
13.01.2023,20:15,63
13.01.2023,20:30,63
13.01.2023,20:45,63
13.01.2023,21:00,63
13.01.2023,21:15,62
13.01.2023,21:30,62
13.01.2023,21:45,62
13.01.2023,22:00,62
13.01.2023,22:15,62
13.01.2023,22:30,62
13.01.2023,22:45,63
13.01.2023,23:00,63
13.01.2023,23:15,63
13.01.2023,23:30,64
13.01.2023,23:45,64
14.01.2023,00:00,64
14.01.2023,00:15,64
14.01.2023,00:30,64
14.01.2023,00:45,64
14.01.2023,01:00,65
14.01.2023,01:15,65
14.01.2023,01:30,65
14.01.2023,01:45,65
14.01.2023,02:00,65
14.01.2023,02:15,65
14.01.2023,02:30,65
14.01.2023,02:45,64
14.01.2023,03:00,64
14.01.2023,03:15,64
14.01.2023,03:30,64
14.01.2023,03:45,64
14.01.2023,04:00,64
14.01.2023,04:15,64
14.01.2023,04:30,64
14.01.2023,04:45,63
14.01.2023,05:00,63
14.01.2023,05:15,63
14.01.2023,05:30,63
14.01.2023,05:45,63
14.01.2023,06:00,63
14.01.2023,06:15,62
14.01.2023,06:30,62
14.01.2023,06:45,62
14.01.2023,07:00,62
14.01.2023,07:15,61
14.01.2023,07:30,61
14.01.2023,07:45,61
14.01.2023,08:00,61
14.01.2023,08:15,61
14.01.2023,08:30,61
14.01.2023,08:45,61
14.01.2023,09:00,61
14.01.2023,09:15,61
14.01.2023,09:30,60
14.01.2023,09:45,60
14.01.2023,10:00,60
14.01.2023,10:15,60
14.01.2023,10:30,60
14.01.2023,10:45,60
14.01.2023,11:00,60
14.01.2023,11:15,60
14.01.2023,11:30,60
14.01.2023,11:45,59
14.01.2023,12:00,59
14.01.2023,12:15,59
14.01.2023,12:30,59
14.01.2023,12:45,59
14.01.2023,13:00,59
14.01.2023,13:15,59
14.01.2023,13:30,59
14.01.2023,13:45,59
14.01.2023,14:00,59
14.01.2023,14:15,60
14.01.2023,14:30,60
14.01.2023,14:45,60
14.01.2023,15:00,60
14.01.2023,15:15,61
14.01.2023,15:30,61
14.01.2023,15:45,61
14.01.2023,16:00,62
14.01.2023,16:15,62
14.01.2023,16:30,63
14.01.2023,16:45,63
14.01.2023,17:00,63
14.01.2023,17:15,64
14.01.2023,17:30,64
14.01.2023,17:45,65
14.01.2023,18:00,65
14.01.2023,18:15,65
14.01.2023,18:30,66
14.01.2023,18:45,66
14.01.2023,19:00,66
14.01.2023,19:15,66
14.01.2023,19:30,66
14.01.2023,19:45,66
14.01.2023,20:00,66
14.01.2023,20:15,67
14.01.2023,20:30,67
14.01.2023,20:45,67
14.01.2023,21:00,67
14.01.2023,21:15,68
14.01.2023,21:30,68
14.01.2023,21:45,68
14.01.2023,22:00,69
14.01.2023,22:15,69
14.01.2023,22:30,69
14.01.2023,22:45,70
14.01.2023,23:00,71
14.01.2023,23:15,71
14.01.2023,23:30,72
14.01.2023,23:45,73
15.01.2023,00:00,74
15.01.2023,00:15,75
15.01.2023,00:30,76
15.01.2023,00:45,77
15.01.2023,01:00,78
15.01.2023,01:15,79
15.01.2023,01:30,79
15.01.2023,01:45,80
15.01.2023,02:00,80
15.01.2023,02:15,81
15.01.2023,02:30,81
15.01.2023,02:45,80
15.01.2023,03:00,80
15.01.2023,03:15,80
15.01.2023,03:30,81
15.01.2023,03:45,81
15.01.2023,04:00,81
15.01.2023,04:15,81
15.01.2023,04:30,82
15.01.2023,04:45,81
15.01.2023,05:00,82
15.01.2023,05:15,82
15.01.2023,05:30,82
15.01.2023,05:45,82
15.01.2023,06:00,82
15.01.2023,06:15,83
15.01.2023,06:30,84
15.01.2023,06:45,84
15.01.2023,07:00,84
15.01.2023,07:15,84
15.01.2023,07:30,84
15.01.2023,07:45,84
15.01.2023,08:00,84
15.01.2023,08:15,84
15.01.2023,08:30,84
15.01.2023,08:45,84
15.01.2023,09:00,84
15.01.2023,09:15,83
15.01.2023,09:30,83
15.01.2023,09:45,83
15.01.2023,10:00,83
15.01.2023,10:15,83
15.01.2023,10:30,83
15.01.2023,10:45,82
15.01.2023,11:00,83
15.01.2023,11:15,83
15.01.2023,11:30,82
15.01.2023,11:45,82
15.01.2023,12:00,83
15.01.2023,12:15,83
15.01.2023,12:30,82
15.01.2023,12:45,82
15.01.2023,13:00,82
15.01.2023,13:15,82
15.01.2023,13:30,82
15.01.2023,13:45,82
15.01.2023,14:00,82
15.01.2023,14:15,82
15.01.2023,14:30,82
15.01.2023,14:45,82
15.01.2023,15:00,81
15.01.2023,15:15,81
15.01.2023,15:30,81
15.01.2023,15:45,81
15.01.2023,16:00,81
15.01.2023,16:15,81
15.01.2023,16:30,81
15.01.2023,16:45,80
15.01.2023,17:00,80
15.01.2023,17:15,80
15.01.2023,17:30,80
15.01.2023,17:45,80
15.01.2023,18:00,79
15.01.2023,18:15,79
15.01.2023,18:30,79
15.01.2023,18:45,79
15.01.2023,19:00,78
15.01.2023,19:15,78
15.01.2023,19:30,78
15.01.2023,19:45,78
15.01.2023,20:00,77
15.01.2023,20:15,77
15.01.2023,20:30,77
15.01.2023,20:45,77
15.01.2023,21:00,76
15.01.2023,21:15,76
15.01.2023,21:30,76
15.01.2023,21:45,75
15.01.2023,22:00,75
15.01.2023,22:15,75
15.01.2023,22:30,75
15.01.2023,22:45,74
15.01.2023,23:00,74
15.01.2023,23:15,74
15.01.2023,23:30,73
15.01.2023,23:45,73
16.01.2023,00:00,73
16.01.2023,00:15,73
16.01.2023,00:30,73
16.01.2023,00:45,73
16.01.2023,01:00,73
16.01.2023,01:15,73
16.01.2023,01:30,73
16.01.2023,01:45,73
16.01.2023,02:00,73
16.01.2023,02:15,73
16.01.2023,02:30,73
16.01.2023,02:45,73
16.01.2023,03:00,73
16.01.2023,03:15,73
16.01.2023,03:30,73
16.01.2023,03:45,73
16.01.2023,04:00,73
16.01.2023,04:15,72
16.01.2023,04:30,72
16.01.2023,04:45,73
16.01.2023,05:00,72
16.01.2023,05:15,72
16.01.2023,05:30,72
16.01.2023,05:45,72
16.01.2023,06:00,72
16.01.2023,06:15,72
16.01.2023,06:30,72
16.01.2023,06:45,71
16.01.2023,07:00,71
16.01.2023,07:15,71
16.01.2023,07:30,71
16.01.2023,07:45,71
16.01.2023,08:00,70
16.01.2023,08:15,70
16.01.2023,08:30,70
16.01.2023,08:45,70
16.01.2023,09:00,70
16.01.2023,09:15,70
16.01.2023,09:30,70
16.01.2023,09:45,70
16.01.2023,10:00,70
16.01.2023,10:15,69
16.01.2023,10:30,69
16.01.2023,10:45,69
16.01.2023,11:00,69
16.01.2023,11:15,69
16.01.2023,11:30,69
16.01.2023,11:45,69
16.01.2023,12:00,68
16.01.2023,12:15,69
16.01.2023,12:30,69
16.01.2023,12:45,69
16.01.2023,13:00,69
16.01.2023,13:15,69
16.01.2023,13:30,69
16.01.2023,13:45,69
16.01.2023,14:00,69
16.01.2023,14:15,69
16.01.2023,14:30,69
16.01.2023,14:45,69
16.01.2023,15:00,70
16.01.2023,15:15,70
16.01.2023,15:30,70
16.01.2023,15:45,71
16.01.2023,16:00,71
16.01.2023,16:15,71
16.01.2023,16:30,71
16.01.2023,16:45,72
16.01.2023,17:00,72
16.01.2023,17:15,72
16.01.2023,17:30,73
16.01.2023,17:45,73
16.01.2023,18:00,73
16.01.2023,18:15,73
16.01.2023,18:30,73
16.01.2023,18:45,73
16.01.2023,19:00,73
16.01.2023,19:15,74
16.01.2023,19:30,74
16.01.2023,19:45,74
16.01.2023,20:00,74
16.01.2023,20:15,74
16.01.2023,20:30,74
16.01.2023,20:45,74
16.01.2023,21:00,74
16.01.2023,21:15,74
16.01.2023,21:30,73
16.01.2023,21:45,73
16.01.2023,22:00,73
16.01.2023,22:15,73
16.01.2023,22:30,73
16.01.2023,22:45,73
16.01.2023,23:00,73
16.01.2023,23:15,73
16.01.2023,23:30,72
16.01.2023,23:45,72
17.01.2023,00:00,72
17.01.2023,00:15,71
17.01.2023,00:30,71
17.01.2023,00:45,71
17.01.2023,01:00,71
17.01.2023,01:15,71
17.01.2023,01:30,70
17.01.2023,01:45,70
17.01.2023,02:00,70
17.01.2023,02:15,70
17.01.2023,02:30,70
17.01.2023,02:45,69
17.01.2023,03:00,69
17.01.2023,03:15,69
17.01.2023,03:30,69
17.01.2023,03:45,68
17.01.2023,04:00,68
17.01.2023,04:15,68
17.01.2023,04:30,68
17.01.2023,04:45,68
17.01.2023,05:00,67
17.01.2023,05:15,67
17.01.2023,05:30,67
17.01.2023,05:45,67
17.01.2023,06:00,67
17.01.2023,06:15,67
17.01.2023,06:30,67
17.01.2023,06:45,66
17.01.2023,07:00,66
17.01.2023,07:15,66
17.01.2023,07:30,66
17.01.2023,07:45,66
17.01.2023,08:00,66
17.01.2023,08:15,66
17.01.2023,08:30,66
17.01.2023,08:45,66
17.01.2023,09:00,66
17.01.2023,09:15,66
17.01.2023,09:30,66
17.01.2023,09:45,66
17.01.2023,10:00,66
17.01.2023,10:15,65
17.01.2023,10:30,65
17.01.2023,10:45,65
17.01.2023,11:00,65
17.01.2023,11:15,65
17.01.2023,11:30,65
17.01.2023,11:45,65
17.01.2023,12:00,64
17.01.2023,12:15,64
17.01.2023,12:30,64
17.01.2023,12:45,64
17.01.2023,13:00,64
17.01.2023,13:15,64
17.01.2023,13:30,64
17.01.2023,13:45,63
17.01.2023,14:00,63
17.01.2023,14:15,63
17.01.2023,14:30,63
17.01.2023,14:45,63
17.01.2023,15:00,63
17.01.2023,15:15,63
17.01.2023,15:30,62
17.01.2023,15:45,62
17.01.2023,16:00,62
17.01.2023,16:15,62
17.01.2023,16:30,62
17.01.2023,16:45,62
17.01.2023,17:00,62
17.01.2023,17:15,61
17.01.2023,17:30,61
17.01.2023,17:45,61
17.01.2023,18:00,61
17.01.2023,18:15,61
17.01.2023,18:30,61
17.01.2023,18:45,61
17.01.2023,19:00,60
17.01.2023,19:15,60
17.01.2023,19:30,60
17.01.2023,19:45,60
17.01.2023,20:00,60
17.01.2023,20:15,60
17.01.2023,20:30,60
17.01.2023,20:45,60
17.01.2023,21:00,59
17.01.2023,21:15,59
17.01.2023,21:30,59
17.01.2023,21:45,59
17.01.2023,22:00,59
17.01.2023,22:15,59
17.01.2023,22:30,59
17.01.2023,22:45,58
17.01.2023,23:00,58
17.01.2023,23:15,58
17.01.2023,23:30,58
17.01.2023,23:45,58
18.01.2023,00:00,58
18.01.2023,00:15,58
18.01.2023,00:30,58
18.01.2023,00:45,58
18.01.2023,01:00,57
18.01.2023,01:15,57
18.01.2023,01:30,57
18.01.2023,01:45,57
18.01.2023,02:00,57
18.01.2023,02:15,57
18.01.2023,02:30,57
18.01.2023,02:45,57
18.01.2023,03:00,57
18.01.2023,03:15,56
18.01.2023,03:30,56
18.01.2023,03:45,56
18.01.2023,04:00,56
18.01.2023,04:15,56
18.01.2023,04:30,56
18.01.2023,04:45,56
18.01.2023,05:00,56
18.01.2023,05:15,55
18.01.2023,05:30,55
18.01.2023,05:45,55
18.01.2023,06:00,55
18.01.2023,06:15,55
18.01.2023,06:30,55
18.01.2023,06:45,55
18.01.2023,07:00,55
18.01.2023,07:15,54
18.01.2023,07:30,54
18.01.2023,07:45,54
18.01.2023,08:00,54
18.01.2023,08:15,54
18.01.2023,08:30,54
18.01.2023,08:45,54
18.01.2023,09:00,54
18.01.2023,09:15,54
18.01.2023,09:30,54
18.01.2023,09:45,53
18.01.2023,10:00,53
18.01.2023,10:15,53
18.01.2023,10:30,53
18.01.2023,10:45,53
18.01.2023,11:00,53
18.01.2023,11:15,53
18.01.2023,11:30,53
18.01.2023,11:45,53
18.01.2023,12:00,53
18.01.2023,12:15,52
18.01.2023,12:30,52
18.01.2023,12:45,52
18.01.2023,13:00,52
18.01.2023,13:15,52
18.01.2023,13:30,52
18.01.2023,13:45,52
18.01.2023,14:00,52
18.01.2023,14:15,52
18.01.2023,14:30,52
18.01.2023,14:45,52
18.01.2023,15:00,52
18.01.2023,15:15,51
18.01.2023,15:30,52
18.01.2023,15:45,51
18.01.2023,16:00,51
18.01.2023,16:15,51
18.01.2023,16:30,51
18.01.2023,16:45,51
18.01.2023,17:00,51
18.01.2023,17:15,51
18.01.2023,17:30,51
18.01.2023,17:45,51
18.01.2023,18:00,51
18.01.2023,18:15,50
18.01.2023,18:30,50
18.01.2023,18:45,50
18.01.2023,19:00,50
18.01.2023,19:15,50
18.01.2023,19:30,50
18.01.2023,19:45,50
18.01.2023,20:00,50
18.01.2023,20:15,50
18.01.2023,20:30,50
18.01.2023,20:45,50
18.01.2023,21:00,50
18.01.2023,21:15,49
18.01.2023,21:30,49
18.01.2023,21:45,49
18.01.2023,22:00,49
18.01.2023,22:15,49
18.01.2023,22:30,49
18.01.2023,22:45,49
18.01.2023,23:00,49
18.01.2023,23:15,49
18.01.2023,23:30,49
18.01.2023,23:45,49
19.01.2023,00:00,49
19.01.2023,00:15,49
19.01.2023,00:30,49
19.01.2023,00:45,48
19.01.2023,01:00,48
19.01.2023,01:15,48
19.01.2023,01:30,48
19.01.2023,01:45,48
19.01.2023,02:00,48
19.01.2023,02:15,48
19.01.2023,02:30,48
19.01.2023,02:45,48
19.01.2023,03:00,48
19.01.2023,03:15,48
19.01.2023,03:30,48
19.01.2023,03:45,48
19.01.2023,04:00,48
19.01.2023,04:15,48
19.01.2023,04:30,47
19.01.2023,04:45,47
19.01.2023,05:00,47
19.01.2023,05:15,47
19.01.2023,05:30,47
19.01.2023,05:45,47
19.01.2023,06:00,47
19.01.2023,06:15,47
19.01.2023,06:30,47
19.01.2023,06:45,47
19.01.2023,07:00,47
19.01.2023,07:15,47
19.01.2023,07:30,47
19.01.2023,07:45,47
19.01.2023,08:00,47
19.01.2023,08:15,47
19.01.2023,08:30,47
19.01.2023,08:45,47
19.01.2023,09:00,47
19.01.2023,09:15,46
19.01.2023,09:30,46
19.01.2023,09:45,46
19.01.2023,10:00,46
19.01.2023,10:15,46
19.01.2023,10:30,46
19.01.2023,10:45,46
19.01.2023,11:00,46
19.01.2023,11:15,46
19.01.2023,11:30,46
19.01.2023,11:45,46
19.01.2023,12:00,46
19.01.2023,12:15,46
19.01.2023,12:30,46
19.01.2023,12:45,46
19.01.2023,13:00,46
19.01.2023,13:15,46
19.01.2023,13:30,46
19.01.2023,13:45,45
19.01.2023,14:00,45
19.01.2023,14:15,45
19.01.2023,14:30,45
19.01.2023,14:45,45
19.01.2023,15:00,45
19.01.2023,15:15,45
19.01.2023,15:30,45
19.01.2023,15:45,45
19.01.2023,16:00,45
19.01.2023,16:15,45
19.01.2023,16:30,45
19.01.2023,16:45,45
19.01.2023,17:00,45
19.01.2023,17:15,45
19.01.2023,17:30,45
19.01.2023,17:45,45
19.01.2023,18:00,45
19.01.2023,18:15,45
19.01.2023,18:30,45
19.01.2023,18:45,44
19.01.2023,19:00,44
19.01.2023,19:15,44
19.01.2023,19:30,44
19.01.2023,19:45,44
19.01.2023,20:00,44
19.01.2023,20:15,44
19.01.2023,20:30,44
19.01.2023,20:45,44
19.01.2023,21:00,44
19.01.2023,21:15,44
19.01.2023,21:30,44
19.01.2023,21:45,44
19.01.2023,22:00,44
19.01.2023,22:15,44
19.01.2023,22:30,44
19.01.2023,22:45,44
19.01.2023,23:00,44
19.01.2023,23:15,44
19.01.2023,23:30,44
19.01.2023,23:45,44
20.01.2023,00:00,44
20.01.2023,00:15,44
20.01.2023,00:30,44
20.01.2023,00:45,44
20.01.2023,01:00,44
20.01.2023,01:15,43
20.01.2023,01:30,43
20.01.2023,01:45,43
20.01.2023,02:00,43
20.01.2023,02:15,43
20.01.2023,02:30,43
20.01.2023,02:45,43
20.01.2023,03:00,43
20.01.2023,03:15,43
20.01.2023,03:30,43
20.01.2023,03:45,43
20.01.2023,04:00,43
20.01.2023,04:15,43
20.01.2023,04:30,43
20.01.2023,04:45,43
20.01.2023,05:00,43
20.01.2023,05:15,43
20.01.2023,05:30,43
20.01.2023,05:45,43
20.01.2023,06:00,43
20.01.2023,06:15,43
20.01.2023,06:30,43
20.01.2023,06:45,42
20.01.2023,07:00,42
20.01.2023,07:15,42
20.01.2023,07:30,42
20.01.2023,07:45,42
20.01.2023,08:00,42
20.01.2023,08:15,42
20.01.2023,08:30,42
20.01.2023,08:45,42
20.01.2023,09:00,42
20.01.2023,09:15,42
20.01.2023,09:30,42
20.01.2023,09:45,42
20.01.2023,10:00,42
20.01.2023,10:15,42
20.01.2023,10:30,42
20.01.2023,10:45,42
20.01.2023,11:00,42
20.01.2023,11:15,42
20.01.2023,11:30,42
20.01.2023,11:45,42
20.01.2023,12:00,42
20.01.2023,12:15,42
20.01.2023,12:30,42
20.01.2023,12:45,41
20.01.2023,13:00,41
20.01.2023,13:15,41
20.01.2023,13:30,41
20.01.2023,13:45,41
20.01.2023,14:00,41
20.01.2023,14:15,41
20.01.2023,14:30,41
20.01.2023,14:45,41
20.01.2023,15:00,41
20.01.2023,15:15,41
20.01.2023,15:30,41
20.01.2023,15:45,41
20.01.2023,16:00,41
20.01.2023,16:15,41
20.01.2023,16:30,41
20.01.2023,16:45,41
20.01.2023,17:00,41
20.01.2023,17:15,41
20.01.2023,17:30,41
20.01.2023,17:45,41
20.01.2023,18:00,41
20.01.2023,18:15,41
20.01.2023,18:30,41
20.01.2023,18:45,41
20.01.2023,19:00,41
20.01.2023,19:15,41
20.01.2023,19:30,41
20.01.2023,19:45,41
20.01.2023,20:00,41
20.01.2023,20:15,41
20.01.2023,20:30,41
20.01.2023,20:45,41
20.01.2023,21:00,41
20.01.2023,21:15,41
20.01.2023,21:30,41
20.01.2023,21:45,41
20.01.2023,22:00,41
20.01.2023,22:15,41
20.01.2023,22:30,41
20.01.2023,22:45,41
20.01.2023,23:00,40
20.01.2023,23:15,40
20.01.2023,23:30,40
20.01.2023,23:45,40
21.01.2023,00:00,40
21.01.2023,00:15,40
21.01.2023,00:30,40
21.01.2023,00:45,40
21.01.2023,01:00,40
21.01.2023,01:15,40
21.01.2023,01:30,40
21.01.2023,01:45,40
21.01.2023,02:00,40
21.01.2023,02:15,40
21.01.2023,02:30,40
21.01.2023,02:45,40
21.01.2023,03:00,40
21.01.2023,03:15,40
21.01.2023,03:30,40
21.01.2023,03:45,40
21.01.2023,04:00,40
21.01.2023,04:15,40
21.01.2023,04:30,40
21.01.2023,04:45,40
21.01.2023,05:00,40
21.01.2023,05:15,40
21.01.2023,05:30,40
21.01.2023,05:45,40
21.01.2023,06:00,40
21.01.2023,06:15,40
21.01.2023,06:30,39
21.01.2023,06:45,39
21.01.2023,07:00,39
21.01.2023,07:15,39
21.01.2023,07:30,39
21.01.2023,07:45,39
21.01.2023,08:00,39
21.01.2023,08:15,39
21.01.2023,08:30,39
21.01.2023,08:45,39
21.01.2023,09:00,39
21.01.2023,09:15,39
21.01.2023,09:30,39
21.01.2023,09:45,39
21.01.2023,10:00,39
21.01.2023,10:15,39
21.01.2023,10:30,39
21.01.2023,10:45,39
21.01.2023,11:00,39
21.01.2023,11:15,39
21.01.2023,11:30,39
21.01.2023,11:45,39
21.01.2023,12:00,39
21.01.2023,12:15,39
21.01.2023,12:30,39
21.01.2023,12:45,39
21.01.2023,13:00,39
21.01.2023,13:15,39
21.01.2023,13:30,39
21.01.2023,13:45,39
21.01.2023,14:00,39
21.01.2023,14:15,39
21.01.2023,14:30,39
21.01.2023,14:45,39
21.01.2023,15:00,39
21.01.2023,15:15,38
21.01.2023,15:30,39
21.01.2023,15:45,38
21.01.2023,16:00,38
21.01.2023,16:15,38
21.01.2023,16:30,38
21.01.2023,16:45,38
21.01.2023,17:00,38
21.01.2023,17:15,38
21.01.2023,17:30,38
21.01.2023,17:45,38
21.01.2023,18:00,38
21.01.2023,18:15,38
21.01.2023,18:30,38
21.01.2023,18:45,38
21.01.2023,19:00,38
21.01.2023,19:15,38
21.01.2023,19:30,38
21.01.2023,19:45,38
21.01.2023,20:00,38
21.01.2023,20:15,38
21.01.2023,20:30,38
21.01.2023,20:45,38
21.01.2023,21:00,38
21.01.2023,21:15,38
21.01.2023,21:30,38
21.01.2023,21:45,38
21.01.2023,22:00,38
21.01.2023,22:15,38
21.01.2023,22:30,38
21.01.2023,22:45,38
21.01.2023,23:00,38
21.01.2023,23:15,38
21.01.2023,23:30,38
21.01.2023,23:45,38
22.01.2023,00:00,38
22.01.2023,00:15,38
22.01.2023,00:30,38
22.01.2023,00:45,38
22.01.2023,01:00,38
22.01.2023,01:15,38
22.01.2023,01:30,38
22.01.2023,01:45,38
22.01.2023,02:00,38
22.01.2023,02:15,37
22.01.2023,02:30,38
22.01.2023,02:45,37
22.01.2023,03:00,37
22.01.2023,03:15,38
22.01.2023,03:30,37
22.01.2023,03:45,38
22.01.2023,04:00,38
22.01.2023,04:15,38
22.01.2023,04:30,38
22.01.2023,04:45,37
22.01.2023,05:00,38
22.01.2023,05:15,37
22.01.2023,05:30,37
22.01.2023,05:45,37
22.01.2023,06:00,37
22.01.2023,06:15,37
22.01.2023,06:30,37
22.01.2023,06:45,37
22.01.2023,07:00,37
22.01.2023,07:15,37
22.01.2023,07:30,37
22.01.2023,07:45,37
22.01.2023,08:00,37
22.01.2023,08:15,37
22.01.2023,08:30,37
22.01.2023,08:45,37
22.01.2023,09:00,37
22.01.2023,09:15,37
22.01.2023,09:30,37
22.01.2023,09:45,37
22.01.2023,10:00,37
22.01.2023,10:15,37
22.01.2023,10:30,37
22.01.2023,10:45,37
22.01.2023,11:00,37
22.01.2023,11:15,37
22.01.2023,11:30,37
22.01.2023,11:45,37
22.01.2023,12:00,37
22.01.2023,12:15,37
22.01.2023,12:30,37
22.01.2023,12:45,37
22.01.2023,13:00,37
22.01.2023,13:15,37
22.01.2023,13:30,37
22.01.2023,13:45,37
22.01.2023,14:00,37
22.01.2023,14:15,37
22.01.2023,14:30,37
22.01.2023,14:45,37
22.01.2023,15:00,37
22.01.2023,15:15,37
22.01.2023,15:30,37
22.01.2023,15:45,37
22.01.2023,16:00,37
22.01.2023,16:15,37
22.01.2023,16:30,37
22.01.2023,16:45,37
22.01.2023,17:00,37
22.01.2023,17:15,37
22.01.2023,17:30,37
22.01.2023,17:45,37
22.01.2023,18:00,37
22.01.2023,18:15,37
22.01.2023,18:30,37
22.01.2023,18:45,37
22.01.2023,19:00,37
22.01.2023,19:15,36
22.01.2023,19:30,36
22.01.2023,19:45,36
22.01.2023,20:00,36
22.01.2023,20:15,36
22.01.2023,20:30,36
22.01.2023,20:45,36
22.01.2023,21:00,36
22.01.2023,21:15,36
22.01.2023,21:30,36
22.01.2023,21:45,36
22.01.2023,22:00,36
22.01.2023,22:15,36
22.01.2023,22:30,36
22.01.2023,22:45,36
22.01.2023,23:00,36
22.01.2023,23:15,36
22.01.2023,23:30,36
22.01.2023,23:45,36
23.01.2023,00:00,36
23.01.2023,00:15,36
23.01.2023,00:30,36
23.01.2023,00:45,36
23.01.2023,01:00,36
23.01.2023,01:15,36
23.01.2023,01:30,36
23.01.2023,01:45,36
23.01.2023,02:00,36
23.01.2023,02:15,36
23.01.2023,02:30,36
23.01.2023,02:45,36
23.01.2023,03:00,36
23.01.2023,03:15,36
23.01.2023,03:30,36
23.01.2023,03:45,36
23.01.2023,04:00,36
23.01.2023,04:15,36
23.01.2023,04:30,36
23.01.2023,04:45,36
23.01.2023,05:00,36
23.01.2023,05:15,36
23.01.2023,05:30,36
23.01.2023,05:45,36
23.01.2023,06:00,36
23.01.2023,06:15,36
23.01.2023,06:30,36
23.01.2023,06:45,36
23.01.2023,07:00,36
23.01.2023,07:15,36
23.01.2023,07:30,36
23.01.2023,07:45,36
23.01.2023,08:00,36
23.01.2023,08:15,36
23.01.2023,08:30,36
23.01.2023,08:45,36
23.01.2023,09:00,36
23.01.2023,09:15,36
23.01.2023,09:30,36
23.01.2023,09:45,36
23.01.2023,10:00,36
23.01.2023,10:15,36
23.01.2023,10:30,36
23.01.2023,10:45,36
23.01.2023,11:00,36
23.01.2023,11:15,36
23.01.2023,11:30,36
23.01.2023,11:45,36
23.01.2023,12:00,36
23.01.2023,12:15,36
23.01.2023,12:30,36
23.01.2023,12:45,36
23.01.2023,13:00,36
23.01.2023,13:15,36
23.01.2023,13:30,36
23.01.2023,13:45,36
23.01.2023,14:00,36
23.01.2023,14:15,35
23.01.2023,14:30,35
23.01.2023,14:45,35
23.01.2023,15:00,35
23.01.2023,15:15,34
23.01.2023,15:30,34
23.01.2023,15:45,34
23.01.2023,16:00,34
23.01.2023,16:15,34
23.01.2023,16:30,34
23.01.2023,16:45,34
23.01.2023,17:00,34
23.01.2023,17:15,34
23.01.2023,17:30,34
23.01.2023,17:45,34
23.01.2023,18:00,34
23.01.2023,18:15,34
23.01.2023,18:30,34
23.01.2023,18:45,34
23.01.2023,19:00,34
23.01.2023,19:15,34
23.01.2023,19:30,34
23.01.2023,19:45,34
23.01.2023,20:00,34
23.01.2023,20:15,34
23.01.2023,20:30,34
23.01.2023,20:45,34
23.01.2023,21:00,34
23.01.2023,21:15,34
23.01.2023,21:30,34
23.01.2023,21:45,34
23.01.2023,22:00,34
23.01.2023,22:15,34
23.01.2023,22:30,34
23.01.2023,22:45,34
23.01.2023,23:00,34
23.01.2023,23:15,34
23.01.2023,23:30,34
23.01.2023,23:45,34
24.01.2023,00:00,34
24.01.2023,00:15,34
24.01.2023,00:30,34
24.01.2023,00:45,34
24.01.2023,01:00,34
24.01.2023,01:15,34
24.01.2023,01:30,34
24.01.2023,01:45,34
24.01.2023,02:00,34
24.01.2023,02:15,34
24.01.2023,02:30,34
24.01.2023,02:45,34
24.01.2023,03:00,34
24.01.2023,03:15,34
24.01.2023,03:30,34
24.01.2023,03:45,34
24.01.2023,04:00,34
24.01.2023,04:15,34
24.01.2023,04:30,34
24.01.2023,04:45,34
24.01.2023,05:00,34
24.01.2023,05:15,34
24.01.2023,05:30,34
24.01.2023,05:45,34
24.01.2023,06:00,34
24.01.2023,06:15,34
24.01.2023,06:30,34
24.01.2023,06:45,34
24.01.2023,07:00,34
24.01.2023,07:15,34
24.01.2023,07:30,34
24.01.2023,07:45,34
24.01.2023,08:00,34
24.01.2023,08:15,34
24.01.2023,08:30,34
24.01.2023,08:45,34
24.01.2023,09:00,34
24.01.2023,09:15,34
24.01.2023,09:30,34
24.01.2023,09:45,34
24.01.2023,10:00,34
24.01.2023,10:15,34
24.01.2023,10:30,34
24.01.2023,10:45,34
24.01.2023,11:00,34
24.01.2023,11:15,34
24.01.2023,11:30,34
24.01.2023,11:45,34
24.01.2023,12:00,34
24.01.2023,12:15,34
24.01.2023,12:30,34
24.01.2023,12:45,34
24.01.2023,13:00,34
24.01.2023,13:15,34
24.01.2023,13:30,34
24.01.2023,13:45,34
24.01.2023,14:00,34
24.01.2023,14:15,34
24.01.2023,14:30,34
24.01.2023,14:45,34
24.01.2023,15:00,34
24.01.2023,15:15,33
24.01.2023,15:30,34
24.01.2023,15:45,33
24.01.2023,16:00,33
24.01.2023,16:15,33
24.01.2023,16:30,33
24.01.2023,16:45,33
24.01.2023,17:00,33
24.01.2023,17:15,34
24.01.2023,17:30,33
24.01.2023,17:45,33
24.01.2023,18:00,33
24.01.2023,18:15,33
24.01.2023,18:30,33
24.01.2023,18:45,33
24.01.2023,19:00,33
24.01.2023,19:15,33
24.01.2023,19:30,33
24.01.2023,19:45,33
24.01.2023,20:00,33
24.01.2023,20:15,33
24.01.2023,20:30,33
24.01.2023,20:45,33
24.01.2023,21:00,33
24.01.2023,21:15,33
24.01.2023,21:30,33
24.01.2023,21:45,33
24.01.2023,22:00,33
24.01.2023,22:15,33
24.01.2023,22:30,33
24.01.2023,22:45,33
24.01.2023,23:00,33
24.01.2023,23:15,33
24.01.2023,23:30,33
24.01.2023,23:45,33
25.01.2023,00:00,33
25.01.2023,00:15,33
25.01.2023,00:30,33
25.01.2023,00:45,33
25.01.2023,01:00,33
25.01.2023,01:15,33
25.01.2023,01:30,33
25.01.2023,01:45,33
25.01.2023,02:00,33
25.01.2023,02:15,33
25.01.2023,02:30,33
25.01.2023,02:45,33
25.01.2023,03:00,33
25.01.2023,03:15,33
25.01.2023,03:30,33
25.01.2023,03:45,33
25.01.2023,04:00,33
25.01.2023,04:15,33
25.01.2023,04:30,33
25.01.2023,04:45,33
25.01.2023,05:00,33
25.01.2023,05:15,33
25.01.2023,05:30,33
25.01.2023,05:45,33
25.01.2023,06:00,33
25.01.2023,06:15,33
25.01.2023,06:30,33
25.01.2023,06:45,33
25.01.2023,07:00,33
25.01.2023,07:15,33
25.01.2023,07:30,33
25.01.2023,07:45,33
25.01.2023,08:00,33
25.01.2023,08:15,33
25.01.2023,08:30,33
25.01.2023,08:45,33
25.01.2023,09:00,33
25.01.2023,09:15,33
25.01.2023,09:30,33
25.01.2023,09:45,33
25.01.2023,10:00,33
25.01.2023,10:15,33
25.01.2023,10:30,33
25.01.2023,10:45,33
25.01.2023,11:00,33
25.01.2023,11:15,33
25.01.2023,11:30,33
25.01.2023,11:45,33
25.01.2023,12:00,33
25.01.2023,12:15,33
25.01.2023,12:30,33
25.01.2023,12:45,33
25.01.2023,13:00,33
25.01.2023,13:15,33
25.01.2023,13:30,33
25.01.2023,13:45,33
25.01.2023,14:00,33
25.01.2023,14:15,33
25.01.2023,14:30,33
25.01.2023,14:45,33
25.01.2023,15:00,33
25.01.2023,15:15,33
25.01.2023,15:30,33
25.01.2023,15:45,33
25.01.2023,16:00,33
25.01.2023,16:15,33
25.01.2023,16:30,33
25.01.2023,16:45,33
25.01.2023,17:00,33
25.01.2023,17:15,33
25.01.2023,17:30,33
25.01.2023,17:45,33
25.01.2023,18:00,33
25.01.2023,18:15,33
25.01.2023,18:30,33
25.01.2023,18:45,33
25.01.2023,19:00,33
25.01.2023,19:15,33
25.01.2023,19:30,33
25.01.2023,19:45,33
25.01.2023,20:00,33
25.01.2023,20:15,33
25.01.2023,20:30,33
25.01.2023,20:45,33
25.01.2023,21:00,33
25.01.2023,21:15,33
25.01.2023,21:30,33
25.01.2023,21:45,33
25.01.2023,22:00,33
25.01.2023,22:15,33
25.01.2023,22:30,33
25.01.2023,22:45,33
25.01.2023,23:00,33
25.01.2023,23:15,33
25.01.2023,23:30,33
25.01.2023,23:45,33
26.01.2023,00:00,33
26.01.2023,00:15,33
26.01.2023,00:30,33
26.01.2023,00:45,33
26.01.2023,01:00,33
26.01.2023,01:15,33
26.01.2023,01:30,33
26.01.2023,01:45,33
26.01.2023,02:00,33
26.01.2023,02:15,33
26.01.2023,02:30,33
26.01.2023,02:45,33
26.01.2023,03:00,33
26.01.2023,03:15,33
26.01.2023,03:30,33
26.01.2023,03:45,33
26.01.2023,04:00,33
26.01.2023,04:15,33
26.01.2023,04:30,33
26.01.2023,04:45,33
26.01.2023,05:00,33
26.01.2023,05:15,33
26.01.2023,05:30,33
26.01.2023,05:45,33
26.01.2023,06:00,33
26.01.2023,06:15,33
26.01.2023,06:30,33
26.01.2023,06:45,33
26.01.2023,07:00,33
26.01.2023,07:15,33
26.01.2023,07:30,33
26.01.2023,07:45,33
26.01.2023,08:00,33
26.01.2023,08:15,33
26.01.2023,08:30,33
26.01.2023,08:45,33
26.01.2023,09:00,33
26.01.2023,09:15,33
26.01.2023,09:30,33
26.01.2023,09:45,33
26.01.2023,10:00,33
26.01.2023,10:15,33
26.01.2023,10:30,33
26.01.2023,10:45,33
26.01.2023,11:00,33
26.01.2023,11:15,33
26.01.2023,11:30,33
26.01.2023,11:45,33
26.01.2023,12:00,33
26.01.2023,12:15,33
26.01.2023,12:30,33
26.01.2023,12:45,33
26.01.2023,13:00,33
26.01.2023,13:15,33
26.01.2023,13:30,32
26.01.2023,13:45,33
26.01.2023,14:00,33
26.01.2023,14:15,32
26.01.2023,14:30,33
26.01.2023,14:45,33
26.01.2023,15:00,32
26.01.2023,15:15,33
26.01.2023,15:30,33
26.01.2023,15:45,32
26.01.2023,16:00,32
26.01.2023,16:15,32
26.01.2023,16:30,33
26.01.2023,16:45,33
26.01.2023,17:00,33
26.01.2023,17:15,32
26.01.2023,17:30,32
26.01.2023,17:45,32
26.01.2023,18:00,32
26.01.2023,18:15,32
26.01.2023,18:30,32
26.01.2023,18:45,32
26.01.2023,19:00,32
26.01.2023,19:15,32
26.01.2023,19:30,32
26.01.2023,19:45,32
26.01.2023,20:00,32
26.01.2023,20:15,32
26.01.2023,20:30,32
26.01.2023,20:45,32
26.01.2023,21:00,32
26.01.2023,21:15,32
26.01.2023,21:30,32
26.01.2023,21:45,32
26.01.2023,22:00,32
26.01.2023,22:15,32
26.01.2023,22:30,32
26.01.2023,22:45,32
26.01.2023,23:00,32
26.01.2023,23:15,32
26.01.2023,23:30,32
26.01.2023,23:45,32
27.01.2023,00:00,32
27.01.2023,00:15,32
27.01.2023,00:30,32
27.01.2023,00:45,32
27.01.2023,01:00,32
27.01.2023,01:15,32
27.01.2023,01:30,32
27.01.2023,01:45,32
27.01.2023,02:00,32
27.01.2023,02:15,32
27.01.2023,02:30,32
27.01.2023,02:45,33
27.01.2023,03:00,33
27.01.2023,03:15,32
27.01.2023,03:30,33
27.01.2023,03:45,33
27.01.2023,04:00,33
27.01.2023,04:15,33
27.01.2023,04:30,33
27.01.2023,04:45,33
27.01.2023,05:00,33
27.01.2023,05:15,33
27.01.2023,05:30,33
27.01.2023,05:45,33
27.01.2023,06:00,33
27.01.2023,06:15,33
27.01.2023,06:30,33
27.01.2023,06:45,33
27.01.2023,07:00,33
27.01.2023,07:15,33
27.01.2023,07:30,33
27.01.2023,07:45,33
27.01.2023,08:00,33
27.01.2023,08:15,33
27.01.2023,08:30,33
27.01.2023,08:45,33
27.01.2023,09:00,33
27.01.2023,09:15,33
27.01.2023,09:30,32
27.01.2023,09:45,33
27.01.2023,10:00,33
27.01.2023,10:15,33
27.01.2023,10:30,33
27.01.2023,10:45,33
27.01.2023,11:00,32
27.01.2023,11:15,32
27.01.2023,11:30,32
27.01.2023,11:45,32
27.01.2023,12:00,32
27.01.2023,12:15,32
27.01.2023,12:30,32
27.01.2023,12:45,32
27.01.2023,13:00,32
27.01.2023,13:15,32
27.01.2023,13:30,32
27.01.2023,13:45,32
27.01.2023,14:00,32
27.01.2023,14:15,32
27.01.2023,14:30,32
27.01.2023,14:45,32
27.01.2023,15:00,32
27.01.2023,15:15,32
27.01.2023,15:30,32
27.01.2023,15:45,32
27.01.2023,16:00,32
27.01.2023,16:15,32
27.01.2023,16:30,32
27.01.2023,16:45,32
27.01.2023,17:00,32
27.01.2023,17:15,32
27.01.2023,17:30,32
27.01.2023,17:45,32
27.01.2023,18:00,32
27.01.2023,18:15,32
27.01.2023,18:30,32
27.01.2023,18:45,32
27.01.2023,19:00,32
27.01.2023,19:15,32
27.01.2023,19:30,32
27.01.2023,19:45,32
27.01.2023,20:00,32
27.01.2023,20:15,32
27.01.2023,20:30,33
27.01.2023,20:45,33
27.01.2023,21:00,32
27.01.2023,21:15,32
27.01.2023,21:30,33
27.01.2023,21:45,33
27.01.2023,22:00,33
27.01.2023,22:15,33
27.01.2023,22:30,33
27.01.2023,22:45,32
27.01.2023,23:00,32
27.01.2023,23:15,33
27.01.2023,23:30,32
27.01.2023,23:45,33
28.01.2023,00:00,33
28.01.2023,00:15,32
28.01.2023,00:30,32
28.01.2023,00:45,32
28.01.2023,01:00,32
28.01.2023,01:15,32
28.01.2023,01:30,32
28.01.2023,01:45,32
28.01.2023,02:00,33
28.01.2023,02:15,32
28.01.2023,02:30,32
28.01.2023,02:45,32
28.01.2023,03:00,32
28.01.2023,03:15,32
28.01.2023,03:30,32
28.01.2023,03:45,32
28.01.2023,04:00,32
28.01.2023,04:15,32
28.01.2023,04:30,32
28.01.2023,04:45,32
28.01.2023,05:00,32
28.01.2023,05:15,32
28.01.2023,05:30,32
28.01.2023,05:45,32
28.01.2023,06:00,32
28.01.2023,06:15,32
28.01.2023,06:30,32
28.01.2023,06:45,32
28.01.2023,07:00,32
28.01.2023,07:15,32
28.01.2023,07:30,32
28.01.2023,07:45,32
28.01.2023,08:00,32
28.01.2023,08:15,32
28.01.2023,08:30,32
28.01.2023,08:45,32
28.01.2023,09:00,32
28.01.2023,09:15,32
28.01.2023,09:30,32
28.01.2023,09:45,32
28.01.2023,10:00,32
28.01.2023,10:15,32
28.01.2023,10:30,32
28.01.2023,10:45,32
28.01.2023,11:00,32
28.01.2023,11:15,32
28.01.2023,11:30,32
28.01.2023,11:45,32
28.01.2023,12:00,32
28.01.2023,12:15,32
28.01.2023,12:30,32
28.01.2023,12:45,32
28.01.2023,13:00,32
28.01.2023,13:15,32
28.01.2023,13:30,32
28.01.2023,13:45,32
28.01.2023,14:00,32
28.01.2023,14:15,32
28.01.2023,14:30,32
28.01.2023,14:45,32
28.01.2023,15:00,32
28.01.2023,15:15,32
28.01.2023,15:30,32
28.01.2023,15:45,32
28.01.2023,16:00,32
28.01.2023,16:15,32
28.01.2023,16:30,32
28.01.2023,16:45,32
28.01.2023,17:00,32
28.01.2023,17:15,32
28.01.2023,17:30,32
28.01.2023,17:45,32
28.01.2023,18:00,32
28.01.2023,18:15,32
28.01.2023,18:30,32
28.01.2023,18:45,32
28.01.2023,19:00,32
28.01.2023,19:15,32
28.01.2023,19:30,32
28.01.2023,19:45,32
28.01.2023,20:00,32
28.01.2023,20:15,32
28.01.2023,20:30,32
28.01.2023,20:45,32
28.01.2023,21:00,32
28.01.2023,21:15,32
28.01.2023,21:30,32
28.01.2023,21:45,32
28.01.2023,22:00,32
28.01.2023,22:15,32
28.01.2023,22:30,32
28.01.2023,22:45,32
28.01.2023,23:00,32
28.01.2023,23:15,32
28.01.2023,23:30,32
28.01.2023,23:45,32
29.01.2023,00:00,32
29.01.2023,00:15,32
29.01.2023,00:30,32
29.01.2023,00:45,32
29.01.2023,01:00,32
29.01.2023,01:15,32
29.01.2023,01:30,32
29.01.2023,01:45,32
29.01.2023,02:00,32
29.01.2023,02:15,32
29.01.2023,02:30,32
29.01.2023,02:45,32
29.01.2023,03:00,32
29.01.2023,03:15,32
29.01.2023,03:30,32
29.01.2023,03:45,32
29.01.2023,04:00,32
29.01.2023,04:15,32
29.01.2023,04:30,32
29.01.2023,04:45,32
29.01.2023,05:00,32
29.01.2023,05:15,32
29.01.2023,05:30,32
29.01.2023,05:45,32
29.01.2023,06:00,32
29.01.2023,06:15,32
29.01.2023,06:30,32
29.01.2023,06:45,32
29.01.2023,07:00,32
29.01.2023,07:15,32
29.01.2023,07:30,32
29.01.2023,07:45,32
29.01.2023,08:00,32
29.01.2023,08:15,32
29.01.2023,08:30,32
29.01.2023,08:45,32
29.01.2023,09:00,32
29.01.2023,09:15,32
29.01.2023,09:30,32
29.01.2023,09:45,32
29.01.2023,10:00,32
29.01.2023,10:15,32
29.01.2023,10:30,32
29.01.2023,10:45,32
29.01.2023,11:00,32
29.01.2023,11:15,32
29.01.2023,11:30,32
29.01.2023,11:45,32
29.01.2023,12:00,32
29.01.2023,12:15,32
29.01.2023,12:30,32
29.01.2023,12:45,32
29.01.2023,13:00,32
29.01.2023,13:15,32
29.01.2023,13:30,32
29.01.2023,13:45,32
29.01.2023,14:00,31
29.01.2023,14:15,32
29.01.2023,14:30,32
29.01.2023,14:45,31
29.01.2023,15:00,32
29.01.2023,15:15,32
29.01.2023,15:30,32
29.01.2023,15:45,32
29.01.2023,16:00,32
29.01.2023,16:15,32
29.01.2023,16:30,32
29.01.2023,16:45,32
29.01.2023,17:00,32
29.01.2023,17:15,32
29.01.2023,17:30,32
29.01.2023,17:45,32
29.01.2023,18:00,32
29.01.2023,18:15,32
29.01.2023,18:30,32
29.01.2023,18:45,32
29.01.2023,19:00,31
29.01.2023,19:15,32
29.01.2023,19:30,31
29.01.2023,19:45,32
29.01.2023,20:00,32
29.01.2023,20:15,32
29.01.2023,20:30,32
29.01.2023,20:45,32
29.01.2023,21:00,32
29.01.2023,21:15,32
29.01.2023,21:30,31
29.01.2023,21:45,31
29.01.2023,22:00,31
29.01.2023,22:15,32
29.01.2023,22:30,31
29.01.2023,22:45,31
29.01.2023,23:00,31
29.01.2023,23:15,31
29.01.2023,23:30,31
29.01.2023,23:45,31
30.01.2023,00:00,31
30.01.2023,00:15,31
30.01.2023,00:30,31
30.01.2023,00:45,31
30.01.2023,01:00,31
30.01.2023,01:15,31
30.01.2023,01:30,32
30.01.2023,01:45,31
30.01.2023,02:00,31
30.01.2023,02:15,32
30.01.2023,02:30,31
30.01.2023,02:45,31
30.01.2023,03:00,31
30.01.2023,03:15,31
30.01.2023,03:30,31
30.01.2023,03:45,31
30.01.2023,04:00,32
30.01.2023,04:15,32
30.01.2023,04:30,32
30.01.2023,04:45,31
30.01.2023,05:00,31
30.01.2023,05:15,31
30.01.2023,05:30,31
30.01.2023,05:45,32
30.01.2023,06:00,31
30.01.2023,06:15,31
30.01.2023,06:30,32
30.01.2023,06:45,31
30.01.2023,07:00,31
30.01.2023,07:15,32
30.01.2023,07:30,32
30.01.2023,07:45,32
30.01.2023,08:00,32
30.01.2023,08:15,32
30.01.2023,08:30,32
30.01.2023,08:45,32
30.01.2023,09:00,32
30.01.2023,09:15,32
30.01.2023,09:30,32
30.01.2023,09:45,32
30.01.2023,10:00,32
30.01.2023,10:15,32
30.01.2023,10:30,32
30.01.2023,10:45,32
30.01.2023,11:00,32
30.01.2023,11:15,32
30.01.2023,11:30,32
30.01.2023,11:45,32
30.01.2023,12:00,32
30.01.2023,12:15,32
30.01.2023,12:30,32
30.01.2023,12:45,32
30.01.2023,13:00,32
30.01.2023,13:15,32
30.01.2023,13:30,32
30.01.2023,13:45,32
30.01.2023,14:00,32
30.01.2023,14:15,32
30.01.2023,14:30,32
30.01.2023,14:45,32
30.01.2023,15:00,32
30.01.2023,15:15,32
30.01.2023,15:30,32
30.01.2023,15:45,32
30.01.2023,16:00,32
30.01.2023,16:15,33
30.01.2023,16:30,33
30.01.2023,16:45,33
30.01.2023,17:00,33
30.01.2023,17:15,33
30.01.2023,17:30,33
30.01.2023,17:45,33
30.01.2023,18:00,33
30.01.2023,18:15,33
30.01.2023,18:30,34
30.01.2023,18:45,34
30.01.2023,19:00,34
30.01.2023,19:15,34
30.01.2023,19:30,34
30.01.2023,19:45,34
30.01.2023,20:00,34
30.01.2023,20:15,34
30.01.2023,20:30,34
30.01.2023,20:45,34
30.01.2023,21:00,34
30.01.2023,21:15,34
30.01.2023,21:30,34
30.01.2023,21:45,34
30.01.2023,22:00,34
30.01.2023,22:15,34
30.01.2023,22:30,34
30.01.2023,22:45,34
30.01.2023,23:00,35
30.01.2023,23:15,34
30.01.2023,23:30,35
30.01.2023,23:45,35
31.01.2023,00:00,35
31.01.2023,00:15,34
31.01.2023,00:30,34
31.01.2023,00:45,34
31.01.2023,01:00,34
31.01.2023,01:15,34
31.01.2023,01:30,34
31.01.2023,01:45,34
31.01.2023,02:00,34
31.01.2023,02:15,34
31.01.2023,02:30,34
31.01.2023,02:45,34
31.01.2023,03:00,34
31.01.2023,03:15,34
31.01.2023,03:30,34
31.01.2023,03:45,34
31.01.2023,04:00,34
31.01.2023,04:15,34
31.01.2023,04:30,34
31.01.2023,04:45,34
31.01.2023,05:00,34
31.01.2023,05:15,34
31.01.2023,05:30,34
31.01.2023,05:45,34
31.01.2023,06:00,34
31.01.2023,06:15,34
31.01.2023,06:30,34
31.01.2023,06:45,34
31.01.2023,07:00,34
31.01.2023,07:15,34
31.01.2023,07:30,34
31.01.2023,07:45,34
31.01.2023,08:00,34
31.01.2023,08:15,34
31.01.2023,08:30,34
31.01.2023,08:45,34
31.01.2023,09:00,34
31.01.2023,09:15,34
31.01.2023,09:30,34
31.01.2023,09:45,34
31.01.2023,10:00,34
31.01.2023,10:15,34
31.01.2023,10:30,34
31.01.2023,10:45,34
31.01.2023,11:00,34
31.01.2023,11:15,34
31.01.2023,11:30,34
31.01.2023,11:45,34
31.01.2023,12:00,34
31.01.2023,12:15,34
31.01.2023,12:30,34
31.01.2023,12:45,34
31.01.2023,13:00,34
31.01.2023,13:15,34
31.01.2023,13:30,34
31.01.2023,13:45,34
31.01.2023,14:00,34
31.01.2023,14:15,34
31.01.2023,14:30,34
31.01.2023,14:45,34
31.01.2023,15:00,34
31.01.2023,15:15,34
31.01.2023,15:30,34
31.01.2023,15:45,34
31.01.2023,16:00,34
31.01.2023,16:15,34
31.01.2023,16:30,34
31.01.2023,16:45,34
31.01.2023,17:00,34
31.01.2023,17:15,34
31.01.2023,17:30,34
31.01.2023,17:45,34
31.01.2023,18:00,34
31.01.2023,18:15,34
31.01.2023,18:30,34
31.01.2023,18:45,34
31.01.2023,19:00,34
31.01.2023,19:15,34
31.01.2023,19:30,34
31.01.2023,19:45,34
31.01.2023,20:00,34
31.01.2023,20:15,34
31.01.2023,20:30,34
31.01.2023,20:45,35
31.01.2023,21:00,35
31.01.2023,21:15,35
31.01.2023,21:30,35
31.01.2023,21:45,35
31.01.2023,22:00,35
31.01.2023,22:15,35
31.01.2023,22:30,35
31.01.2023,22:45,35
31.01.2023,23:00,36
31.01.2023,23:15,36
31.01.2023,23:30,36
31.01.2023,23:45,37
01.02.2023,00:00,37
01.02.2023,00:15,37
01.02.2023,00:30,37
01.02.2023,00:45,38
01.02.2023,01:00,38
01.02.2023,01:15,38
01.02.2023,01:30,39
01.02.2023,01:45,39
01.02.2023,02:00,39
01.02.2023,02:15,40
01.02.2023,02:30,40
01.02.2023,02:45,40
01.02.2023,03:00,41
01.02.2023,03:15,41
01.02.2023,03:30,41
01.02.2023,03:45,41
01.02.2023,04:00,41
01.02.2023,04:15,41
01.02.2023,04:30,42
01.02.2023,04:45,42
01.02.2023,05:00,42
01.02.2023,05:15,42
01.02.2023,05:30,42
01.02.2023,05:45,42
01.02.2023,06:00,42
01.02.2023,06:15,42
01.02.2023,06:30,42
01.02.2023,06:45,42
01.02.2023,07:00,42
01.02.2023,07:15,43
01.02.2023,07:30,43
01.02.2023,07:45,43
01.02.2023,08:00,43
01.02.2023,08:15,43
01.02.2023,08:30,43
01.02.2023,08:45,43
01.02.2023,09:00,43
01.02.2023,09:15,43
01.02.2023,09:30,43
01.02.2023,09:45,43
01.02.2023,10:00,43
01.02.2023,10:15,43
01.02.2023,10:30,43
01.02.2023,10:45,43
01.02.2023,11:00,43
01.02.2023,11:15,43
01.02.2023,11:30,43
01.02.2023,11:45,43
01.02.2023,12:00,43
01.02.2023,12:15,43
01.02.2023,12:30,43
01.02.2023,12:45,43
01.02.2023,13:00,43
01.02.2023,13:15,43
01.02.2023,13:30,43
01.02.2023,13:45,43
01.02.2023,14:00,43
01.02.2023,14:15,43
01.02.2023,14:30,43
01.02.2023,14:45,43
01.02.2023,15:00,43
01.02.2023,15:15,43
01.02.2023,15:30,43
01.02.2023,15:45,43
01.02.2023,16:00,43
01.02.2023,16:15,44
01.02.2023,16:30,44
01.02.2023,16:45,44
01.02.2023,17:00,44
01.02.2023,17:15,44
01.02.2023,17:30,44
01.02.2023,17:45,44
01.02.2023,18:00,44
01.02.2023,18:15,44
01.02.2023,18:30,44
01.02.2023,18:45,44
01.02.2023,19:00,44
01.02.2023,19:15,44
01.02.2023,19:30,45
01.02.2023,19:45,45
01.02.2023,20:00,45
01.02.2023,20:15,45
01.02.2023,20:30,45
01.02.2023,20:45,45
01.02.2023,21:00,45
01.02.2023,21:15,45
01.02.2023,21:30,45
01.02.2023,21:45,45
01.02.2023,22:00,45
01.02.2023,22:15,45
01.02.2023,22:30,46
01.02.2023,22:45,46
01.02.2023,23:00,46
01.02.2023,23:15,46
01.02.2023,23:30,46
01.02.2023,23:45,46
02.02.2023,00:00,46
02.02.2023,00:15,46
02.02.2023,00:30,46
02.02.2023,00:45,47
02.02.2023,01:00,47
02.02.2023,01:15,47
02.02.2023,01:30,47
02.02.2023,01:45,47
02.02.2023,02:00,48
02.02.2023,02:15,48
02.02.2023,02:30,48
02.02.2023,02:45,48
02.02.2023,03:00,48
02.02.2023,03:15,49
02.02.2023,03:30,49
02.02.2023,03:45,49
02.02.2023,04:00,49
02.02.2023,04:15,49
02.02.2023,04:30,50
02.02.2023,04:45,50
02.02.2023,05:00,50
02.02.2023,05:15,50
02.02.2023,05:30,50
02.02.2023,05:45,50
02.02.2023,06:00,50
02.02.2023,06:15,51
02.02.2023,06:30,51
02.02.2023,06:45,51
02.02.2023,07:00,51
02.02.2023,07:15,51
02.02.2023,07:30,51
02.02.2023,07:45,51
02.02.2023,08:00,51
02.02.2023,08:15,51
02.02.2023,08:30,51
02.02.2023,08:45,51
02.02.2023,09:00,51
02.02.2023,09:15,51
02.02.2023,09:30,51
02.02.2023,09:45,51
02.02.2023,10:00,51
02.02.2023,10:15,51
02.02.2023,10:30,51
02.02.2023,10:45,51
02.02.2023,11:00,51
02.02.2023,11:15,51
02.02.2023,11:30,51
02.02.2023,11:45,51
02.02.2023,12:00,51
02.02.2023,12:15,51
02.02.2023,12:30,51
02.02.2023,12:45,51
02.02.2023,13:00,51
02.02.2023,13:15,51
02.02.2023,13:30,51
02.02.2023,13:45,51
02.02.2023,14:00,51
02.02.2023,14:15,51
02.02.2023,14:30,51
02.02.2023,14:45,51
02.02.2023,15:00,51
02.02.2023,15:15,51
02.02.2023,15:30,52
02.02.2023,15:45,51
02.02.2023,16:00,52
02.02.2023,16:15,52
02.02.2023,16:30,52
02.02.2023,16:45,52
02.02.2023,17:00,52
02.02.2023,17:15,52
02.02.2023,17:30,52
02.02.2023,17:45,52
02.02.2023,18:00,52
02.02.2023,18:15,52
02.02.2023,18:30,52
02.02.2023,18:45,52
02.02.2023,19:00,52
02.02.2023,19:15,52
02.02.2023,19:30,51
02.02.2023,19:45,51
02.02.2023,20:00,51
02.02.2023,20:15,51
02.02.2023,20:30,51
02.02.2023,20:45,51
02.02.2023,21:00,51
02.02.2023,21:15,51
02.02.2023,21:30,51
02.02.2023,21:45,51
02.02.2023,22:00,51
02.02.2023,22:15,51
02.02.2023,22:30,51
02.02.2023,22:45,51
02.02.2023,23:00,51
02.02.2023,23:15,51
02.02.2023,23:30,51
02.02.2023,23:45,51
03.02.2023,00:00,51
03.02.2023,00:15,50
03.02.2023,00:30,50
03.02.2023,00:45,50
03.02.2023,01:00,50
03.02.2023,01:15,50
03.02.2023,01:30,50
03.02.2023,01:45,50
03.02.2023,02:00,50
03.02.2023,02:15,50
03.02.2023,02:30,50
03.02.2023,02:45,50
03.02.2023,03:00,50
03.02.2023,03:15,50
03.02.2023,03:30,50
03.02.2023,03:45,50
03.02.2023,04:00,50
03.02.2023,04:15,50
03.02.2023,04:30,50
03.02.2023,04:45,50
03.02.2023,05:00,50
03.02.2023,05:15,50
03.02.2023,05:30,50
03.02.2023,05:45,50
03.02.2023,06:00,50
03.02.2023,06:15,50
03.02.2023,06:30,50
03.02.2023,06:45,49
03.02.2023,07:00,49
03.02.2023,07:15,49
03.02.2023,07:30,49
03.02.2023,07:45,49
03.02.2023,08:00,49
03.02.2023,08:15,49
03.02.2023,08:30,49
03.02.2023,08:45,49
03.02.2023,09:00,49
03.02.2023,09:15,49
03.02.2023,09:30,49
03.02.2023,09:45,49
03.02.2023,10:00,49
03.02.2023,10:15,49
03.02.2023,10:30,49
03.02.2023,10:45,49
03.02.2023,11:00,49
03.02.2023,11:15,49
03.02.2023,11:30,49
03.02.2023,11:45,48
03.02.2023,12:00,48
03.02.2023,12:15,48
03.02.2023,12:30,48
03.02.2023,12:45,48
03.02.2023,13:00,48
03.02.2023,13:15,48
03.02.2023,13:30,48
03.02.2023,13:45,48
03.02.2023,14:00,48
03.02.2023,14:15,48
03.02.2023,14:30,48
03.02.2023,14:45,48
03.02.2023,15:00,48
03.02.2023,15:15,48
03.02.2023,15:30,48
03.02.2023,15:45,48
03.02.2023,16:00,48
03.02.2023,16:15,48
03.02.2023,16:30,48
03.02.2023,16:45,48
03.02.2023,17:00,48
03.02.2023,17:15,48
03.02.2023,17:30,48
03.02.2023,17:45,48
03.02.2023,18:00,48
03.02.2023,18:15,48
03.02.2023,18:30,48
03.02.2023,18:45,48
03.02.2023,19:00,48
03.02.2023,19:15,48
03.02.2023,19:30,48
03.02.2023,19:45,48
03.02.2023,20:00,48
03.02.2023,20:15,48
03.02.2023,20:30,48
03.02.2023,20:45,48
03.02.2023,21:00,48
03.02.2023,21:15,48
03.02.2023,21:30,48
03.02.2023,21:45,48
03.02.2023,22:00,48
03.02.2023,22:15,48
03.02.2023,22:30,48
03.02.2023,22:45,48
03.02.2023,23:00,48
03.02.2023,23:15,47
03.02.2023,23:30,47
03.02.2023,23:45,48
04.02.2023,00:00,47
04.02.2023,00:15,48
04.02.2023,00:30,47
04.02.2023,00:45,48
04.02.2023,01:00,48
04.02.2023,01:15,48
04.02.2023,01:30,48
04.02.2023,01:45,48
04.02.2023,02:00,48
04.02.2023,02:15,48
04.02.2023,02:30,48
04.02.2023,02:45,48
04.02.2023,03:00,48
04.02.2023,03:15,48
04.02.2023,03:30,48
04.02.2023,03:45,48
04.02.2023,04:00,48
04.02.2023,04:15,48
04.02.2023,04:30,48
04.02.2023,04:45,48
04.02.2023,05:00,48
04.02.2023,05:15,48
04.02.2023,05:30,48
04.02.2023,05:45,48
04.02.2023,06:00,48
04.02.2023,06:15,48
04.02.2023,06:30,48
04.02.2023,06:45,48
04.02.2023,07:00,48
04.02.2023,07:15,48
04.02.2023,07:30,48
04.02.2023,07:45,47
04.02.2023,08:00,47
04.02.2023,08:15,47
04.02.2023,08:30,47
04.02.2023,08:45,47
04.02.2023,09:00,47
04.02.2023,09:15,47
04.02.2023,09:30,47
04.02.2023,09:45,47
04.02.2023,10:00,47
04.02.2023,10:15,47
04.02.2023,10:30,47
04.02.2023,10:45,47
04.02.2023,11:00,47
04.02.2023,11:15,47
04.02.2023,11:30,47
04.02.2023,11:45,47
04.02.2023,12:00,47
04.02.2023,12:15,47
04.02.2023,12:30,47
04.02.2023,12:45,47
04.02.2023,13:00,46
04.02.2023,13:15,46
04.02.2023,13:30,46
04.02.2023,13:45,46
04.02.2023,14:00,46
04.02.2023,14:15,46
04.02.2023,14:30,46
04.02.2023,14:45,46
04.02.2023,15:00,46
04.02.2023,15:15,46
04.02.2023,15:30,46
04.02.2023,15:45,46
04.02.2023,16:00,46
04.02.2023,16:15,46
04.02.2023,16:30,46
04.02.2023,16:45,46
04.02.2023,17:00,46
04.02.2023,17:15,46
04.02.2023,17:30,46
04.02.2023,17:45,46
04.02.2023,18:00,46
04.02.2023,18:15,46
04.02.2023,18:30,46
04.02.2023,18:45,46
04.02.2023,19:00,45
04.02.2023,19:15,45
04.02.2023,19:30,45
04.02.2023,19:45,45
04.02.2023,20:00,45
04.02.2023,20:15,45
04.02.2023,20:30,45
04.02.2023,20:45,45
04.02.2023,21:00,45
04.02.2023,21:15,45
04.02.2023,21:30,45
04.02.2023,21:45,45
04.02.2023,22:00,45
04.02.2023,22:15,45
04.02.2023,22:30,45
04.02.2023,22:45,45
04.02.2023,23:00,45
04.02.2023,23:15,45
04.02.2023,23:30,45
04.02.2023,23:45,45
05.02.2023,00:00,45
05.02.2023,00:15,45
05.02.2023,00:30,45
05.02.2023,00:45,45
05.02.2023,01:00,45
05.02.2023,01:15,45
05.02.2023,01:30,44
05.02.2023,01:45,44
05.02.2023,02:00,44
05.02.2023,02:15,44
05.02.2023,02:30,44
05.02.2023,02:45,44
05.02.2023,03:00,44
05.02.2023,03:15,44
05.02.2023,03:30,44
05.02.2023,03:45,44
05.02.2023,04:00,44
05.02.2023,04:15,44
05.02.2023,04:30,44
05.02.2023,04:45,44
05.02.2023,05:00,44
05.02.2023,05:15,44
05.02.2023,05:30,44
05.02.2023,05:45,44
05.02.2023,06:00,44
05.02.2023,06:15,44
05.02.2023,06:30,44
05.02.2023,06:45,44
05.02.2023,07:00,44
05.02.2023,07:15,44
05.02.2023,07:30,44
05.02.2023,07:45,44
05.02.2023,08:00,44
05.02.2023,08:15,44
05.02.2023,08:30,44
05.02.2023,08:45,44
05.02.2023,09:00,44
05.02.2023,09:15,44
05.02.2023,09:30,44
05.02.2023,09:45,44
05.02.2023,10:00,44
05.02.2023,10:15,44
05.02.2023,10:30,44
05.02.2023,10:45,44
05.02.2023,11:00,44
05.02.2023,11:15,44
05.02.2023,11:30,44
05.02.2023,11:45,44
05.02.2023,12:00,44
05.02.2023,12:15,44
05.02.2023,12:30,44
05.02.2023,12:45,44
05.02.2023,13:00,44
05.02.2023,13:15,44
05.02.2023,13:30,44
05.02.2023,13:45,44
05.02.2023,14:00,44
05.02.2023,14:15,44
05.02.2023,14:30,45
05.02.2023,14:45,45
05.02.2023,15:00,45
05.02.2023,15:15,45
05.02.2023,15:30,45
05.02.2023,15:45,45
05.02.2023,16:00,45
05.02.2023,16:15,45
05.02.2023,16:30,46
05.02.2023,16:45,46
05.02.2023,17:00,46
05.02.2023,17:15,46
05.02.2023,17:30,46
05.02.2023,17:45,46
05.02.2023,18:00,46
05.02.2023,18:15,47
05.02.2023,18:30,47
05.02.2023,18:45,47
05.02.2023,19:00,47
05.02.2023,19:15,47
05.02.2023,19:30,47
05.02.2023,19:45,47
05.02.2023,20:00,47
05.02.2023,20:15,47
05.02.2023,20:30,48
05.02.2023,20:45,48
05.02.2023,21:00,48
05.02.2023,21:15,48
05.02.2023,21:30,48
05.02.2023,21:45,48
05.02.2023,22:00,48
05.02.2023,22:15,48
05.02.2023,22:30,48
05.02.2023,22:45,48
05.02.2023,23:00,48
05.02.2023,23:15,48
05.02.2023,23:30,48
05.02.2023,23:45,48
06.02.2023,00:00,48
06.02.2023,00:15,48
06.02.2023,00:30,48
06.02.2023,00:45,48
06.02.2023,01:00,48
06.02.2023,01:15,48
06.02.2023,01:30,48
06.02.2023,01:45,48
06.02.2023,02:00,48
06.02.2023,02:15,48
06.02.2023,02:30,48
06.02.2023,02:45,47
06.02.2023,03:00,47
06.02.2023,03:15,47
06.02.2023,03:30,47
06.02.2023,03:45,47
06.02.2023,04:00,47
06.02.2023,04:15,47
06.02.2023,04:30,47
06.02.2023,04:45,47
06.02.2023,05:00,47
06.02.2023,05:15,47
06.02.2023,05:30,47
06.02.2023,05:45,47
06.02.2023,06:00,47
06.02.2023,06:15,47
06.02.2023,06:30,47
06.02.2023,06:45,47
06.02.2023,07:00,47
06.02.2023,07:15,46
06.02.2023,07:30,47
06.02.2023,07:45,47
06.02.2023,08:00,46
06.02.2023,08:15,46
06.02.2023,08:30,46
06.02.2023,08:45,46
06.02.2023,09:00,46
06.02.2023,09:15,46
06.02.2023,09:30,46
06.02.2023,09:45,46
06.02.2023,10:00,46
06.02.2023,10:15,46
06.02.2023,10:30,46
06.02.2023,10:45,46
06.02.2023,11:00,46
06.02.2023,11:15,46
06.02.2023,11:30,46
06.02.2023,11:45,46
06.02.2023,12:00,46
06.02.2023,12:15,46
06.02.2023,12:30,46
06.02.2023,12:45,46
06.02.2023,13:00,46
06.02.2023,13:15,46
06.02.2023,13:30,46
06.02.2023,13:45,46
06.02.2023,14:00,46
06.02.2023,14:15,46
06.02.2023,14:30,45
06.02.2023,14:45,45
06.02.2023,15:00,45
06.02.2023,15:15,45
06.02.2023,15:30,45
06.02.2023,15:45,45
06.02.2023,16:00,45
06.02.2023,16:15,45
06.02.2023,16:30,45
06.02.2023,16:45,45
06.02.2023,17:00,45
06.02.2023,17:15,45
06.02.2023,17:30,45
06.02.2023,17:45,45
06.02.2023,18:00,45
06.02.2023,18:15,45
06.02.2023,18:30,45
06.02.2023,18:45,45
06.02.2023,19:00,45
06.02.2023,19:15,45
06.02.2023,19:30,45
06.02.2023,19:45,45
06.02.2023,20:00,45
06.02.2023,20:15,45
06.02.2023,20:30,45
06.02.2023,20:45,45
06.02.2023,21:00,45
06.02.2023,21:15,45
06.02.2023,21:30,44
06.02.2023,21:45,45
06.02.2023,22:00,44
06.02.2023,22:15,44
06.02.2023,22:30,44
06.02.2023,22:45,44
06.02.2023,23:00,44
06.02.2023,23:15,44
06.02.2023,23:30,44
06.02.2023,23:45,44
07.02.2023,00:00,44
07.02.2023,00:15,44
07.02.2023,00:30,44
07.02.2023,00:45,44
07.02.2023,01:00,44
07.02.2023,01:15,44
07.02.2023,01:30,44
07.02.2023,01:45,44
07.02.2023,02:00,44
07.02.2023,02:15,44
07.02.2023,02:30,44
07.02.2023,02:45,44
07.02.2023,03:00,44
07.02.2023,03:15,44
07.02.2023,03:30,44
07.02.2023,03:45,44
07.02.2023,04:00,43
07.02.2023,04:15,43
07.02.2023,04:30,43
07.02.2023,04:45,43
07.02.2023,05:00,43
07.02.2023,05:15,43
07.02.2023,05:30,43
07.02.2023,05:45,43
07.02.2023,06:00,43
07.02.2023,06:15,43
07.02.2023,06:30,43
07.02.2023,06:45,43
07.02.2023,07:00,43
07.02.2023,07:15,43
07.02.2023,07:30,43
07.02.2023,07:45,43
07.02.2023,08:00,43
07.02.2023,08:15,43
07.02.2023,08:30,43
07.02.2023,08:45,43
07.02.2023,09:00,43
07.02.2023,09:15,43
07.02.2023,09:30,43
07.02.2023,09:45,43
07.02.2023,10:00,43
07.02.2023,10:15,43
07.02.2023,10:30,43
07.02.2023,10:45,43
07.02.2023,11:00,43
07.02.2023,11:15,42
07.02.2023,11:30,42
07.02.2023,11:45,42
07.02.2023,12:00,42
07.02.2023,12:15,42
07.02.2023,12:30,42
07.02.2023,12:45,42
07.02.2023,13:00,42
07.02.2023,13:15,42
07.02.2023,13:30,42
07.02.2023,13:45,42
07.02.2023,14:00,42
07.02.2023,14:15,42
07.02.2023,14:30,42
07.02.2023,14:45,42
07.02.2023,15:00,42
07.02.2023,15:15,42
07.02.2023,15:30,42
07.02.2023,15:45,42
07.02.2023,16:00,42
07.02.2023,16:15,42
07.02.2023,16:30,42
07.02.2023,16:45,42
07.02.2023,17:00,42
07.02.2023,17:15,42
07.02.2023,17:30,42
07.02.2023,17:45,42
07.02.2023,18:00,42
07.02.2023,18:15,41
07.02.2023,18:30,41
07.02.2023,18:45,41
07.02.2023,19:00,41
07.02.2023,19:15,41
07.02.2023,19:30,41
07.02.2023,19:45,41
07.02.2023,20:00,41
07.02.2023,20:15,41
07.02.2023,20:30,41
07.02.2023,20:45,41
07.02.2023,21:00,41
07.02.2023,21:15,41
07.02.2023,21:30,41
07.02.2023,21:45,41
07.02.2023,22:00,41
07.02.2023,22:15,41
07.02.2023,22:30,41
07.02.2023,22:45,41
07.02.2023,23:00,41
07.02.2023,23:15,41
07.02.2023,23:30,41
07.02.2023,23:45,41
08.02.2023,00:00,41
08.02.2023,00:15,41
08.02.2023,00:30,41
08.02.2023,00:45,41
08.02.2023,01:00,41
08.02.2023,01:15,40
08.02.2023,01:30,40
08.02.2023,01:45,40
08.02.2023,02:00,40
08.02.2023,02:15,40
08.02.2023,02:30,40
08.02.2023,02:45,40
08.02.2023,03:00,40
08.02.2023,03:15,40
08.02.2023,03:30,40
08.02.2023,03:45,40
08.02.2023,04:00,40
08.02.2023,04:15,40
08.02.2023,04:30,40
08.02.2023,04:45,40
08.02.2023,05:00,40
08.02.2023,05:15,40
08.02.2023,05:30,40
08.02.2023,05:45,40
08.02.2023,06:00,40
08.02.2023,06:15,40
08.02.2023,06:30,40
08.02.2023,06:45,40
08.02.2023,07:00,40
08.02.2023,07:15,40
08.02.2023,07:30,40
08.02.2023,07:45,40
08.02.2023,08:00,40
08.02.2023,08:15,40
08.02.2023,08:30,39
08.02.2023,08:45,39
08.02.2023,09:00,39
08.02.2023,09:15,39
08.02.2023,09:30,39
08.02.2023,09:45,39
08.02.2023,10:00,39
08.02.2023,10:15,39
08.02.2023,10:30,39
08.02.2023,10:45,39
08.02.2023,11:00,39
08.02.2023,11:15,39
08.02.2023,11:30,39
08.02.2023,11:45,39
08.02.2023,12:00,39
08.02.2023,12:15,39
08.02.2023,12:30,39
08.02.2023,12:45,39
08.02.2023,13:00,39
08.02.2023,13:15,39
08.02.2023,13:30,39
08.02.2023,13:45,39
08.02.2023,14:00,39
08.02.2023,14:15,39
08.02.2023,14:30,39
08.02.2023,14:45,39
08.02.2023,15:00,39
08.02.2023,15:15,39
08.02.2023,15:30,39
08.02.2023,15:45,39
08.02.2023,16:00,39
08.02.2023,16:15,39
08.02.2023,16:30,39
08.02.2023,16:45,39
08.02.2023,17:00,39
08.02.2023,17:15,39
08.02.2023,17:30,39
08.02.2023,17:45,39
08.02.2023,18:00,39
08.02.2023,18:15,39
08.02.2023,18:30,39
08.02.2023,18:45,39
08.02.2023,19:00,39
08.02.2023,19:15,39
08.02.2023,19:30,38
08.02.2023,19:45,38
08.02.2023,20:00,38
08.02.2023,20:15,38
08.02.2023,20:30,38
08.02.2023,20:45,38
08.02.2023,21:00,38
08.02.2023,21:15,38
08.02.2023,21:30,38
08.02.2023,21:45,38
08.02.2023,22:00,38
08.02.2023,22:15,38
08.02.2023,22:30,38
08.02.2023,22:45,38
08.02.2023,23:00,38
08.02.2023,23:15,38
08.02.2023,23:30,38
08.02.2023,23:45,38
09.02.2023,00:00,38
09.02.2023,00:15,38
09.02.2023,00:30,38
09.02.2023,00:45,38
09.02.2023,01:00,38
09.02.2023,01:15,38
09.02.2023,01:30,38
09.02.2023,01:45,38
09.02.2023,02:00,38
09.02.2023,02:15,38
09.02.2023,02:30,38
09.02.2023,02:45,38
09.02.2023,03:00,38
09.02.2023,03:15,38
09.02.2023,03:30,38
09.02.2023,03:45,38
09.02.2023,04:00,37
09.02.2023,04:15,38
09.02.2023,04:30,37
09.02.2023,04:45,37
09.02.2023,05:00,37
09.02.2023,05:15,37
09.02.2023,05:30,37
09.02.2023,05:45,37
09.02.2023,06:00,37
09.02.2023,06:15,37
09.02.2023,06:30,37
09.02.2023,06:45,37
09.02.2023,07:00,37
09.02.2023,07:15,37
09.02.2023,07:30,37
09.02.2023,07:45,37
09.02.2023,08:00,37
09.02.2023,08:15,37
09.02.2023,08:30,37
09.02.2023,08:45,37
09.02.2023,09:00,37
09.02.2023,09:15,37
09.02.2023,09:30,37
09.02.2023,09:45,37
09.02.2023,10:00,37
09.02.2023,10:15,37
09.02.2023,10:30,37
09.02.2023,10:45,37
09.02.2023,11:00,37
09.02.2023,11:15,38
09.02.2023,11:30,39
09.02.2023,11:45,39
09.02.2023,12:00,39
09.02.2023,12:15,39
09.02.2023,12:30,39
09.02.2023,12:45,39
09.02.2023,13:00,39
09.02.2023,13:15,39
09.02.2023,13:30,39
09.02.2023,13:45,39
09.02.2023,14:00,39
09.02.2023,14:15,39
09.02.2023,14:30,39
09.02.2023,14:45,39
09.02.2023,15:00,39
09.02.2023,15:15,39
09.02.2023,15:30,39
09.02.2023,15:45,39
09.02.2023,16:00,39
09.02.2023,16:15,39
09.02.2023,16:30,39
09.02.2023,16:45,39
09.02.2023,17:00,39
09.02.2023,17:15,39
09.02.2023,17:30,39
09.02.2023,17:45,39
09.02.2023,18:00,39
09.02.2023,18:15,39
09.02.2023,18:30,39
09.02.2023,18:45,39
09.02.2023,19:00,38
09.02.2023,19:15,38
09.02.2023,19:30,38
09.02.2023,19:45,38
09.02.2023,20:00,38
09.02.2023,20:15,36
09.02.2023,20:30,36
09.02.2023,20:45,36
09.02.2023,21:00,36
09.02.2023,21:15,36
09.02.2023,21:30,35
09.02.2023,21:45,36
09.02.2023,22:00,35
09.02.2023,22:15,35
09.02.2023,22:30,35
09.02.2023,22:45,35
09.02.2023,23:00,35
09.02.2023,23:15,35
09.02.2023,23:30,35
09.02.2023,23:45,35
10.02.2023,00:00,35
10.02.2023,00:15,35
10.02.2023,00:30,35
10.02.2023,00:45,35
10.02.2023,01:00,35
10.02.2023,01:15,35
10.02.2023,01:30,35
10.02.2023,01:45,35
10.02.2023,02:00,35
10.02.2023,02:15,35
10.02.2023,02:30,35
10.02.2023,02:45,35
10.02.2023,03:00,35
10.02.2023,03:15,35
10.02.2023,03:30,35
10.02.2023,03:45,35
10.02.2023,04:00,35
10.02.2023,04:15,35
10.02.2023,04:30,35
10.02.2023,04:45,35
10.02.2023,05:00,35
10.02.2023,05:15,35
10.02.2023,05:30,35
10.02.2023,05:45,35
10.02.2023,06:00,35
10.02.2023,06:15,35
10.02.2023,06:30,35
10.02.2023,06:45,35
10.02.2023,07:00,35
10.02.2023,07:15,35
10.02.2023,07:30,35
10.02.2023,07:45,36
10.02.2023,08:00,36
10.02.2023,08:15,36
10.02.2023,08:30,36
10.02.2023,08:45,36
10.02.2023,09:00,36
10.02.2023,09:15,36
10.02.2023,09:30,36
10.02.2023,09:45,40
10.02.2023,10:00,41
10.02.2023,10:15,42
10.02.2023,10:30,42
10.02.2023,10:45,42
10.02.2023,11:00,41
10.02.2023,11:15,41
10.02.2023,11:30,41
10.02.2023,11:45,41
10.02.2023,12:00,41
10.02.2023,12:15,41
10.02.2023,12:30,41
10.02.2023,12:45,41
10.02.2023,13:00,41
10.02.2023,13:15,41
10.02.2023,13:30,40
10.02.2023,13:45,38
10.02.2023,14:00,36
10.02.2023,14:15,35
10.02.2023,14:30,35
10.02.2023,14:45,35
10.02.2023,15:00,35
10.02.2023,15:15,35
10.02.2023,15:30,35
10.02.2023,15:45,35
10.02.2023,16:00,35
10.02.2023,16:15,34
10.02.2023,16:30,34
10.02.2023,16:45,34
10.02.2023,17:00,34
10.02.2023,17:15,34
10.02.2023,17:30,34
10.02.2023,17:45,34
10.02.2023,18:00,34
10.02.2023,18:15,34
10.02.2023,18:30,34
10.02.2023,18:45,34
10.02.2023,19:00,34
10.02.2023,19:15,34
10.02.2023,19:30,34
10.02.2023,19:45,34
10.02.2023,20:00,34
10.02.2023,20:15,34
10.02.2023,20:30,34
10.02.2023,20:45,34
10.02.2023,21:00,34
10.02.2023,21:15,34
10.02.2023,21:30,34
10.02.2023,21:45,34
10.02.2023,22:00,34
10.02.2023,22:15,34
10.02.2023,22:30,34
10.02.2023,22:45,34
10.02.2023,23:00,34
10.02.2023,23:15,34
10.02.2023,23:30,34
10.02.2023,23:45,34
11.02.2023,00:00,34
11.02.2023,00:15,34
11.02.2023,00:30,34
11.02.2023,00:45,34
11.02.2023,01:00,34
11.02.2023,01:15,34
11.02.2023,01:30,34
11.02.2023,01:45,34
11.02.2023,02:00,34
11.02.2023,02:15,34
11.02.2023,02:30,34
11.02.2023,02:45,34
11.02.2023,03:00,34
11.02.2023,03:15,34
11.02.2023,03:30,34
11.02.2023,03:45,34
11.02.2023,04:00,34
11.02.2023,04:15,34
11.02.2023,04:30,34
11.02.2023,04:45,34
11.02.2023,05:00,34
11.02.2023,05:15,34
11.02.2023,05:30,34
11.02.2023,05:45,34
11.02.2023,06:00,34
11.02.2023,06:15,34
11.02.2023,06:30,34
11.02.2023,06:45,34
11.02.2023,07:00,34
11.02.2023,07:15,34
11.02.2023,07:30,34
11.02.2023,07:45,34
11.02.2023,08:00,34
11.02.2023,08:15,34
11.02.2023,08:30,34
11.02.2023,08:45,34
11.02.2023,09:00,34
11.02.2023,09:15,34
11.02.2023,09:30,34
11.02.2023,09:45,34
11.02.2023,10:00,34
11.02.2023,10:15,34
11.02.2023,10:30,34
11.02.2023,10:45,34
11.02.2023,11:00,34
11.02.2023,11:15,34
11.02.2023,11:30,34
11.02.2023,11:45,34
11.02.2023,12:00,34
11.02.2023,12:15,34
11.02.2023,12:30,34
11.02.2023,12:45,34
11.02.2023,13:00,34
11.02.2023,13:15,34
11.02.2023,13:30,34
11.02.2023,13:45,34
11.02.2023,14:00,34
11.02.2023,14:15,33
11.02.2023,14:30,33
11.02.2023,14:45,33
11.02.2023,15:00,33
11.02.2023,15:15,33
11.02.2023,15:30,33
11.02.2023,15:45,33
11.02.2023,16:00,33
11.02.2023,16:15,33
11.02.2023,16:30,33
11.02.2023,16:45,33
11.02.2023,17:00,33
11.02.2023,17:15,33
11.02.2023,17:30,33
11.02.2023,17:45,33
11.02.2023,18:00,33
11.02.2023,18:15,33
11.02.2023,18:30,33
11.02.2023,18:45,33
11.02.2023,19:00,33
11.02.2023,19:15,33
11.02.2023,19:30,33
11.02.2023,19:45,33
11.02.2023,20:00,33
11.02.2023,20:15,33
11.02.2023,20:30,33
11.02.2023,20:45,33
11.02.2023,21:00,33
11.02.2023,21:15,33
11.02.2023,21:30,33
11.02.2023,21:45,33
11.02.2023,22:00,33
11.02.2023,22:15,33
11.02.2023,22:30,33
11.02.2023,22:45,33
11.02.2023,23:00,33
11.02.2023,23:15,33
11.02.2023,23:30,33
11.02.2023,23:45,33
12.02.2023,00:00,33
12.02.2023,00:15,33
12.02.2023,00:30,33
12.02.2023,00:45,33
12.02.2023,01:00,33
12.02.2023,01:15,33
12.02.2023,01:30,33
12.02.2023,01:45,33
12.02.2023,02:00,33
12.02.2023,02:15,33
12.02.2023,02:30,33
12.02.2023,02:45,33
12.02.2023,03:00,33
12.02.2023,03:15,33
12.02.2023,03:30,33
12.02.2023,03:45,33
12.02.2023,04:00,33
12.02.2023,04:15,33
12.02.2023,04:30,33
12.02.2023,04:45,33
12.02.2023,05:00,33
12.02.2023,05:15,33
12.02.2023,05:30,33
12.02.2023,05:45,33
12.02.2023,06:00,33
12.02.2023,06:15,33
12.02.2023,06:30,33
12.02.2023,06:45,33
12.02.2023,07:00,33
12.02.2023,07:15,33
12.02.2023,07:30,33
12.02.2023,07:45,33
12.02.2023,08:00,33
12.02.2023,08:15,33
12.02.2023,08:30,33
12.02.2023,08:45,33
12.02.2023,09:00,33
12.02.2023,09:15,33
12.02.2023,09:30,33
12.02.2023,09:45,33
12.02.2023,10:00,33
12.02.2023,10:15,33
12.02.2023,10:30,33
12.02.2023,10:45,33
12.02.2023,11:00,33
12.02.2023,11:15,33
12.02.2023,11:30,33
12.02.2023,11:45,33
12.02.2023,12:00,33
12.02.2023,12:15,33
12.02.2023,12:30,33
12.02.2023,12:45,33
12.02.2023,13:00,33
12.02.2023,13:15,33
12.02.2023,13:30,33
12.02.2023,13:45,33
12.02.2023,14:00,33
12.02.2023,14:15,33
12.02.2023,14:30,33
12.02.2023,14:45,33
12.02.2023,15:00,33
12.02.2023,15:15,33
12.02.2023,15:30,33
12.02.2023,15:45,33
12.02.2023,16:00,33
12.02.2023,16:15,33
12.02.2023,16:30,33
12.02.2023,16:45,33
12.02.2023,17:00,33
12.02.2023,17:15,33
12.02.2023,17:30,33
12.02.2023,17:45,33
12.02.2023,18:00,33
12.02.2023,18:15,32
12.02.2023,18:30,32
12.02.2023,18:45,33
12.02.2023,19:00,33
12.02.2023,19:15,33
12.02.2023,19:30,32
12.02.2023,19:45,33
12.02.2023,20:00,33
12.02.2023,20:15,32
12.02.2023,20:30,32
12.02.2023,20:45,32
12.02.2023,21:00,32
12.02.2023,21:15,32
12.02.2023,21:30,32
12.02.2023,21:45,32
12.02.2023,22:00,32
12.02.2023,22:15,32
12.02.2023,22:30,32
12.02.2023,22:45,32
12.02.2023,23:00,32
12.02.2023,23:15,32
12.02.2023,23:30,32
12.02.2023,23:45,32
13.02.2023,00:00,32
13.02.2023,00:15,32
13.02.2023,00:30,32
13.02.2023,00:45,32
13.02.2023,01:00,32
13.02.2023,01:15,32
13.02.2023,01:30,32
13.02.2023,01:45,32
13.02.2023,02:00,32
13.02.2023,02:15,32
13.02.2023,02:30,32
13.02.2023,02:45,32
13.02.2023,03:00,32
13.02.2023,03:15,32
13.02.2023,03:30,32
13.02.2023,03:45,32
13.02.2023,04:00,32
13.02.2023,04:15,32
13.02.2023,04:30,32
13.02.2023,04:45,32
13.02.2023,05:00,32
13.02.2023,05:15,32
13.02.2023,05:30,32
13.02.2023,05:45,32
13.02.2023,06:00,32
13.02.2023,06:15,32
13.02.2023,06:30,32
13.02.2023,06:45,32
13.02.2023,07:00,32
13.02.2023,07:15,32
13.02.2023,07:30,32
13.02.2023,07:45,32
13.02.2023,08:00,32
13.02.2023,08:15,32
13.02.2023,08:30,32
13.02.2023,08:45,32
13.02.2023,09:00,32
13.02.2023,09:15,32
13.02.2023,09:30,32
13.02.2023,09:45,32
13.02.2023,10:00,32
13.02.2023,10:15,32
13.02.2023,10:30,32
13.02.2023,10:45,32
13.02.2023,11:00,32
13.02.2023,11:15,32
13.02.2023,11:30,32
13.02.2023,11:45,32
13.02.2023,12:00,33
13.02.2023,12:15,34
13.02.2023,12:30,34
13.02.2023,12:45,34
13.02.2023,13:00,34
13.02.2023,13:15,34
13.02.2023,13:30,34
13.02.2023,13:45,34
13.02.2023,14:00,34
13.02.2023,14:15,34
13.02.2023,14:30,34
13.02.2023,14:45,34
13.02.2023,15:00,34
13.02.2023,15:15,34
13.02.2023,15:30,34
13.02.2023,15:45,34
13.02.2023,16:00,35
13.02.2023,16:15,35
13.02.2023,16:30,35
13.02.2023,16:45,35
13.02.2023,17:00,35
13.02.2023,17:15,35
13.02.2023,17:30,35
13.02.2023,17:45,35
13.02.2023,18:00,35
13.02.2023,18:15,35
13.02.2023,18:30,35
13.02.2023,18:45,35
13.02.2023,19:00,35
13.02.2023,19:15,35
13.02.2023,19:30,35
13.02.2023,19:45,35
13.02.2023,20:00,35
13.02.2023,20:15,35
13.02.2023,20:30,35
13.02.2023,20:45,35
13.02.2023,21:00,35
13.02.2023,21:15,34
13.02.2023,21:30,34
13.02.2023,21:45,34
13.02.2023,22:00,34
13.02.2023,22:15,34
13.02.2023,22:30,34
13.02.2023,22:45,34
13.02.2023,23:00,34
13.02.2023,23:15,34
13.02.2023,23:30,34
13.02.2023,23:45,34
14.02.2023,00:00,34
14.02.2023,00:15,34
14.02.2023,00:30,34
14.02.2023,00:45,34
14.02.2023,01:00,34
14.02.2023,01:15,34
14.02.2023,01:30,34
14.02.2023,01:45,34
14.02.2023,02:00,34
14.02.2023,02:15,34
14.02.2023,02:30,34
14.02.2023,02:45,34
14.02.2023,03:00,34
14.02.2023,03:15,34
14.02.2023,03:30,34
14.02.2023,03:45,34
14.02.2023,04:00,34
14.02.2023,04:15,33
14.02.2023,04:30,33
14.02.2023,04:45,32
14.02.2023,05:00,31
14.02.2023,05:15,31
14.02.2023,05:30,31
14.02.2023,05:45,31
14.02.2023,06:00,31
14.02.2023,06:15,31
14.02.2023,06:30,32
14.02.2023,06:45,32
14.02.2023,07:00,32
14.02.2023,07:15,32
14.02.2023,07:30,32
14.02.2023,07:45,32
14.02.2023,08:00,31
14.02.2023,08:15,31
14.02.2023,08:30,30
14.02.2023,08:45,30
14.02.2023,09:00,30
14.02.2023,09:15,30
14.02.2023,09:30,30
14.02.2023,09:45,30
14.02.2023,10:00,30
14.02.2023,10:15,30
14.02.2023,10:30,30
14.02.2023,10:45,30
14.02.2023,11:00,30
14.02.2023,11:15,30
14.02.2023,11:30,30
14.02.2023,11:45,30
14.02.2023,12:00,30
14.02.2023,12:15,30
14.02.2023,12:30,30
14.02.2023,12:45,30
14.02.2023,13:00,30
14.02.2023,13:15,30
14.02.2023,13:30,30
14.02.2023,13:45,30
14.02.2023,14:00,30
14.02.2023,14:15,30
14.02.2023,14:30,30
14.02.2023,14:45,30
14.02.2023,15:00,30
14.02.2023,15:15,30
14.02.2023,15:30,30
14.02.2023,15:45,30
14.02.2023,16:00,30
14.02.2023,16:15,30
14.02.2023,16:30,30
14.02.2023,16:45,30
14.02.2023,17:00,30
14.02.2023,17:15,30
14.02.2023,17:30,30
14.02.2023,17:45,30
14.02.2023,18:00,30
14.02.2023,18:15,30
14.02.2023,18:30,30
14.02.2023,18:45,30
14.02.2023,19:00,30
14.02.2023,19:15,30
14.02.2023,19:30,30
14.02.2023,19:45,30
14.02.2023,20:00,30
14.02.2023,20:15,30
14.02.2023,20:30,30
14.02.2023,20:45,30
14.02.2023,21:00,30
14.02.2023,21:15,30
14.02.2023,21:30,30
14.02.2023,21:45,30
14.02.2023,22:00,30
14.02.2023,22:15,30
14.02.2023,22:30,30
14.02.2023,22:45,30
14.02.2023,23:00,30
14.02.2023,23:15,30
14.02.2023,23:30,30
14.02.2023,23:45,30
15.02.2023,00:00,30
15.02.2023,00:15,30
15.02.2023,00:30,30
15.02.2023,00:45,30
15.02.2023,01:00,30
15.02.2023,01:15,30
15.02.2023,01:30,30
15.02.2023,01:45,30
15.02.2023,02:00,30
15.02.2023,02:15,30
15.02.2023,02:30,30
15.02.2023,02:45,30
15.02.2023,03:00,30
15.02.2023,03:15,30
15.02.2023,03:30,30
15.02.2023,03:45,30
15.02.2023,04:00,30
15.02.2023,04:15,30
15.02.2023,04:30,30
15.02.2023,04:45,30
15.02.2023,05:00,30
15.02.2023,05:15,30
15.02.2023,05:30,30
15.02.2023,05:45,30
15.02.2023,06:00,30
15.02.2023,06:15,30
15.02.2023,06:30,30
15.02.2023,06:45,30
15.02.2023,07:00,30
15.02.2023,07:15,30
15.02.2023,07:30,30
15.02.2023,07:45,30
15.02.2023,08:00,30
15.02.2023,08:15,30
15.02.2023,08:30,30
15.02.2023,08:45,30
15.02.2023,09:00,30
15.02.2023,09:15,30
15.02.2023,09:30,30
15.02.2023,09:45,30
15.02.2023,10:00,30
15.02.2023,10:15,30
15.02.2023,10:30,29
15.02.2023,10:45,29
15.02.2023,11:00,29
15.02.2023,11:15,29
15.02.2023,11:30,29
15.02.2023,11:45,29
15.02.2023,12:00,29
15.02.2023,12:15,29
15.02.2023,12:30,29
15.02.2023,12:45,29
15.02.2023,13:00,29
15.02.2023,13:15,29
15.02.2023,13:30,29
15.02.2023,13:45,29
15.02.2023,14:00,29
15.02.2023,14:15,29
15.02.2023,14:30,29
15.02.2023,14:45,29
15.02.2023,15:00,29
15.02.2023,15:15,29
15.02.2023,15:30,29
15.02.2023,15:45,29
15.02.2023,16:00,29
15.02.2023,16:15,29
15.02.2023,16:30,29
15.02.2023,16:45,29
15.02.2023,17:00,29
15.02.2023,17:15,29
15.02.2023,17:30,29
15.02.2023,17:45,29
15.02.2023,18:00,29
15.02.2023,18:15,29
15.02.2023,18:30,29
15.02.2023,18:45,29
15.02.2023,19:00,29
15.02.2023,19:15,29
15.02.2023,19:30,29
15.02.2023,19:45,29
15.02.2023,20:00,29
15.02.2023,20:15,30
15.02.2023,20:30,29
15.02.2023,20:45,29
15.02.2023,21:00,29
15.02.2023,21:15,29
15.02.2023,21:30,29
15.02.2023,21:45,29
15.02.2023,22:00,29
15.02.2023,22:15,29
15.02.2023,22:30,29
15.02.2023,22:45,29
15.02.2023,23:00,29
15.02.2023,23:15,29
15.02.2023,23:30,29
15.02.2023,23:45,29
16.02.2023,00:00,29
16.02.2023,00:15,29
16.02.2023,00:30,29
16.02.2023,00:45,29
16.02.2023,01:00,29
16.02.2023,01:15,29
16.02.2023,01:30,29
16.02.2023,01:45,29
16.02.2023,02:00,29
16.02.2023,02:15,29
16.02.2023,02:30,29
16.02.2023,02:45,29
16.02.2023,03:00,29
16.02.2023,03:15,29
16.02.2023,03:30,29
16.02.2023,03:45,29
16.02.2023,04:00,29
16.02.2023,04:15,29
16.02.2023,04:30,29
16.02.2023,04:45,29
16.02.2023,05:00,29
16.02.2023,05:15,29
16.02.2023,05:30,29
16.02.2023,05:45,29
16.02.2023,06:00,29
16.02.2023,06:15,29
16.02.2023,06:30,29
16.02.2023,06:45,29
16.02.2023,07:00,29
16.02.2023,07:15,29
16.02.2023,07:30,29
16.02.2023,07:45,29
16.02.2023,08:00,29
16.02.2023,08:15,29
16.02.2023,08:30,29
16.02.2023,08:45,29
16.02.2023,09:00,29
16.02.2023,09:15,29
16.02.2023,09:30,29
16.02.2023,09:45,29
16.02.2023,10:00,29
16.02.2023,10:15,29
16.02.2023,10:30,29
16.02.2023,10:45,29
16.02.2023,11:00,29
16.02.2023,11:15,29
16.02.2023,11:30,29
16.02.2023,11:45,29
16.02.2023,12:00,29
16.02.2023,12:15,29
16.02.2023,12:30,29
16.02.2023,12:45,29
16.02.2023,13:00,29
16.02.2023,13:15,29
16.02.2023,13:30,29
16.02.2023,13:45,29
16.02.2023,14:00,29
16.02.2023,14:15,29
16.02.2023,14:30,29
16.02.2023,14:45,29
16.02.2023,15:00,29
16.02.2023,15:15,29
16.02.2023,15:30,29
16.02.2023,15:45,29
16.02.2023,16:00,29
16.02.2023,16:15,29
16.02.2023,16:30,29
16.02.2023,16:45,29
16.02.2023,17:00,29
16.02.2023,17:15,29
16.02.2023,17:30,29
16.02.2023,17:45,29
16.02.2023,18:00,29
16.02.2023,18:15,29
16.02.2023,18:30,29
16.02.2023,18:45,29
16.02.2023,19:00,29
16.02.2023,19:15,29
16.02.2023,19:30,29
16.02.2023,19:45,29
16.02.2023,20:00,29
16.02.2023,20:15,29
16.02.2023,20:30,29
16.02.2023,20:45,29
16.02.2023,21:00,29
16.02.2023,21:15,29
16.02.2023,21:30,29
16.02.2023,21:45,29
16.02.2023,22:00,29
16.02.2023,22:15,29
16.02.2023,22:30,29
16.02.2023,22:45,29
16.02.2023,23:00,29
16.02.2023,23:15,29
16.02.2023,23:30,29
16.02.2023,23:45,29
17.02.2023,00:00,29
17.02.2023,00:15,29
17.02.2023,00:30,29
17.02.2023,00:45,29
17.02.2023,01:00,29
17.02.2023,01:15,29
17.02.2023,01:30,29
17.02.2023,01:45,29
17.02.2023,02:00,29
17.02.2023,02:15,29
17.02.2023,02:30,29
17.02.2023,02:45,29
17.02.2023,03:00,29
17.02.2023,03:15,29
17.02.2023,03:30,29
17.02.2023,03:45,29
17.02.2023,04:00,29
17.02.2023,04:15,29
17.02.2023,04:30,29
17.02.2023,04:45,29
17.02.2023,05:00,29
17.02.2023,05:15,29
17.02.2023,05:30,29
17.02.2023,05:45,29
17.02.2023,06:00,29
17.02.2023,06:15,29
17.02.2023,06:30,29
17.02.2023,06:45,29
17.02.2023,07:00,29
17.02.2023,07:15,29
17.02.2023,07:30,29
17.02.2023,07:45,29
17.02.2023,08:00,29
17.02.2023,08:15,29
17.02.2023,08:30,29
17.02.2023,08:45,29
17.02.2023,09:00,29
17.02.2023,09:15,29
17.02.2023,09:30,29
17.02.2023,09:45,29
17.02.2023,10:00,29
17.02.2023,10:15,29
17.02.2023,10:30,29
17.02.2023,10:45,29
17.02.2023,11:00,29
17.02.2023,11:15,29
17.02.2023,11:30,29
17.02.2023,11:45,29
17.02.2023,12:00,29
17.02.2023,12:15,29
17.02.2023,12:30,29
17.02.2023,12:45,29
17.02.2023,13:00,29
17.02.2023,13:15,29
17.02.2023,13:30,29
17.02.2023,13:45,29
17.02.2023,14:00,29
17.02.2023,14:15,29
17.02.2023,14:30,29
17.02.2023,14:45,29
17.02.2023,15:00,29
17.02.2023,15:15,29
17.02.2023,15:30,29
17.02.2023,15:45,29
17.02.2023,16:00,29
17.02.2023,16:15,29
17.02.2023,16:30,29
17.02.2023,16:45,29
17.02.2023,17:00,29
17.02.2023,17:15,29
17.02.2023,17:30,29
17.02.2023,17:45,29
17.02.2023,18:00,29
17.02.2023,18:15,29
17.02.2023,18:30,29
17.02.2023,18:45,29
17.02.2023,19:00,29
17.02.2023,19:15,29
17.02.2023,19:30,29
17.02.2023,19:45,29
17.02.2023,20:00,29
17.02.2023,20:15,29
17.02.2023,20:30,29
17.02.2023,20:45,29
17.02.2023,21:00,30
17.02.2023,21:15,30
17.02.2023,21:30,30
17.02.2023,21:45,30
17.02.2023,22:00,30
17.02.2023,22:15,30
17.02.2023,22:30,30
17.02.2023,22:45,30
17.02.2023,23:00,30
17.02.2023,23:15,30
17.02.2023,23:30,30
17.02.2023,23:45,30
18.02.2023,00:00,30
18.02.2023,00:15,30
18.02.2023,00:30,30
18.02.2023,00:45,30
18.02.2023,01:00,30
18.02.2023,01:15,30
18.02.2023,01:30,30
18.02.2023,01:45,30
18.02.2023,02:00,30
18.02.2023,02:15,30
18.02.2023,02:30,30
18.02.2023,02:45,30
18.02.2023,03:00,30
18.02.2023,03:15,30
18.02.2023,03:30,30
18.02.2023,03:45,30
18.02.2023,04:00,30
18.02.2023,04:15,30
18.02.2023,04:30,30
18.02.2023,04:45,30
18.02.2023,05:00,30
18.02.2023,05:15,30
18.02.2023,05:30,30
18.02.2023,05:45,30
18.02.2023,06:00,30
18.02.2023,06:15,30
18.02.2023,06:30,30
18.02.2023,06:45,30
18.02.2023,07:00,30
18.02.2023,07:15,30
18.02.2023,07:30,30
18.02.2023,07:45,30
18.02.2023,08:00,30
18.02.2023,08:15,30
18.02.2023,08:30,30
18.02.2023,08:45,30
18.02.2023,09:00,30
18.02.2023,09:15,30
18.02.2023,09:30,30
18.02.2023,09:45,30
18.02.2023,10:00,30
18.02.2023,10:15,30
18.02.2023,10:30,30
18.02.2023,10:45,30
18.02.2023,11:00,30
18.02.2023,11:15,30
18.02.2023,11:30,30
18.02.2023,11:45,30
18.02.2023,12:00,30
18.02.2023,12:15,30
18.02.2023,12:30,30
18.02.2023,12:45,30
18.02.2023,13:00,30
18.02.2023,13:15,30
18.02.2023,13:30,30
18.02.2023,13:45,30
18.02.2023,14:00,30
18.02.2023,14:15,30
18.02.2023,14:30,30
18.02.2023,14:45,30
18.02.2023,15:00,30
18.02.2023,15:15,30
18.02.2023,15:30,31
18.02.2023,15:45,31
18.02.2023,16:00,31
18.02.2023,16:15,31
18.02.2023,16:30,31
18.02.2023,16:45,31
18.02.2023,17:00,31
18.02.2023,17:15,31
18.02.2023,17:30,31
18.02.2023,17:45,31
18.02.2023,18:00,31
18.02.2023,18:15,31
18.02.2023,18:30,32
18.02.2023,18:45,32
18.02.2023,19:00,32
18.02.2023,19:15,32
18.02.2023,19:30,32
18.02.2023,19:45,32
18.02.2023,20:00,32
18.02.2023,20:15,32
18.02.2023,20:30,32
18.02.2023,20:45,32
18.02.2023,21:00,33
18.02.2023,21:15,33
18.02.2023,21:30,33
18.02.2023,21:45,33
18.02.2023,22:00,33
18.02.2023,22:15,33
18.02.2023,22:30,33
18.02.2023,22:45,33
18.02.2023,23:00,33
18.02.2023,23:15,33
18.02.2023,23:30,34
18.02.2023,23:45,34
19.02.2023,00:00,34
19.02.2023,00:15,34
19.02.2023,00:30,34
19.02.2023,00:45,34
19.02.2023,01:00,34
19.02.2023,01:15,34
19.02.2023,01:30,34
19.02.2023,01:45,34
19.02.2023,02:00,34
19.02.2023,02:15,34
19.02.2023,02:30,34
19.02.2023,02:45,35
19.02.2023,03:00,35
19.02.2023,03:15,35
19.02.2023,03:30,35
19.02.2023,03:45,35
19.02.2023,04:00,35
19.02.2023,04:15,35
19.02.2023,04:30,35
19.02.2023,04:45,36
19.02.2023,05:00,36
19.02.2023,05:15,36
19.02.2023,05:30,36
19.02.2023,05:45,36
19.02.2023,06:00,36
19.02.2023,06:15,36
19.02.2023,06:30,37
19.02.2023,06:45,37
19.02.2023,07:00,37
19.02.2023,07:15,37
19.02.2023,07:30,37
19.02.2023,07:45,37
19.02.2023,08:00,37
19.02.2023,08:15,37
19.02.2023,08:30,37
19.02.2023,08:45,37
19.02.2023,09:00,37
19.02.2023,09:15,37
19.02.2023,09:30,37
19.02.2023,09:45,37
19.02.2023,10:00,37
19.02.2023,10:15,37
19.02.2023,10:30,37
19.02.2023,10:45,37
19.02.2023,11:00,37
19.02.2023,11:15,37
19.02.2023,11:30,37
19.02.2023,11:45,37
19.02.2023,12:00,37
19.02.2023,12:15,37
19.02.2023,12:30,37
19.02.2023,12:45,37
19.02.2023,13:00,37
19.02.2023,13:15,37
19.02.2023,13:30,37
19.02.2023,13:45,37
19.02.2023,14:00,37
19.02.2023,14:15,37
19.02.2023,14:30,37
19.02.2023,14:45,37
19.02.2023,15:00,37
19.02.2023,15:15,37
19.02.2023,15:30,37
19.02.2023,15:45,37
19.02.2023,16:00,37
19.02.2023,16:15,37
19.02.2023,16:30,37
19.02.2023,16:45,37
19.02.2023,17:00,37
19.02.2023,17:15,37
19.02.2023,17:30,37
19.02.2023,17:45,37
19.02.2023,18:00,37
19.02.2023,18:15,37
19.02.2023,18:30,37
19.02.2023,18:45,37
19.02.2023,19:00,37
19.02.2023,19:15,37
19.02.2023,19:30,37
19.02.2023,19:45,37
19.02.2023,20:00,37
19.02.2023,20:15,37
19.02.2023,20:30,37
19.02.2023,20:45,37
19.02.2023,21:00,37
19.02.2023,21:15,37
19.02.2023,21:30,37
19.02.2023,21:45,37
19.02.2023,22:00,37
19.02.2023,22:15,37
19.02.2023,22:30,37
19.02.2023,22:45,37
19.02.2023,23:00,37
19.02.2023,23:15,37
19.02.2023,23:30,37
19.02.2023,23:45,37
20.02.2023,00:00,37
20.02.2023,00:15,37
20.02.2023,00:30,37
20.02.2023,00:45,36
20.02.2023,01:00,36
20.02.2023,01:15,36
20.02.2023,01:30,36
20.02.2023,01:45,36
20.02.2023,02:00,36
20.02.2023,02:15,36
20.02.2023,02:30,36
20.02.2023,02:45,36
20.02.2023,03:00,36
20.02.2023,03:15,36
20.02.2023,03:30,36
20.02.2023,03:45,36
20.02.2023,04:00,36
20.02.2023,04:15,36
20.02.2023,04:30,36
20.02.2023,04:45,36
20.02.2023,05:00,36
20.02.2023,05:15,36
20.02.2023,05:30,36
20.02.2023,05:45,36
20.02.2023,06:00,36
20.02.2023,06:15,36
20.02.2023,06:30,36
20.02.2023,06:45,36
20.02.2023,07:00,36
20.02.2023,07:15,36
20.02.2023,07:30,36
20.02.2023,07:45,36
20.02.2023,08:00,36
20.02.2023,08:15,36
20.02.2023,08:30,36
20.02.2023,08:45,36
20.02.2023,09:00,36
20.02.2023,09:15,36
20.02.2023,09:30,36
20.02.2023,09:45,36
20.02.2023,10:00,36
20.02.2023,10:15,36
20.02.2023,10:30,36
20.02.2023,10:45,36
20.02.2023,11:00,36
20.02.2023,11:15,36
20.02.2023,11:30,36
20.02.2023,11:45,36
20.02.2023,12:00,36
20.02.2023,12:15,36
20.02.2023,12:30,36
20.02.2023,12:45,36
20.02.2023,13:00,36
20.02.2023,13:15,36
20.02.2023,13:30,36
20.02.2023,13:45,36
20.02.2023,14:00,36
20.02.2023,14:15,36
20.02.2023,14:30,36
20.02.2023,14:45,36
20.02.2023,15:00,36
20.02.2023,15:15,36
20.02.2023,15:30,36
20.02.2023,15:45,36
20.02.2023,16:00,36
20.02.2023,16:15,36
20.02.2023,16:30,36
20.02.2023,16:45,36
20.02.2023,17:00,36
20.02.2023,17:15,36
20.02.2023,17:30,36
20.02.2023,17:45,36
20.02.2023,18:00,36
20.02.2023,18:15,36
20.02.2023,18:30,36
20.02.2023,18:45,36
20.02.2023,19:00,36
20.02.2023,19:15,36
20.02.2023,19:30,36
20.02.2023,19:45,36
20.02.2023,20:00,36
20.02.2023,20:15,36
20.02.2023,20:30,36
20.02.2023,20:45,35
20.02.2023,21:00,35
20.02.2023,21:15,35
20.02.2023,21:30,35
20.02.2023,21:45,35
20.02.2023,22:00,35
20.02.2023,22:15,35
20.02.2023,22:30,35
20.02.2023,22:45,35
20.02.2023,23:00,35
20.02.2023,23:15,35
20.02.2023,23:30,35
20.02.2023,23:45,35
21.02.2023,00:00,35
21.02.2023,00:15,35
21.02.2023,00:30,35
21.02.2023,00:45,35
21.02.2023,01:00,35
21.02.2023,01:15,35
21.02.2023,01:30,35
21.02.2023,01:45,35
21.02.2023,02:00,35
21.02.2023,02:15,35
21.02.2023,02:30,35
21.02.2023,02:45,35
21.02.2023,03:00,35
21.02.2023,03:15,35
21.02.2023,03:30,35
21.02.2023,03:45,35
21.02.2023,04:00,35
21.02.2023,04:15,35
21.02.2023,04:30,35
21.02.2023,04:45,35
21.02.2023,05:00,35
21.02.2023,05:15,35
21.02.2023,05:30,35
21.02.2023,05:45,35
21.02.2023,06:00,35
21.02.2023,06:15,35
21.02.2023,06:30,35
21.02.2023,06:45,35
21.02.2023,07:00,35
21.02.2023,07:15,35
21.02.2023,07:30,35
21.02.2023,07:45,35
21.02.2023,08:00,35
21.02.2023,08:15,35
21.02.2023,08:30,35
21.02.2023,08:45,35
21.02.2023,09:00,35
21.02.2023,09:15,35
21.02.2023,09:30,35
21.02.2023,09:45,35
21.02.2023,10:00,35
21.02.2023,10:15,35
21.02.2023,10:30,35
21.02.2023,10:45,35
21.02.2023,11:00,35
21.02.2023,11:15,35
21.02.2023,11:30,35
21.02.2023,11:45,35
21.02.2023,12:00,35
21.02.2023,12:15,35
21.02.2023,12:30,35
21.02.2023,12:45,35
21.02.2023,13:00,35
21.02.2023,13:15,35
21.02.2023,13:30,35
21.02.2023,13:45,35
21.02.2023,14:00,35
21.02.2023,14:15,35
21.02.2023,14:30,35
21.02.2023,14:45,35
21.02.2023,15:00,35
21.02.2023,15:15,35
21.02.2023,15:30,35
21.02.2023,15:45,35
21.02.2023,16:00,35
21.02.2023,16:15,35
21.02.2023,16:30,35
21.02.2023,16:45,35
21.02.2023,17:00,35
21.02.2023,17:15,35
21.02.2023,17:30,35
21.02.2023,17:45,35
21.02.2023,18:00,35
21.02.2023,18:15,35
21.02.2023,18:30,35
21.02.2023,18:45,34
21.02.2023,19:00,35
21.02.2023,19:15,34
21.02.2023,19:30,34
21.02.2023,19:45,35
21.02.2023,20:00,34
21.02.2023,20:15,34
21.02.2023,20:30,34
21.02.2023,20:45,34
21.02.2023,21:00,34
21.02.2023,21:15,34
21.02.2023,21:30,34
21.02.2023,21:45,34
21.02.2023,22:00,34
21.02.2023,22:15,34
21.02.2023,22:30,34
21.02.2023,22:45,34
21.02.2023,23:00,34
21.02.2023,23:15,34
21.02.2023,23:30,34
21.02.2023,23:45,34
22.02.2023,00:00,34
22.02.2023,00:15,34
22.02.2023,00:30,34
22.02.2023,00:45,34
22.02.2023,01:00,34
22.02.2023,01:15,34
22.02.2023,01:30,34
22.02.2023,01:45,34
22.02.2023,02:00,34
22.02.2023,02:15,34
22.02.2023,02:30,34
22.02.2023,02:45,34
22.02.2023,03:00,34
22.02.2023,03:15,34
22.02.2023,03:30,34
22.02.2023,03:45,34
22.02.2023,04:00,34
22.02.2023,04:15,34
22.02.2023,04:30,34
22.02.2023,04:45,34
22.02.2023,05:00,34
22.02.2023,05:15,34
22.02.2023,05:30,34
22.02.2023,05:45,34
22.02.2023,06:00,34
22.02.2023,06:15,34
22.02.2023,06:30,34
22.02.2023,06:45,34
22.02.2023,07:00,34
22.02.2023,07:15,34
22.02.2023,07:30,34
22.02.2023,07:45,34
22.02.2023,08:00,34
22.02.2023,08:15,34
22.02.2023,08:30,34
22.02.2023,08:45,34
22.02.2023,09:00,34
22.02.2023,09:15,34
22.02.2023,09:30,34
22.02.2023,09:45,34
22.02.2023,10:00,34
22.02.2023,10:15,34
22.02.2023,10:30,34
22.02.2023,10:45,34
22.02.2023,11:00,34
22.02.2023,11:15,34
22.02.2023,11:30,34
22.02.2023,11:45,34
22.02.2023,12:00,34
22.02.2023,12:15,34
22.02.2023,12:30,34
22.02.2023,12:45,34
22.02.2023,13:00,34
22.02.2023,13:15,34
22.02.2023,13:30,34
22.02.2023,13:45,34
22.02.2023,14:00,34
22.02.2023,14:15,34
22.02.2023,14:30,34
22.02.2023,14:45,34
22.02.2023,15:00,34
22.02.2023,15:15,34
22.02.2023,15:30,34
22.02.2023,15:45,34
22.02.2023,16:00,34
22.02.2023,16:15,34
22.02.2023,16:30,34
22.02.2023,16:45,34
22.02.2023,17:00,34
22.02.2023,17:15,34
22.02.2023,17:30,34
22.02.2023,17:45,34
22.02.2023,18:00,34
22.02.2023,18:15,33
22.02.2023,18:30,34
22.02.2023,18:45,34
22.02.2023,19:00,33
22.02.2023,19:15,33
22.02.2023,19:30,33
22.02.2023,19:45,33
22.02.2023,20:00,33
22.02.2023,20:15,33
22.02.2023,20:30,33
22.02.2023,20:45,33
22.02.2023,21:00,33
22.02.2023,21:15,33
22.02.2023,21:30,33
22.02.2023,21:45,33
22.02.2023,22:00,33
22.02.2023,22:15,33
22.02.2023,22:30,33
22.02.2023,22:45,33
22.02.2023,23:00,33
22.02.2023,23:15,33
22.02.2023,23:30,33
22.02.2023,23:45,33
23.02.2023,00:00,33
23.02.2023,00:15,33
23.02.2023,00:30,33
23.02.2023,00:45,33
23.02.2023,01:00,33
23.02.2023,01:15,33
23.02.2023,01:30,33
23.02.2023,01:45,33
23.02.2023,02:00,33
23.02.2023,02:15,33
23.02.2023,02:30,33
23.02.2023,02:45,33
23.02.2023,03:00,33
23.02.2023,03:15,33
23.02.2023,03:30,33
23.02.2023,03:45,33
23.02.2023,04:00,33
23.02.2023,04:15,33
23.02.2023,04:30,33
23.02.2023,04:45,33
23.02.2023,05:00,33
23.02.2023,05:15,33
23.02.2023,05:30,33
23.02.2023,05:45,33
23.02.2023,06:00,33
23.02.2023,06:15,33
23.02.2023,06:30,33
23.02.2023,06:45,33
23.02.2023,07:00,33
23.02.2023,07:15,33
23.02.2023,07:30,33
23.02.2023,07:45,33
23.02.2023,08:00,33
23.02.2023,08:15,33
23.02.2023,08:30,33
23.02.2023,08:45,33
23.02.2023,09:00,33
23.02.2023,09:15,33
23.02.2023,09:30,33
23.02.2023,09:45,33
23.02.2023,10:00,33
23.02.2023,10:15,33
23.02.2023,10:30,33
23.02.2023,10:45,33
23.02.2023,11:00,33
23.02.2023,11:15,33
23.02.2023,11:30,33
23.02.2023,11:45,33
23.02.2023,12:00,33
23.02.2023,12:15,33
23.02.2023,12:30,33
23.02.2023,12:45,33
23.02.2023,13:00,33
23.02.2023,13:15,33
23.02.2023,13:30,33
23.02.2023,13:45,33
23.02.2023,14:00,33
23.02.2023,14:15,33
23.02.2023,14:30,33
23.02.2023,14:45,33
23.02.2023,15:00,33
23.02.2023,15:15,33
23.02.2023,15:30,33
23.02.2023,15:45,33
23.02.2023,16:00,33
23.02.2023,16:15,33
23.02.2023,16:30,33
23.02.2023,16:45,33
23.02.2023,17:00,33
23.02.2023,17:15,33
23.02.2023,17:30,33
23.02.2023,17:45,33
23.02.2023,18:00,33
23.02.2023,18:15,33
23.02.2023,18:30,33
23.02.2023,18:45,33
23.02.2023,19:00,33
23.02.2023,19:15,33
23.02.2023,19:30,33
23.02.2023,19:45,33
23.02.2023,20:00,33
23.02.2023,20:15,33
23.02.2023,20:30,33
23.02.2023,20:45,33
23.02.2023,21:00,33
23.02.2023,21:15,33
23.02.2023,21:30,33
23.02.2023,21:45,33
23.02.2023,22:00,33
23.02.2023,22:15,33
23.02.2023,22:30,33
23.02.2023,22:45,33
23.02.2023,23:00,33
23.02.2023,23:15,33
23.02.2023,23:30,33
23.02.2023,23:45,33
24.02.2023,00:00,33
24.02.2023,00:15,33
24.02.2023,00:30,33
24.02.2023,00:45,33
24.02.2023,01:00,33
24.02.2023,01:15,33
24.02.2023,01:30,33
24.02.2023,01:45,32
24.02.2023,02:00,33
24.02.2023,02:15,32
24.02.2023,02:30,32
24.02.2023,02:45,32
24.02.2023,03:00,32
24.02.2023,03:15,32
24.02.2023,03:30,32
24.02.2023,03:45,32
24.02.2023,04:00,32
24.02.2023,04:15,32
24.02.2023,04:30,32
24.02.2023,04:45,32
24.02.2023,05:00,32
24.02.2023,05:15,32
24.02.2023,05:30,32
24.02.2023,05:45,32
24.02.2023,06:00,32
24.02.2023,06:15,32
24.02.2023,06:30,32
24.02.2023,06:45,32
24.02.2023,07:00,32
24.02.2023,07:15,32
24.02.2023,07:30,32
24.02.2023,07:45,32
24.02.2023,08:00,32
24.02.2023,08:15,32
24.02.2023,08:30,32
24.02.2023,08:45,32
24.02.2023,09:00,32
24.02.2023,09:15,32
24.02.2023,09:30,32
24.02.2023,09:45,32
24.02.2023,10:00,32
24.02.2023,10:15,32
24.02.2023,10:30,32
24.02.2023,10:45,32
24.02.2023,11:00,32
24.02.2023,11:15,32
24.02.2023,11:30,32
24.02.2023,11:45,32
24.02.2023,12:00,32
24.02.2023,12:15,32
24.02.2023,12:30,32
24.02.2023,12:45,32
24.02.2023,13:00,32
24.02.2023,13:15,32
24.02.2023,13:30,32
24.02.2023,13:45,32
24.02.2023,14:00,32
24.02.2023,14:15,32
24.02.2023,14:30,32
24.02.2023,14:45,32
24.02.2023,15:00,32
24.02.2023,15:15,32
24.02.2023,15:30,32
24.02.2023,15:45,32
24.02.2023,16:00,32
24.02.2023,16:15,32
24.02.2023,16:30,32
24.02.2023,16:45,32
24.02.2023,17:00,32
24.02.2023,17:15,32
24.02.2023,17:30,32
24.02.2023,17:45,32
24.02.2023,18:00,32
24.02.2023,18:15,32
24.02.2023,18:30,32
24.02.2023,18:45,32
24.02.2023,19:00,32
24.02.2023,19:15,32
24.02.2023,19:30,32
24.02.2023,19:45,32
24.02.2023,20:00,32
24.02.2023,20:15,32
24.02.2023,20:30,32
24.02.2023,20:45,32
24.02.2023,21:00,32
24.02.2023,21:15,32
24.02.2023,21:30,32
24.02.2023,21:45,32
24.02.2023,22:00,32
24.02.2023,22:15,32
24.02.2023,22:30,32
24.02.2023,22:45,32
24.02.2023,23:00,32
24.02.2023,23:15,32
24.02.2023,23:30,32
24.02.2023,23:45,32
25.02.2023,00:00,32
25.02.2023,00:15,32
25.02.2023,00:30,32
25.02.2023,00:45,32
25.02.2023,01:00,32
25.02.2023,01:15,32
25.02.2023,01:30,32
25.02.2023,01:45,32
25.02.2023,02:00,32
25.02.2023,02:15,32
25.02.2023,02:30,32
25.02.2023,02:45,32
25.02.2023,03:00,32
25.02.2023,03:15,32
25.02.2023,03:30,32
25.02.2023,03:45,32
25.02.2023,04:00,32
25.02.2023,04:15,32
25.02.2023,04:30,32
25.02.2023,04:45,32
25.02.2023,05:00,32
25.02.2023,05:15,32
25.02.2023,05:30,32
25.02.2023,05:45,32
25.02.2023,06:00,32
25.02.2023,06:15,32
25.02.2023,06:30,32
25.02.2023,06:45,32
25.02.2023,07:00,32
25.02.2023,07:15,32
25.02.2023,07:30,32
25.02.2023,07:45,32
25.02.2023,08:00,32
25.02.2023,08:15,32
25.02.2023,08:30,32
25.02.2023,08:45,32
25.02.2023,09:00,32
25.02.2023,09:15,32
25.02.2023,09:30,32
25.02.2023,09:45,32
25.02.2023,10:00,32
25.02.2023,10:15,32
25.02.2023,10:30,32
25.02.2023,10:45,32
25.02.2023,11:00,32
25.02.2023,11:15,32
25.02.2023,11:30,32
25.02.2023,11:45,32
25.02.2023,12:00,32
25.02.2023,12:15,32
25.02.2023,12:30,32
25.02.2023,12:45,32
25.02.2023,13:00,32
25.02.2023,13:15,32
25.02.2023,13:30,32
25.02.2023,13:45,32
25.02.2023,14:00,32
25.02.2023,14:15,32
25.02.2023,14:30,32
25.02.2023,14:45,32
25.02.2023,15:00,32
25.02.2023,15:15,32
25.02.2023,15:30,32
25.02.2023,15:45,32
25.02.2023,16:00,32
25.02.2023,16:15,32
25.02.2023,16:30,32
25.02.2023,16:45,32
25.02.2023,17:00,32
25.02.2023,17:15,32
25.02.2023,17:30,32
25.02.2023,17:45,32
25.02.2023,18:00,32
25.02.2023,18:15,32
25.02.2023,18:30,32
25.02.2023,18:45,32
25.02.2023,19:00,32
25.02.2023,19:15,32
25.02.2023,19:30,32
25.02.2023,19:45,32
25.02.2023,20:00,32
25.02.2023,20:15,32
25.02.2023,20:30,32
25.02.2023,20:45,32
25.02.2023,21:00,32
25.02.2023,21:15,32
25.02.2023,21:30,32
25.02.2023,21:45,32
25.02.2023,22:00,32
25.02.2023,22:15,32
25.02.2023,22:30,32
25.02.2023,22:45,32
25.02.2023,23:00,32
25.02.2023,23:15,32
25.02.2023,23:30,32
25.02.2023,23:45,32
26.02.2023,00:00,32
26.02.2023,00:15,32
26.02.2023,00:30,32
26.02.2023,00:45,32
26.02.2023,01:00,32
26.02.2023,01:15,32
26.02.2023,01:30,32
26.02.2023,01:45,31
26.02.2023,02:00,31
26.02.2023,02:15,31
26.02.2023,02:30,31
26.02.2023,02:45,31
26.02.2023,03:00,31
26.02.2023,03:15,31
26.02.2023,03:30,31
26.02.2023,03:45,31
26.02.2023,04:00,31
26.02.2023,04:15,31
26.02.2023,04:30,31
26.02.2023,04:45,31
26.02.2023,05:00,31
26.02.2023,05:15,31
26.02.2023,05:30,31
26.02.2023,05:45,31
26.02.2023,06:00,31
26.02.2023,06:15,31
26.02.2023,06:30,31
26.02.2023,06:45,31
26.02.2023,07:00,31
26.02.2023,07:15,31
26.02.2023,07:30,31
26.02.2023,07:45,31
26.02.2023,08:00,31
26.02.2023,08:15,31
26.02.2023,08:30,31
26.02.2023,08:45,31
26.02.2023,09:00,31
26.02.2023,09:15,31
26.02.2023,09:30,31
26.02.2023,09:45,31
26.02.2023,10:00,31
26.02.2023,10:15,31
26.02.2023,10:30,31
26.02.2023,10:45,31
26.02.2023,11:00,31
26.02.2023,11:15,31
26.02.2023,11:30,31
26.02.2023,11:45,31
26.02.2023,12:00,31
26.02.2023,12:15,31
26.02.2023,12:30,31
26.02.2023,12:45,31
26.02.2023,13:00,31
26.02.2023,13:15,31
26.02.2023,13:30,31
26.02.2023,13:45,31
26.02.2023,14:00,31
26.02.2023,14:15,31
26.02.2023,14:30,31
26.02.2023,14:45,31
26.02.2023,15:00,31
26.02.2023,15:15,31
26.02.2023,15:30,31
26.02.2023,15:45,31
26.02.2023,16:00,31
26.02.2023,16:15,31
26.02.2023,16:30,31
26.02.2023,16:45,31
26.02.2023,17:00,31
26.02.2023,17:15,31
26.02.2023,17:30,31
26.02.2023,17:45,31
26.02.2023,18:00,31
26.02.2023,18:15,31
26.02.2023,18:30,31
26.02.2023,18:45,31
26.02.2023,19:00,31
26.02.2023,19:15,31
26.02.2023,19:30,31
26.02.2023,19:45,31
26.02.2023,20:00,31
26.02.2023,20:15,31
26.02.2023,20:30,31
26.02.2023,20:45,31
26.02.2023,21:00,31
26.02.2023,21:15,30
26.02.2023,21:30,31
26.02.2023,21:45,31
26.02.2023,22:00,30
26.02.2023,22:15,30
26.02.2023,22:30,30
26.02.2023,22:45,30
26.02.2023,23:00,30
26.02.2023,23:15,30
26.02.2023,23:30,30
26.02.2023,23:45,30
27.02.2023,00:00,30
27.02.2023,00:15,30
27.02.2023,00:30,30
27.02.2023,00:45,30
27.02.2023,01:00,30
27.02.2023,01:15,30
27.02.2023,01:30,30
27.02.2023,01:45,30
27.02.2023,02:00,30
27.02.2023,02:15,30
27.02.2023,02:30,30
27.02.2023,02:45,30
27.02.2023,03:00,30
27.02.2023,03:15,30
27.02.2023,03:30,30
27.02.2023,03:45,30
27.02.2023,04:00,30
27.02.2023,04:15,30
27.02.2023,04:30,30
27.02.2023,04:45,30
27.02.2023,05:00,30
27.02.2023,05:15,30
27.02.2023,05:30,30
27.02.2023,05:45,30
27.02.2023,06:00,30
27.02.2023,06:15,30
27.02.2023,06:30,30
27.02.2023,06:45,30
27.02.2023,07:00,30
27.02.2023,07:15,30
27.02.2023,07:30,30
27.02.2023,07:45,30
27.02.2023,08:00,30
27.02.2023,08:15,30
27.02.2023,08:30,30
27.02.2023,08:45,30
27.02.2023,09:00,30
27.02.2023,09:15,30
27.02.2023,09:30,30
27.02.2023,09:45,30
27.02.2023,10:00,30
27.02.2023,10:15,30
27.02.2023,10:30,30
27.02.2023,10:45,30
27.02.2023,11:00,30
27.02.2023,11:15,30
27.02.2023,11:30,30
27.02.2023,11:45,30
27.02.2023,12:00,30
27.02.2023,12:15,30
27.02.2023,12:30,30
27.02.2023,12:45,30
27.02.2023,13:00,30
27.02.2023,13:15,30
27.02.2023,13:30,30
27.02.2023,13:45,30
27.02.2023,14:00,30
27.02.2023,14:15,30
27.02.2023,14:30,30
27.02.2023,14:45,30
27.02.2023,15:00,30
27.02.2023,15:15,30
27.02.2023,15:30,30
27.02.2023,15:45,30
27.02.2023,16:00,30
27.02.2023,16:15,30
27.02.2023,16:30,30
27.02.2023,16:45,30
27.02.2023,17:00,30
27.02.2023,17:15,30
27.02.2023,17:30,30
27.02.2023,17:45,30
27.02.2023,18:00,30
27.02.2023,18:15,30
27.02.2023,18:30,30
27.02.2023,18:45,30
27.02.2023,19:00,30
27.02.2023,19:15,30
27.02.2023,19:30,30
27.02.2023,19:45,30
27.02.2023,20:00,30
27.02.2023,20:15,30
27.02.2023,20:30,30
27.02.2023,20:45,30
27.02.2023,21:00,30
27.02.2023,21:15,30
27.02.2023,21:30,30
27.02.2023,21:45,30
27.02.2023,22:00,30
27.02.2023,22:15,30
27.02.2023,22:30,30
27.02.2023,22:45,30
27.02.2023,23:00,30
27.02.2023,23:15,30
27.02.2023,23:30,30
27.02.2023,23:45,30
28.02.2023,00:00,30
28.02.2023,00:15,30
28.02.2023,00:30,30
28.02.2023,00:45,30
28.02.2023,01:00,30
28.02.2023,01:15,30
28.02.2023,01:30,30
28.02.2023,01:45,30
28.02.2023,02:00,30
28.02.2023,02:15,30
28.02.2023,02:30,30
28.02.2023,02:45,30
28.02.2023,03:00,30
28.02.2023,03:15,30
28.02.2023,03:30,30
28.02.2023,03:45,30
28.02.2023,04:00,30
28.02.2023,04:15,30
28.02.2023,04:30,30
28.02.2023,04:45,30
28.02.2023,05:00,30
28.02.2023,05:15,30
28.02.2023,05:30,30
28.02.2023,05:45,30
28.02.2023,06:00,30
28.02.2023,06:15,30
28.02.2023,06:30,30
28.02.2023,06:45,30
28.02.2023,07:00,30
28.02.2023,07:15,30
28.02.2023,07:30,30
28.02.2023,07:45,30
28.02.2023,08:00,30
28.02.2023,08:15,30
28.02.2023,08:30,30
28.02.2023,08:45,29
28.02.2023,09:00,29
28.02.2023,09:15,29
28.02.2023,09:30,29
28.02.2023,09:45,29
28.02.2023,10:00,29
28.02.2023,10:15,29
28.02.2023,10:30,29
28.02.2023,10:45,29
28.02.2023,11:00,29
28.02.2023,11:15,29
28.02.2023,11:30,29
28.02.2023,11:45,29
28.02.2023,12:00,29
28.02.2023,12:15,29
28.02.2023,12:30,29
28.02.2023,12:45,29
28.02.2023,13:00,29
28.02.2023,13:15,29
28.02.2023,13:30,29
28.02.2023,13:45,29
28.02.2023,14:00,29
28.02.2023,14:15,29
28.02.2023,14:30,29
28.02.2023,14:45,29
28.02.2023,15:00,29
28.02.2023,15:15,29
28.02.2023,15:30,29
28.02.2023,15:45,29
28.02.2023,16:00,29
28.02.2023,16:15,29
28.02.2023,16:30,29
28.02.2023,16:45,29
28.02.2023,17:00,29
28.02.2023,17:15,29
28.02.2023,17:30,29
28.02.2023,17:45,29
28.02.2023,18:00,29
28.02.2023,18:15,29
28.02.2023,18:30,29
28.02.2023,18:45,29
28.02.2023,19:00,29
28.02.2023,19:15,29
28.02.2023,19:30,29
28.02.2023,19:45,29
28.02.2023,20:00,29
28.02.2023,20:15,29
28.02.2023,20:30,29
28.02.2023,20:45,29
28.02.2023,21:00,29
28.02.2023,21:15,29
28.02.2023,21:30,29
28.02.2023,21:45,29
28.02.2023,22:00,29
28.02.2023,22:15,29
28.02.2023,22:30,29
28.02.2023,22:45,29
28.02.2023,23:00,29
28.02.2023,23:15,29
28.02.2023,23:30,29
28.02.2023,23:45,29
01.03.2023,00:00,29
01.03.2023,00:15,29
01.03.2023,00:30,29
01.03.2023,00:45,29
01.03.2023,01:00,29
01.03.2023,01:15,29
01.03.2023,01:30,29
01.03.2023,01:45,29
01.03.2023,02:00,29
01.03.2023,02:15,29
01.03.2023,02:30,29
01.03.2023,02:45,29
01.03.2023,03:00,29
01.03.2023,03:15,29
01.03.2023,03:30,29
01.03.2023,03:45,29
01.03.2023,04:00,29
01.03.2023,04:15,29
01.03.2023,04:30,29
01.03.2023,04:45,29
01.03.2023,05:00,29
01.03.2023,05:15,29
01.03.2023,05:30,29
01.03.2023,05:45,29
01.03.2023,06:00,29
01.03.2023,06:15,29
01.03.2023,06:30,29
01.03.2023,06:45,29
01.03.2023,07:00,29
01.03.2023,07:15,29
01.03.2023,07:30,29
01.03.2023,07:45,29
01.03.2023,08:00,29
01.03.2023,08:15,29
01.03.2023,08:30,29
01.03.2023,08:45,29
01.03.2023,09:00,29
01.03.2023,09:15,29
01.03.2023,09:30,29
01.03.2023,09:45,29
01.03.2023,10:00,29
01.03.2023,10:15,29
01.03.2023,10:30,29
01.03.2023,10:45,29
01.03.2023,11:00,29
01.03.2023,11:15,29
01.03.2023,11:30,29
01.03.2023,11:45,29
01.03.2023,12:00,29
01.03.2023,12:15,29
01.03.2023,12:30,29
01.03.2023,12:45,29
01.03.2023,13:00,29
01.03.2023,13:15,29
01.03.2023,13:30,29
01.03.2023,13:45,29
01.03.2023,14:00,29
01.03.2023,14:15,29
01.03.2023,14:30,29
01.03.2023,14:45,29
01.03.2023,15:00,29
01.03.2023,15:15,29
01.03.2023,15:30,29
01.03.2023,15:45,29
01.03.2023,16:00,29
01.03.2023,16:15,29
01.03.2023,16:30,29
01.03.2023,16:45,29
01.03.2023,17:00,29
01.03.2023,17:15,29
01.03.2023,17:30,29
01.03.2023,17:45,29
01.03.2023,18:00,29
01.03.2023,18:15,29
01.03.2023,18:30,29
01.03.2023,18:45,29
01.03.2023,19:00,29
01.03.2023,19:15,29
01.03.2023,19:30,29
01.03.2023,19:45,29
01.03.2023,20:00,29
01.03.2023,20:15,29
01.03.2023,20:30,29
01.03.2023,20:45,29
01.03.2023,21:00,29
01.03.2023,21:15,29
01.03.2023,21:30,29
01.03.2023,21:45,29
01.03.2023,22:00,29
01.03.2023,22:15,29
01.03.2023,22:30,29
01.03.2023,22:45,29
01.03.2023,23:00,29
01.03.2023,23:15,29
01.03.2023,23:30,29
01.03.2023,23:45,29
02.03.2023,00:00,29
02.03.2023,00:15,29
02.03.2023,00:30,29
02.03.2023,00:45,29
02.03.2023,01:00,29
02.03.2023,01:15,29
02.03.2023,01:30,29
02.03.2023,01:45,29
02.03.2023,02:00,29
02.03.2023,02:15,29
02.03.2023,02:30,29
02.03.2023,02:45,29
02.03.2023,03:00,29
02.03.2023,03:15,29
02.03.2023,03:30,29
02.03.2023,03:45,29
02.03.2023,04:00,29
02.03.2023,04:15,29
02.03.2023,04:30,29
02.03.2023,04:45,29
02.03.2023,05:00,29
02.03.2023,05:15,29
02.03.2023,05:30,29
02.03.2023,05:45,29
02.03.2023,06:00,29
02.03.2023,06:15,29
02.03.2023,06:30,29
02.03.2023,06:45,29
02.03.2023,07:00,29
02.03.2023,07:15,29
02.03.2023,07:30,29
02.03.2023,07:45,29
02.03.2023,08:00,29
02.03.2023,08:15,29
02.03.2023,08:30,29
02.03.2023,08:45,29
02.03.2023,09:00,29
02.03.2023,09:15,29
02.03.2023,09:30,29
02.03.2023,09:45,29
02.03.2023,10:00,29
02.03.2023,10:15,29
02.03.2023,10:30,29
02.03.2023,10:45,29
02.03.2023,11:00,29
02.03.2023,11:15,29
02.03.2023,11:30,29
02.03.2023,11:45,28
02.03.2023,12:00,29
02.03.2023,12:15,29
02.03.2023,12:30,28
02.03.2023,12:45,28
02.03.2023,13:00,28
02.03.2023,13:15,29
02.03.2023,13:30,28
02.03.2023,13:45,28
02.03.2023,14:00,28
02.03.2023,14:15,28
02.03.2023,14:30,28
02.03.2023,14:45,28
02.03.2023,15:00,29
02.03.2023,15:15,28
02.03.2023,15:30,28
02.03.2023,15:45,28
02.03.2023,16:00,29
02.03.2023,16:15,29
02.03.2023,16:30,29
02.03.2023,16:45,29
02.03.2023,17:00,29
02.03.2023,17:15,29
02.03.2023,17:30,29
02.03.2023,17:45,29
02.03.2023,18:00,29
02.03.2023,18:15,29
02.03.2023,18:30,29
02.03.2023,18:45,29
02.03.2023,19:00,29
02.03.2023,19:15,29
02.03.2023,19:30,29
02.03.2023,19:45,29
02.03.2023,20:00,29
02.03.2023,20:15,29
02.03.2023,20:30,29
02.03.2023,20:45,29
02.03.2023,21:00,29
02.03.2023,21:15,29
02.03.2023,21:30,29
02.03.2023,21:45,29
02.03.2023,22:00,29
02.03.2023,22:15,29
02.03.2023,22:30,29
02.03.2023,22:45,29
02.03.2023,23:00,29
02.03.2023,23:15,29
02.03.2023,23:30,29
02.03.2023,23:45,29
03.03.2023,00:00,29
03.03.2023,00:15,29
03.03.2023,00:30,29
03.03.2023,00:45,29
03.03.2023,01:00,29
03.03.2023,01:15,29
03.03.2023,01:30,29
03.03.2023,01:45,29
03.03.2023,02:00,29
03.03.2023,02:15,29
03.03.2023,02:30,29
03.03.2023,02:45,29
03.03.2023,03:00,28
03.03.2023,03:15,28
03.03.2023,03:30,29
03.03.2023,03:45,29
03.03.2023,04:00,29
03.03.2023,04:15,28
03.03.2023,04:30,28
03.03.2023,04:45,28
03.03.2023,05:00,28
03.03.2023,05:15,28
03.03.2023,05:30,28
03.03.2023,05:45,28
03.03.2023,06:00,28
03.03.2023,06:15,28
03.03.2023,06:30,28
03.03.2023,06:45,28
03.03.2023,07:00,28
03.03.2023,07:15,28
03.03.2023,07:30,28
03.03.2023,07:45,28
03.03.2023,08:00,28
03.03.2023,08:15,28
03.03.2023,08:30,28
03.03.2023,08:45,28
03.03.2023,09:00,28
03.03.2023,09:15,28
03.03.2023,09:30,28
03.03.2023,09:45,28
03.03.2023,10:00,28
03.03.2023,10:15,28
03.03.2023,10:30,28
03.03.2023,10:45,28
03.03.2023,11:00,28
03.03.2023,11:15,28
03.03.2023,11:30,28
03.03.2023,11:45,28
03.03.2023,12:00,28
03.03.2023,12:15,28
03.03.2023,12:30,28
03.03.2023,12:45,28
03.03.2023,13:00,28
03.03.2023,13:15,28
03.03.2023,13:30,28
03.03.2023,13:45,28
03.03.2023,14:00,28
03.03.2023,14:15,28
03.03.2023,14:30,28
03.03.2023,14:45,28
03.03.2023,15:00,28
03.03.2023,15:15,28
03.03.2023,15:30,28
03.03.2023,15:45,28
03.03.2023,16:00,28
03.03.2023,16:15,28
03.03.2023,16:30,28
03.03.2023,16:45,28
03.03.2023,17:00,28
03.03.2023,17:15,28
03.03.2023,17:30,28
03.03.2023,17:45,28
03.03.2023,18:00,28
03.03.2023,18:15,28
03.03.2023,18:30,28
03.03.2023,18:45,28
03.03.2023,19:00,28
03.03.2023,19:15,28
03.03.2023,19:30,28
03.03.2023,19:45,28
03.03.2023,20:00,28
03.03.2023,20:15,28
03.03.2023,20:30,28
03.03.2023,20:45,28
03.03.2023,21:00,28
03.03.2023,21:15,28
03.03.2023,21:30,28
03.03.2023,21:45,28
03.03.2023,22:00,28
03.03.2023,22:15,28
03.03.2023,22:30,28
03.03.2023,22:45,28
03.03.2023,23:00,28
03.03.2023,23:15,28
03.03.2023,23:30,28
03.03.2023,23:45,28
04.03.2023,00:00,28
04.03.2023,00:15,28
04.03.2023,00:30,28
04.03.2023,00:45,28
04.03.2023,01:00,28
04.03.2023,01:15,28
04.03.2023,01:30,28
04.03.2023,01:45,28
04.03.2023,02:00,28
04.03.2023,02:15,28
04.03.2023,02:30,28
04.03.2023,02:45,28
04.03.2023,03:00,28
04.03.2023,03:15,28
04.03.2023,03:30,28
04.03.2023,03:45,28
04.03.2023,04:00,28
04.03.2023,04:15,28
04.03.2023,04:30,28
04.03.2023,04:45,28
04.03.2023,05:00,28
04.03.2023,05:15,28
04.03.2023,05:30,28
04.03.2023,05:45,28
04.03.2023,06:00,28
04.03.2023,06:15,28
04.03.2023,06:30,28
04.03.2023,06:45,28
04.03.2023,07:00,28
04.03.2023,07:15,28
04.03.2023,07:30,28
04.03.2023,07:45,28
04.03.2023,08:00,28
04.03.2023,08:15,28
04.03.2023,08:30,28
04.03.2023,08:45,28
04.03.2023,09:00,28
04.03.2023,09:15,28
04.03.2023,09:30,28
04.03.2023,09:45,28
04.03.2023,10:00,28
04.03.2023,10:15,28
04.03.2023,10:30,28
04.03.2023,10:45,28
04.03.2023,11:00,28
04.03.2023,11:15,28
04.03.2023,11:30,28
04.03.2023,11:45,28
04.03.2023,12:00,28
04.03.2023,12:15,28
04.03.2023,12:30,28
04.03.2023,12:45,28
04.03.2023,13:00,28
04.03.2023,13:15,28
04.03.2023,13:30,28
04.03.2023,13:45,28
04.03.2023,14:00,28
04.03.2023,14:15,28
04.03.2023,14:30,28
04.03.2023,14:45,28
04.03.2023,15:00,28
04.03.2023,15:15,28
04.03.2023,15:30,28
04.03.2023,15:45,28
04.03.2023,16:00,28
04.03.2023,16:15,28
04.03.2023,16:30,28
04.03.2023,16:45,28
04.03.2023,17:00,28
04.03.2023,17:15,28
04.03.2023,17:30,28
04.03.2023,17:45,28
04.03.2023,18:00,28
04.03.2023,18:15,28
04.03.2023,18:30,28
04.03.2023,18:45,28
04.03.2023,19:00,28
04.03.2023,19:15,28
04.03.2023,19:30,28
04.03.2023,19:45,28
04.03.2023,20:00,28
04.03.2023,20:15,28
04.03.2023,20:30,28
04.03.2023,20:45,28
04.03.2023,21:00,28
04.03.2023,21:15,28
04.03.2023,21:30,28
04.03.2023,21:45,28
04.03.2023,22:00,28
04.03.2023,22:15,28
04.03.2023,22:30,28
04.03.2023,22:45,28
04.03.2023,23:00,28
04.03.2023,23:15,28
04.03.2023,23:30,28
04.03.2023,23:45,28
05.03.2023,00:00,28
05.03.2023,00:15,28
05.03.2023,00:30,28
05.03.2023,00:45,28
05.03.2023,01:00,28
05.03.2023,01:15,28
05.03.2023,01:30,28
05.03.2023,01:45,28
05.03.2023,02:00,28
05.03.2023,02:15,28
05.03.2023,02:30,28
05.03.2023,02:45,28
05.03.2023,03:00,28
05.03.2023,03:15,28
05.03.2023,03:30,28
05.03.2023,03:45,28
05.03.2023,04:00,28
05.03.2023,04:15,28
05.03.2023,04:30,28
05.03.2023,04:45,28
05.03.2023,05:00,28
05.03.2023,05:15,28
05.03.2023,05:30,28
05.03.2023,05:45,28
05.03.2023,06:00,28
05.03.2023,06:15,28
05.03.2023,06:30,28
05.03.2023,06:45,28
05.03.2023,07:00,28
05.03.2023,07:15,28
05.03.2023,07:30,28
05.03.2023,07:45,28
05.03.2023,08:00,28
05.03.2023,08:15,28
05.03.2023,08:30,28
05.03.2023,08:45,28
05.03.2023,09:00,28
05.03.2023,09:15,28
05.03.2023,09:30,28
05.03.2023,09:45,28
05.03.2023,10:00,28
05.03.2023,10:15,28
05.03.2023,10:30,28
05.03.2023,10:45,28
05.03.2023,11:00,28
05.03.2023,11:15,28
05.03.2023,11:30,28
05.03.2023,11:45,28
05.03.2023,12:00,28
05.03.2023,12:15,28
05.03.2023,12:30,28
05.03.2023,12:45,28
05.03.2023,13:00,28
05.03.2023,13:15,28
05.03.2023,13:30,28
05.03.2023,13:45,28
05.03.2023,14:00,28
05.03.2023,14:15,28
05.03.2023,14:30,28
05.03.2023,14:45,28
05.03.2023,15:00,28
05.03.2023,15:15,28
05.03.2023,15:30,28
05.03.2023,15:45,28
05.03.2023,16:00,28
05.03.2023,16:15,28
05.03.2023,16:30,28
05.03.2023,16:45,28
05.03.2023,17:00,28
05.03.2023,17:15,28
05.03.2023,17:30,28
05.03.2023,17:45,28
05.03.2023,18:00,28
05.03.2023,18:15,28
05.03.2023,18:30,28
05.03.2023,18:45,28
05.03.2023,19:00,28
05.03.2023,19:15,28
05.03.2023,19:30,28
05.03.2023,19:45,28
05.03.2023,20:00,28
05.03.2023,20:15,28
05.03.2023,20:30,28
05.03.2023,20:45,28
05.03.2023,21:00,28
05.03.2023,21:15,28
05.03.2023,21:30,28
05.03.2023,21:45,28
05.03.2023,22:00,28
05.03.2023,22:15,28
05.03.2023,22:30,28
05.03.2023,22:45,28
05.03.2023,23:00,28
05.03.2023,23:15,28
05.03.2023,23:30,28
05.03.2023,23:45,28
06.03.2023,00:00,28
06.03.2023,00:15,28
06.03.2023,00:30,28
06.03.2023,00:45,28
06.03.2023,01:00,28
06.03.2023,01:15,28
06.03.2023,01:30,28
06.03.2023,01:45,28
06.03.2023,02:00,28
06.03.2023,02:15,28
06.03.2023,02:30,28
06.03.2023,02:45,28
06.03.2023,03:00,28
06.03.2023,03:15,28
06.03.2023,03:30,28
06.03.2023,03:45,28
06.03.2023,04:00,28
06.03.2023,04:15,28
06.03.2023,04:30,28
06.03.2023,04:45,28
06.03.2023,05:00,28
06.03.2023,05:15,28
06.03.2023,05:30,28
06.03.2023,05:45,28
06.03.2023,06:00,28
06.03.2023,06:15,28
06.03.2023,06:30,28
06.03.2023,06:45,28
06.03.2023,07:00,28
06.03.2023,07:15,28
06.03.2023,07:30,28
06.03.2023,07:45,28
06.03.2023,08:00,28
06.03.2023,08:15,28
06.03.2023,08:30,28
06.03.2023,08:45,28
06.03.2023,09:00,28
06.03.2023,09:15,28
06.03.2023,09:30,28
06.03.2023,09:45,28
06.03.2023,10:00,28
06.03.2023,10:15,28
06.03.2023,10:30,28
06.03.2023,10:45,28
06.03.2023,11:00,28
06.03.2023,11:15,28
06.03.2023,11:30,28
06.03.2023,11:45,28
06.03.2023,12:00,28
06.03.2023,12:15,28
06.03.2023,12:30,28
06.03.2023,12:45,28
06.03.2023,13:00,28
06.03.2023,13:15,28
06.03.2023,13:30,28
06.03.2023,13:45,28
06.03.2023,14:00,28
06.03.2023,14:15,28
06.03.2023,14:30,28
06.03.2023,14:45,28
06.03.2023,15:00,28
06.03.2023,15:15,28
06.03.2023,15:30,28
06.03.2023,15:45,28
06.03.2023,16:00,28
06.03.2023,16:15,28
06.03.2023,16:30,28
06.03.2023,16:45,28
06.03.2023,17:00,28
06.03.2023,17:15,28
06.03.2023,17:30,28
06.03.2023,17:45,28
06.03.2023,18:00,28
06.03.2023,18:15,28
06.03.2023,18:30,28
06.03.2023,18:45,28
06.03.2023,19:00,28
06.03.2023,19:15,28
06.03.2023,19:30,28
06.03.2023,19:45,28
06.03.2023,20:00,28
06.03.2023,20:15,28
06.03.2023,20:30,28
06.03.2023,20:45,28
06.03.2023,21:00,28
06.03.2023,21:15,28
06.03.2023,21:30,28
06.03.2023,21:45,28
06.03.2023,22:00,28
06.03.2023,22:15,28
06.03.2023,22:30,28
06.03.2023,22:45,28
06.03.2023,23:00,28
06.03.2023,23:15,28
06.03.2023,23:30,28
06.03.2023,23:45,28
07.03.2023,00:00,28
07.03.2023,00:15,28
07.03.2023,00:30,28
07.03.2023,00:45,28
07.03.2023,01:00,28
07.03.2023,01:15,28
07.03.2023,01:30,28
07.03.2023,01:45,28
07.03.2023,02:00,28
07.03.2023,02:15,28
07.03.2023,02:30,28
07.03.2023,02:45,28
07.03.2023,03:00,28
07.03.2023,03:15,28
07.03.2023,03:30,28
07.03.2023,03:45,28
07.03.2023,04:00,28
07.03.2023,04:15,28
07.03.2023,04:30,28
07.03.2023,04:45,28
07.03.2023,05:00,28
07.03.2023,05:15,28
07.03.2023,05:30,28
07.03.2023,05:45,28
07.03.2023,06:00,28
07.03.2023,06:15,28
07.03.2023,06:30,28
07.03.2023,06:45,28
07.03.2023,07:00,28
07.03.2023,07:15,28
07.03.2023,07:30,28
07.03.2023,07:45,28
07.03.2023,08:00,28
07.03.2023,08:15,28
07.03.2023,08:30,28
07.03.2023,08:45,28
07.03.2023,09:00,28
07.03.2023,09:15,28
07.03.2023,09:30,28
07.03.2023,09:45,28
07.03.2023,10:00,28
07.03.2023,10:15,28
07.03.2023,10:30,28
07.03.2023,10:45,28
07.03.2023,11:00,28
07.03.2023,11:15,28
07.03.2023,11:30,28
07.03.2023,11:45,28
07.03.2023,12:00,28
07.03.2023,12:15,28
07.03.2023,12:30,28
07.03.2023,12:45,28
07.03.2023,13:00,28
07.03.2023,13:15,28
07.03.2023,13:30,28
07.03.2023,13:45,28
07.03.2023,14:00,28
07.03.2023,14:15,28
07.03.2023,14:30,28
07.03.2023,14:45,28
07.03.2023,15:00,28
07.03.2023,15:15,28
07.03.2023,15:30,28
07.03.2023,15:45,28
07.03.2023,16:00,28
07.03.2023,16:15,28
07.03.2023,16:30,28
07.03.2023,16:45,28
07.03.2023,17:00,28
07.03.2023,17:15,28
07.03.2023,17:30,28
07.03.2023,17:45,28
07.03.2023,18:00,28
07.03.2023,18:15,28
07.03.2023,18:30,28
07.03.2023,18:45,28
07.03.2023,19:00,28
07.03.2023,19:15,28
07.03.2023,19:30,28
07.03.2023,19:45,28
07.03.2023,20:00,28
07.03.2023,20:15,28
07.03.2023,20:30,28
07.03.2023,20:45,28
07.03.2023,21:00,28
07.03.2023,21:15,28
07.03.2023,21:30,28
07.03.2023,21:45,28
07.03.2023,22:00,28
07.03.2023,22:15,28
07.03.2023,22:30,28
07.03.2023,22:45,28
07.03.2023,23:00,29
07.03.2023,23:15,29
07.03.2023,23:30,29
07.03.2023,23:45,29
08.03.2023,00:00,29
08.03.2023,00:15,29
08.03.2023,00:30,29
08.03.2023,00:45,29
08.03.2023,01:00,29
08.03.2023,01:15,29
08.03.2023,01:30,29
08.03.2023,01:45,29
08.03.2023,02:00,29
08.03.2023,02:15,29
08.03.2023,02:30,29
08.03.2023,02:45,29
08.03.2023,03:00,29
08.03.2023,03:15,29
08.03.2023,03:30,29
08.03.2023,03:45,29
08.03.2023,04:00,29
08.03.2023,04:15,29
08.03.2023,04:30,29
08.03.2023,04:45,29
08.03.2023,05:00,29
08.03.2023,05:15,29
08.03.2023,05:30,29
08.03.2023,05:45,29
08.03.2023,06:00,29
08.03.2023,06:15,29
08.03.2023,06:30,29
08.03.2023,06:45,29
08.03.2023,07:00,29
08.03.2023,07:15,29
08.03.2023,07:30,29
08.03.2023,07:45,29
08.03.2023,08:00,29
08.03.2023,08:15,29
08.03.2023,08:30,29
08.03.2023,08:45,29
08.03.2023,09:00,29
08.03.2023,09:15,29
08.03.2023,09:30,29
08.03.2023,09:45,29
08.03.2023,10:00,29
08.03.2023,10:15,29
08.03.2023,10:30,29
08.03.2023,10:45,29
08.03.2023,11:00,29
08.03.2023,11:15,29
08.03.2023,11:30,29
08.03.2023,11:45,29
08.03.2023,12:00,29
08.03.2023,12:15,29
08.03.2023,12:30,29
08.03.2023,12:45,29
08.03.2023,13:00,29
08.03.2023,13:15,29
08.03.2023,13:30,29
08.03.2023,13:45,29
08.03.2023,14:00,30
08.03.2023,14:15,30
08.03.2023,14:30,30
08.03.2023,14:45,30
08.03.2023,15:00,30
08.03.2023,15:15,30
08.03.2023,15:30,30
08.03.2023,15:45,30
08.03.2023,16:00,30
08.03.2023,16:15,30
08.03.2023,16:30,30
08.03.2023,16:45,31
08.03.2023,17:00,31
08.03.2023,17:15,31
08.03.2023,17:30,31
08.03.2023,17:45,31
08.03.2023,18:00,32
08.03.2023,18:15,32
08.03.2023,18:30,32
08.03.2023,18:45,32
08.03.2023,19:00,33
08.03.2023,19:15,33
08.03.2023,19:30,34
08.03.2023,19:45,35
08.03.2023,20:00,35
08.03.2023,20:15,36
08.03.2023,20:30,37
08.03.2023,20:45,37
08.03.2023,21:00,38
08.03.2023,21:15,39
08.03.2023,21:30,40
08.03.2023,21:45,40
08.03.2023,22:00,41
08.03.2023,22:15,41
08.03.2023,22:30,41
08.03.2023,22:45,42
08.03.2023,23:00,42
08.03.2023,23:15,42
08.03.2023,23:30,42
08.03.2023,23:45,42
09.03.2023,00:00,42
09.03.2023,00:15,42
09.03.2023,00:30,42
09.03.2023,00:45,43
09.03.2023,01:00,43
09.03.2023,01:15,43
09.03.2023,01:30,43
09.03.2023,01:45,44
09.03.2023,02:00,45
09.03.2023,02:15,45
09.03.2023,02:30,46
09.03.2023,02:45,47
09.03.2023,03:00,48
09.03.2023,03:15,48
09.03.2023,03:30,49
09.03.2023,03:45,51
09.03.2023,04:00,52
09.03.2023,04:15,53
09.03.2023,04:30,54
09.03.2023,04:45,55
09.03.2023,05:00,56
09.03.2023,05:15,58
09.03.2023,05:30,59
09.03.2023,05:45,60
09.03.2023,06:00,61
09.03.2023,06:15,62
09.03.2023,06:30,63
09.03.2023,06:45,64
09.03.2023,07:00,65
09.03.2023,07:15,65
09.03.2023,07:30,66
09.03.2023,07:45,66
09.03.2023,08:00,67
09.03.2023,08:15,67
09.03.2023,08:30,68
09.03.2023,08:45,69
09.03.2023,09:00,69
09.03.2023,09:15,70
09.03.2023,09:30,70
09.03.2023,09:45,71
09.03.2023,10:00,72
09.03.2023,10:15,73
09.03.2023,10:30,74
09.03.2023,10:45,74
09.03.2023,11:00,74
09.03.2023,11:15,75
09.03.2023,11:30,75
09.03.2023,11:45,75
09.03.2023,12:00,76
09.03.2023,12:15,76
09.03.2023,12:30,77
09.03.2023,12:45,77
09.03.2023,13:00,77
09.03.2023,13:15,77
09.03.2023,13:30,77
09.03.2023,13:45,78
09.03.2023,14:00,78
09.03.2023,14:15,78
09.03.2023,14:30,78
09.03.2023,14:45,78
09.03.2023,15:00,78
09.03.2023,15:15,78
09.03.2023,15:30,78
09.03.2023,15:45,78
09.03.2023,16:00,78
09.03.2023,16:15,78
09.03.2023,16:30,78
09.03.2023,16:45,78
09.03.2023,17:00,78
09.03.2023,17:15,78
09.03.2023,17:30,78
09.03.2023,17:45,77
09.03.2023,18:00,77
09.03.2023,18:15,77
09.03.2023,18:30,77
09.03.2023,18:45,77
09.03.2023,19:00,76
09.03.2023,19:15,76
09.03.2023,19:30,76
09.03.2023,19:45,76
09.03.2023,20:00,75
09.03.2023,20:15,75
09.03.2023,20:30,75
09.03.2023,20:45,75
09.03.2023,21:00,74
09.03.2023,21:15,74
09.03.2023,21:30,74
09.03.2023,21:45,74
09.03.2023,22:00,74
09.03.2023,22:15,73
09.03.2023,22:30,73
09.03.2023,22:45,73
09.03.2023,23:00,73
09.03.2023,23:15,72
09.03.2023,23:30,72
09.03.2023,23:45,72
10.03.2023,00:00,72
10.03.2023,00:15,72
10.03.2023,00:30,72
10.03.2023,00:45,72
10.03.2023,01:00,72
10.03.2023,01:15,73
10.03.2023,01:30,73
10.03.2023,01:45,73
10.03.2023,02:00,73
10.03.2023,02:15,74
10.03.2023,02:30,74
10.03.2023,02:45,74
10.03.2023,03:00,74
10.03.2023,03:15,75
10.03.2023,03:30,75
10.03.2023,03:45,75
10.03.2023,04:00,76
10.03.2023,04:15,76
10.03.2023,04:30,76
10.03.2023,04:45,76
10.03.2023,05:00,76
10.03.2023,05:15,76
10.03.2023,05:30,76
10.03.2023,05:45,76
10.03.2023,06:00,76
10.03.2023,06:15,76
10.03.2023,06:30,76
10.03.2023,06:45,76
10.03.2023,07:00,76
10.03.2023,07:15,76
10.03.2023,07:30,76
10.03.2023,07:45,75
10.03.2023,08:00,75
10.03.2023,08:15,75
10.03.2023,08:30,75
10.03.2023,08:45,75
10.03.2023,09:00,75
10.03.2023,09:15,74
10.03.2023,09:30,74
10.03.2023,09:45,74
10.03.2023,10:00,74
10.03.2023,10:15,74
10.03.2023,10:30,74
10.03.2023,10:45,73
10.03.2023,11:00,73
10.03.2023,11:15,73
10.03.2023,11:30,72
10.03.2023,11:45,72
10.03.2023,12:00,72
10.03.2023,12:15,72
10.03.2023,12:30,72
10.03.2023,12:45,71
10.03.2023,13:00,71
10.03.2023,13:15,71
10.03.2023,13:30,71
10.03.2023,13:45,71
10.03.2023,14:00,71
10.03.2023,14:15,72
10.03.2023,14:30,72
10.03.2023,14:45,72
10.03.2023,15:00,73
10.03.2023,15:15,73
10.03.2023,15:30,74
10.03.2023,15:45,75
10.03.2023,16:00,75
10.03.2023,16:15,76
10.03.2023,16:30,76
10.03.2023,16:45,77
10.03.2023,17:00,77
10.03.2023,17:15,77
10.03.2023,17:30,77
10.03.2023,17:45,77
10.03.2023,18:00,77
10.03.2023,18:15,77
10.03.2023,18:30,77
10.03.2023,18:45,77
10.03.2023,19:00,77
10.03.2023,19:15,77
10.03.2023,19:30,77
10.03.2023,19:45,77
10.03.2023,20:00,77
10.03.2023,20:15,76
10.03.2023,20:30,76
10.03.2023,20:45,76
10.03.2023,21:00,76
10.03.2023,21:15,75
10.03.2023,21:30,75
10.03.2023,21:45,75
10.03.2023,22:00,75
10.03.2023,22:15,74
10.03.2023,22:30,74
10.03.2023,22:45,74
10.03.2023,23:00,73
10.03.2023,23:15,73
10.03.2023,23:30,73
10.03.2023,23:45,73
11.03.2023,00:00,72
11.03.2023,00:15,72
11.03.2023,00:30,72
11.03.2023,00:45,71
11.03.2023,01:00,71
11.03.2023,01:15,71
11.03.2023,01:30,70
11.03.2023,01:45,70
11.03.2023,02:00,70
11.03.2023,02:15,69
11.03.2023,02:30,69
11.03.2023,02:45,69
11.03.2023,03:00,69
11.03.2023,03:15,68
11.03.2023,03:30,68
11.03.2023,03:45,68
11.03.2023,04:00,68
11.03.2023,04:15,67
11.03.2023,04:30,67
11.03.2023,04:45,67
11.03.2023,05:00,66
11.03.2023,05:15,66
11.03.2023,05:30,66
11.03.2023,05:45,66
11.03.2023,06:00,66
11.03.2023,06:15,66
11.03.2023,06:30,65
11.03.2023,06:45,65
11.03.2023,07:00,65
11.03.2023,07:15,65
11.03.2023,07:30,65
11.03.2023,07:45,65
11.03.2023,08:00,65
11.03.2023,08:15,65
11.03.2023,08:30,64
11.03.2023,08:45,64
11.03.2023,09:00,64
11.03.2023,09:15,64
11.03.2023,09:30,64
11.03.2023,09:45,64
11.03.2023,10:00,64
11.03.2023,10:15,64
11.03.2023,10:30,64
11.03.2023,10:45,63
11.03.2023,11:00,63
11.03.2023,11:15,63
11.03.2023,11:30,63
11.03.2023,11:45,63
11.03.2023,12:00,63
11.03.2023,12:15,62
11.03.2023,12:30,62
11.03.2023,12:45,62
11.03.2023,13:00,62
11.03.2023,13:15,62
11.03.2023,13:30,62
11.03.2023,13:45,61
11.03.2023,14:00,61
11.03.2023,14:15,61
11.03.2023,14:30,61
11.03.2023,14:45,60
11.03.2023,15:00,60
11.03.2023,15:15,60
11.03.2023,15:30,60
11.03.2023,15:45,60
11.03.2023,16:00,60
11.03.2023,16:15,60
11.03.2023,16:30,59
11.03.2023,16:45,59
11.03.2023,17:00,59
11.03.2023,17:15,59
11.03.2023,17:30,59
11.03.2023,17:45,59
11.03.2023,18:00,58
11.03.2023,18:15,58
11.03.2023,18:30,58
11.03.2023,18:45,58
11.03.2023,19:00,58
11.03.2023,19:15,58
11.03.2023,19:30,58
11.03.2023,19:45,57
11.03.2023,20:00,57
11.03.2023,20:15,57
11.03.2023,20:30,57
11.03.2023,20:45,57
11.03.2023,21:00,57
11.03.2023,21:15,57
11.03.2023,21:30,57
11.03.2023,21:45,56
11.03.2023,22:00,56
11.03.2023,22:15,56
11.03.2023,22:30,56
11.03.2023,22:45,56
11.03.2023,23:00,56
11.03.2023,23:15,56
11.03.2023,23:30,56
11.03.2023,23:45,55
12.03.2023,00:00,55
12.03.2023,00:15,55
12.03.2023,00:30,55
12.03.2023,00:45,55
12.03.2023,01:00,55
12.03.2023,01:15,55
12.03.2023,01:30,54
12.03.2023,01:45,54
12.03.2023,02:00,54
12.03.2023,02:15,54
12.03.2023,02:30,54
12.03.2023,02:45,54
12.03.2023,03:00,54
12.03.2023,03:15,54
12.03.2023,03:30,53
12.03.2023,03:45,53
12.03.2023,04:00,53
12.03.2023,04:15,53
12.03.2023,04:30,53
12.03.2023,04:45,53
12.03.2023,05:00,53
12.03.2023,05:15,53
12.03.2023,05:30,53
12.03.2023,05:45,53
12.03.2023,06:00,52
12.03.2023,06:15,52
12.03.2023,06:30,52
12.03.2023,06:45,52
12.03.2023,07:00,52
12.03.2023,07:15,52
12.03.2023,07:30,52
12.03.2023,07:45,52
12.03.2023,08:00,52
12.03.2023,08:15,52
12.03.2023,08:30,52
12.03.2023,08:45,52
12.03.2023,09:00,51
12.03.2023,09:15,51
12.03.2023,09:30,51
12.03.2023,09:45,51
12.03.2023,10:00,51
12.03.2023,10:15,51
12.03.2023,10:30,51
12.03.2023,10:45,51
12.03.2023,11:00,51
12.03.2023,11:15,51
12.03.2023,11:30,51
12.03.2023,11:45,50
12.03.2023,12:00,50
12.03.2023,12:15,50
12.03.2023,12:30,50
12.03.2023,12:45,50
12.03.2023,13:00,50
12.03.2023,13:15,50
12.03.2023,13:30,50
12.03.2023,13:45,50
12.03.2023,14:00,50
12.03.2023,14:15,50
12.03.2023,14:30,50
12.03.2023,14:45,50
12.03.2023,15:00,50
12.03.2023,15:15,50
12.03.2023,15:30,50
12.03.2023,15:45,50
12.03.2023,16:00,50
12.03.2023,16:15,50
12.03.2023,16:30,50
12.03.2023,16:45,50
12.03.2023,17:00,50
12.03.2023,17:15,50
12.03.2023,17:30,49
12.03.2023,17:45,49
12.03.2023,18:00,49
12.03.2023,18:15,49
12.03.2023,18:30,49
12.03.2023,18:45,49
12.03.2023,19:00,49
12.03.2023,19:15,49
12.03.2023,19:30,49
12.03.2023,19:45,49
12.03.2023,20:00,49
12.03.2023,20:15,49
12.03.2023,20:30,49
12.03.2023,20:45,49
12.03.2023,21:00,49
12.03.2023,21:15,48
12.03.2023,21:30,48
12.03.2023,21:45,48
12.03.2023,22:00,48
12.03.2023,22:15,48
12.03.2023,22:30,48
12.03.2023,22:45,48
12.03.2023,23:00,48
12.03.2023,23:15,48
12.03.2023,23:30,48
12.03.2023,23:45,48
13.03.2023,00:00,48
13.03.2023,00:15,48
13.03.2023,00:30,48
13.03.2023,00:45,48
13.03.2023,01:00,47
13.03.2023,01:15,48
13.03.2023,01:30,47
13.03.2023,01:45,47
13.03.2023,02:00,47
13.03.2023,02:15,47
13.03.2023,02:30,47
13.03.2023,02:45,47
13.03.2023,03:00,47
13.03.2023,03:15,47
13.03.2023,03:30,47
13.03.2023,03:45,47
13.03.2023,04:00,47
13.03.2023,04:15,47
13.03.2023,04:30,47
13.03.2023,04:45,47
13.03.2023,05:00,47
13.03.2023,05:15,47
13.03.2023,05:30,47
13.03.2023,05:45,47
13.03.2023,06:00,47
13.03.2023,06:15,47
13.03.2023,06:30,47
13.03.2023,06:45,47
13.03.2023,07:00,46
13.03.2023,07:15,47
13.03.2023,07:30,47
13.03.2023,07:45,46
13.03.2023,08:00,46
13.03.2023,08:15,46
13.03.2023,08:30,46
13.03.2023,08:45,46
13.03.2023,09:00,46
13.03.2023,09:15,46
13.03.2023,09:30,46
13.03.2023,09:45,46
13.03.2023,10:00,46
13.03.2023,10:15,46
13.03.2023,10:30,46
13.03.2023,10:45,46
13.03.2023,11:00,46
13.03.2023,11:15,46
13.03.2023,11:30,46
13.03.2023,11:45,46
13.03.2023,12:00,46
13.03.2023,12:15,46
13.03.2023,12:30,46
13.03.2023,12:45,46
13.03.2023,13:00,46
13.03.2023,13:15,46
13.03.2023,13:30,46
13.03.2023,13:45,46
13.03.2023,14:00,46
13.03.2023,14:15,46
13.03.2023,14:30,46
13.03.2023,14:45,46
13.03.2023,15:00,46
13.03.2023,15:15,46
13.03.2023,15:30,46
13.03.2023,15:45,46
13.03.2023,16:00,46
13.03.2023,16:15,46
13.03.2023,16:30,46
13.03.2023,16:45,46
13.03.2023,17:00,46
13.03.2023,17:15,46
13.03.2023,17:30,46
13.03.2023,17:45,46
13.03.2023,18:00,46
13.03.2023,18:15,46
13.03.2023,18:30,46
13.03.2023,18:45,46
13.03.2023,19:00,46
13.03.2023,19:15,46
13.03.2023,19:30,46
13.03.2023,19:45,46
13.03.2023,20:00,46
13.03.2023,20:15,46
13.03.2023,20:30,46
13.03.2023,20:45,46
13.03.2023,21:00,46
13.03.2023,21:15,46
13.03.2023,21:30,46
13.03.2023,21:45,46
13.03.2023,22:00,46
13.03.2023,22:15,46
13.03.2023,22:30,46
13.03.2023,22:45,46
13.03.2023,23:00,46
13.03.2023,23:15,46
13.03.2023,23:30,46
13.03.2023,23:45,45
14.03.2023,00:00,45
14.03.2023,00:15,45
14.03.2023,00:30,45
14.03.2023,00:45,45
14.03.2023,01:00,45
14.03.2023,01:15,45
14.03.2023,01:30,45
14.03.2023,01:45,45
14.03.2023,02:00,45
14.03.2023,02:15,45
14.03.2023,02:30,45
14.03.2023,02:45,45
14.03.2023,03:00,45
14.03.2023,03:15,45
14.03.2023,03:30,45
14.03.2023,03:45,45
14.03.2023,04:00,45
14.03.2023,04:15,45
14.03.2023,04:30,45
14.03.2023,04:45,45
14.03.2023,05:00,45
14.03.2023,05:15,45
14.03.2023,05:30,45
14.03.2023,05:45,45
14.03.2023,06:00,45
14.03.2023,06:15,45
14.03.2023,06:30,45
14.03.2023,06:45,45
14.03.2023,07:00,45
14.03.2023,07:15,45
14.03.2023,07:30,45
14.03.2023,07:45,45
14.03.2023,08:00,46
14.03.2023,08:15,46
14.03.2023,08:30,46
14.03.2023,08:45,46
14.03.2023,09:00,46
14.03.2023,09:15,46
14.03.2023,09:30,47
14.03.2023,09:45,47
14.03.2023,10:00,47
14.03.2023,10:15,47
14.03.2023,10:30,48
14.03.2023,10:45,48
14.03.2023,11:00,48
14.03.2023,11:15,48
14.03.2023,11:30,48
14.03.2023,11:45,48
14.03.2023,12:00,49
14.03.2023,12:15,49
14.03.2023,12:30,49
14.03.2023,12:45,49
14.03.2023,13:00,49
14.03.2023,13:15,49
14.03.2023,13:30,49
14.03.2023,13:45,49
14.03.2023,14:00,50
14.03.2023,14:15,50
14.03.2023,14:30,50
14.03.2023,14:45,50
14.03.2023,15:00,50
14.03.2023,15:15,50
14.03.2023,15:30,51
14.03.2023,15:45,51
14.03.2023,16:00,51
14.03.2023,16:15,51
14.03.2023,16:30,51
14.03.2023,16:45,51
14.03.2023,17:00,51
14.03.2023,17:15,51
14.03.2023,17:30,51
14.03.2023,17:45,52
14.03.2023,18:00,52
14.03.2023,18:15,52
14.03.2023,18:30,52
14.03.2023,18:45,52
14.03.2023,19:00,52
14.03.2023,19:15,52
14.03.2023,19:30,52
14.03.2023,19:45,53
14.03.2023,20:00,53
14.03.2023,20:15,53
14.03.2023,20:30,53
14.03.2023,20:45,53
14.03.2023,21:00,53
14.03.2023,21:15,53
14.03.2023,21:30,53
14.03.2023,21:45,52
14.03.2023,22:00,52
14.03.2023,22:15,52
14.03.2023,22:30,52
14.03.2023,22:45,52
14.03.2023,23:00,52
14.03.2023,23:15,52
14.03.2023,23:30,52
14.03.2023,23:45,52
15.03.2023,00:00,52
15.03.2023,00:15,52
15.03.2023,00:30,52
15.03.2023,00:45,51
15.03.2023,01:00,51
15.03.2023,01:15,51
15.03.2023,01:30,51
15.03.2023,01:45,51
15.03.2023,02:00,51
15.03.2023,02:15,51
15.03.2023,02:30,51
15.03.2023,02:45,51
15.03.2023,03:00,51
15.03.2023,03:15,50
15.03.2023,03:30,50
15.03.2023,03:45,50
15.03.2023,04:00,50
15.03.2023,04:15,50
15.03.2023,04:30,50
15.03.2023,04:45,50
15.03.2023,05:00,50
15.03.2023,05:15,50
15.03.2023,05:30,50
15.03.2023,05:45,50
15.03.2023,06:00,50
15.03.2023,06:15,50
15.03.2023,06:30,50
15.03.2023,06:45,50
15.03.2023,07:00,50
15.03.2023,07:15,50
15.03.2023,07:30,50
15.03.2023,07:45,49
15.03.2023,08:00,49
15.03.2023,08:15,49
15.03.2023,08:30,49
15.03.2023,08:45,49
15.03.2023,09:00,49
15.03.2023,09:15,49
15.03.2023,09:30,49
15.03.2023,09:45,49
15.03.2023,10:00,49
15.03.2023,10:15,49
15.03.2023,10:30,49
15.03.2023,10:45,49
15.03.2023,11:00,49
15.03.2023,11:15,49
15.03.2023,11:30,49
15.03.2023,11:45,49
15.03.2023,12:00,49
15.03.2023,12:15,49
15.03.2023,12:30,49
15.03.2023,12:45,49
15.03.2023,13:00,49
15.03.2023,13:15,49
15.03.2023,13:30,49
15.03.2023,13:45,49
15.03.2023,14:00,49
15.03.2023,14:15,49
15.03.2023,14:30,49
15.03.2023,14:45,49
15.03.2023,15:00,49
15.03.2023,15:15,49
15.03.2023,15:30,49
15.03.2023,15:45,49
15.03.2023,16:00,49
15.03.2023,16:15,49
15.03.2023,16:30,49
15.03.2023,16:45,49
15.03.2023,17:00,49
15.03.2023,17:15,49
15.03.2023,17:30,49
15.03.2023,17:45,49
15.03.2023,18:00,49
15.03.2023,18:15,49
15.03.2023,18:30,49
15.03.2023,18:45,49
15.03.2023,19:00,49
15.03.2023,19:15,48
15.03.2023,19:30,48
15.03.2023,19:45,48
15.03.2023,20:00,48
15.03.2023,20:15,48
15.03.2023,20:30,48
15.03.2023,20:45,48
15.03.2023,21:00,48
15.03.2023,21:15,48
15.03.2023,21:30,48
15.03.2023,21:45,48
15.03.2023,22:00,48
15.03.2023,22:15,48
15.03.2023,22:30,48
15.03.2023,22:45,48
15.03.2023,23:00,48
15.03.2023,23:15,48
15.03.2023,23:30,47
